sale_id,sale_date,store,region,product,category,supplier,quantity,unit_price,unit_cost,revenue,gross_margin,member_id,is_member
5001,2025-01-01,Seattle Flagship,Puget Sound,Avalanche Beacon,Snow,Nordvik Outdoor,1,399.00,178.00,399.00,221.00,1047,Y
5002,2025-01-01,Portland Pearl,Willamette,Snowshoe Kit,Snow,Kitsap Forge,3,152.15,76.00,456.45,228.45,,N
5003,2025-01-01,Portland Pearl,Willamette,Alpaca Base Layer,Apparel,Andes Alpaca Co-op,2,78.00,29.00,156.00,98.00,1001,Y
5004,2025-01-01,Eugene,Willamette,Alpaca Base Layer,Apparel,Andes Alpaca Co-op,2,78.00,29.00,156.00,98.00,1038,Y
5005,2025-01-01,Eugene,Willamette,Backcountry Boot,Footwear,Fraser Valley Rubber,1,219.00,88.00,219.00,131.00,1056,Y
5006,2025-01-01,Bellingham,North Cascades,Snowshoe Kit,Snow,Kitsap Forge,1,179.00,76.00,179.00,103.00,1005,Y
5007,2025-01-01,Seattle Flagship,Puget Sound,Ski Skins,Snow,Nordvik Outdoor,2,169.15,84.00,338.30,170.30,1033,Y
5008,2025-01-01,Tacoma,Puget Sound,Touring Ski Package,Snow,Nordvik Outdoor,1,949.00,412.00,949.00,537.00,1051,Y
5009,2025-01-01,Boise,Inland,Summit Shell Jacket,Apparel,Cascade Textiles,1,254.15,121.00,254.15,133.15,1045,Y
5010,2025-01-01,Tacoma,Puget Sound,Avalanche Beacon,Snow,Nordvik Outdoor,1,339.15,178.00,339.15,161.15,1002,Y
5011,2025-01-02,Seattle Flagship,Puget Sound,Ridgeline 2P Tent,Camping,Cascade Textiles,1,349.00,142.00,349.00,207.00,1001,Y
5012,2025-01-02,Seattle Flagship,Puget Sound,Summit Shell Jacket,Apparel,Cascade Textiles,1,299.00,121.00,299.00,178.00,1049,Y
5013,2025-01-02,Portland Pearl,Willamette,Alpaca Base Layer,Apparel,Andes Alpaca Co-op,2,78.00,29.00,156.00,98.00,1021,Y
5014,2025-01-02,Bellingham,North Cascades,Backcountry Boot,Footwear,Fraser Valley Rubber,1,219.00,88.00,219.00,131.00,,N
5015,2025-01-02,Tacoma,Puget Sound,Nimbus 0F Sleeping Bag,Camping,Olympic Down Works,1,339.00,138.00,339.00,201.00,1055,Y
5016,2025-01-03,Eugene,Willamette,Touring Ski Package,Snow,Nordvik Outdoor,1,806.65,412.00,806.65,394.65,1033,Y
5017,2025-01-03,Bellingham,North Cascades,Backcountry Boot,Footwear,Fraser Valley Rubber,1,219.00,88.00,219.00,131.00,,N
5018,2025-01-03,Portland Pearl,Willamette,Dynamic Rope 60m,Climbing,Nordvik Outdoor,1,239.00,98.00,239.00,141.00,1004,Y
5019,2025-01-03,Spokane,Inland,Insulated Camp Bootie,Footwear,Andes Alpaca Co-op,1,59.00,22.00,59.00,37.00,1056,Y
5020,2025-01-03,Tacoma,Puget Sound,Trailhead Sleeping Pad,Camping,Sanko Technical,1,84.15,41.00,84.15,43.15,,N
5021,2025-01-03,Eugene,Willamette,Avalanche Beacon,Snow,Nordvik Outdoor,1,399.00,178.00,399.00,221.00,1024,Y
5022,2025-01-03,Portland Pearl,Willamette,Chalk Bag,Climbing,Kitsap Forge,2,26.00,9.00,52.00,34.00,1056,Y
5023,2025-01-03,Tacoma,Puget Sound,Insulated Camp Bootie,Footwear,Andes Alpaca Co-op,2,59.00,22.00,118.00,74.00,,N
5024,2025-01-04,Seattle Flagship,Puget Sound,Sun Hoody,Apparel,Cascade Textiles,1,62.00,24.00,62.00,38.00,1011,Y
5025,2025-01-04,Portland Pearl,Willamette,Nimbus 0F Sleeping Bag,Camping,Olympic Down Works,1,339.00,138.00,339.00,201.00,1011,Y
5026,2025-01-04,Boise,Inland,Fleece Quarter-Zip,Apparel,Cascade Textiles,1,79.00,31.00,79.00,48.00,1012,Y
5027,2025-01-04,Boise,Inland,Paddle Carbon,Water,Sanko Technical,1,279.00,112.00,279.00,167.00,1026,Y
5028,2025-01-05,Bellevue,Puget Sound,Fleece Quarter-Zip,Apparel,Cascade Textiles,3,79.00,31.00,237.00,144.00,1036,Y
5029,2025-01-05,Seattle Flagship,Puget Sound,Nimbus 20F Sleeping Bag,Camping,Olympic Down Works,1,259.00,104.00,259.00,155.00,1014,Y
5030,2025-01-05,Seattle Flagship,Puget Sound,Summit Shell Jacket,Apparel,Cascade Textiles,1,299.00,121.00,299.00,178.00,1033,Y
5031,2025-01-05,Seattle Flagship,Puget Sound,Basecamp 65L Pack,Camping,Olympic Down Works,1,229.00,96.00,229.00,133.00,,N
5032,2025-01-05,Boise,Inland,Summit Shell Jacket,Apparel,Cascade Textiles,1,299.00,121.00,299.00,178.00,1043,Y
5033,2025-01-05,Seattle Flagship,Puget Sound,Touring Ski Package,Snow,Nordvik Outdoor,1,949.00,412.00,949.00,537.00,1055,Y
5034,2025-01-05,Boise,Inland,Belay Device,Climbing,Kitsap Forge,1,49.00,19.00,49.00,30.00,1047,Y
5035,2025-01-05,Tacoma,Puget Sound,Belay Device,Climbing,Kitsap Forge,2,49.00,19.00,98.00,60.00,1001,Y
5036,2025-01-06,Boise,Inland,Fleece Quarter-Zip,Apparel,Cascade Textiles,2,79.00,31.00,158.00,96.00,1008,Y
5037,2025-01-06,Seattle Flagship,Puget Sound,Down Sweater,Apparel,Olympic Down Works,1,185.00,74.00,185.00,111.00,1059,Y
5038,2025-01-06,Seattle Flagship,Puget Sound,Sun Hoody,Apparel,Cascade Textiles,3,62.00,24.00,186.00,114.00,1053,Y
5039,2025-01-06,Seattle Flagship,Puget Sound,Nimbus 20F Sleeping Bag,Camping,Olympic Down Works,1,259.00,104.00,259.00,155.00,1009,Y
5040,2025-01-06,Seattle Flagship,Puget Sound,Fleece Quarter-Zip,Apparel,Cascade Textiles,2,79.00,31.00,158.00,96.00,1026,Y
5041,2025-01-06,Tacoma,Puget Sound,Alpaca Base Layer,Apparel,Andes Alpaca Co-op,1,78.00,29.00,78.00,49.00,1037,Y
5042,2025-01-06,Bellevue,Puget Sound,Alpaca Base Layer,Apparel,Andes Alpaca Co-op,2,78.00,29.00,156.00,98.00,1020,Y
5043,2025-01-06,Bellingham,North Cascades,Vertex Climbing Harness,Climbing,Kitsap Forge,1,105.00,43.00,105.00,62.00,1003,Y
5044,2025-01-06,Portland Pearl,Willamette,Backcountry Boot,Footwear,Fraser Valley Rubber,1,186.15,88.00,186.15,98.15,1049,Y
5045,2025-01-06,Tacoma,Puget Sound,Insulated Camp Bootie,Footwear,Andes Alpaca Co-op,3,59.00,22.00,177.00,111.00,,N
5046,2025-01-07,Tacoma,Puget Sound,Belay Device,Climbing,Kitsap Forge,1,41.65,19.00,41.65,22.65,1044,Y
5047,2025-01-07,Eugene,Willamette,Backcountry Boot,Footwear,Fraser Valley Rubber,1,219.00,88.00,219.00,131.00,1042,Y
5048,2025-01-07,Boise,Inland,Headlamp 400,Camping,Sanko Technical,2,44.00,16.00,88.00,56.00,,N
5049,2025-01-07,Bellevue,Puget Sound,Avalanche Beacon,Snow,Nordvik Outdoor,1,399.00,178.00,399.00,221.00,1056,Y
5050,2025-01-07,Boise,Inland,Snowshoe Kit,Snow,Kitsap Forge,1,152.15,76.00,152.15,76.15,1056,Y
5051,2025-01-07,Boise,Inland,Backcountry Boot,Footwear,Fraser Valley Rubber,1,219.00,88.00,219.00,131.00,1043,Y
5052,2025-01-07,Eugene,Willamette,Inflatable Kayak,Water,Fraser Valley Rubber,1,699.00,289.00,699.00,410.00,1002,Y
5053,2025-01-07,Bellevue,Puget Sound,Ski Skins,Snow,Nordvik Outdoor,1,199.00,84.00,199.00,115.00,1022,Y
5054,2025-01-07,Portland Pearl,Willamette,Summit Shell Jacket,Apparel,Cascade Textiles,1,299.00,121.00,299.00,178.00,1032,Y
5055,2025-01-08,Bellingham,North Cascades,Alpaca Base Layer,Apparel,Andes Alpaca Co-op,1,78.00,29.00,78.00,49.00,1019,Y
5056,2025-01-08,Seattle Flagship,Puget Sound,Snowshoe Kit,Snow,Kitsap Forge,1,179.00,76.00,179.00,103.00,1024,Y
5057,2025-01-08,Bellingham,North Cascades,Merino Hiking Socks,Apparel,Andes Alpaca Co-op,3,24.00,8.50,72.00,46.50,,N
5058,2025-01-08,Portland Pearl,Willamette,Avalanche Beacon,Snow,Nordvik Outdoor,1,399.00,178.00,399.00,221.00,1018,Y
5059,2025-01-08,Seattle Flagship,Puget Sound,Belay Device,Climbing,Kitsap Forge,1,49.00,19.00,49.00,30.00,1008,Y
5060,2025-01-08,Seattle Flagship,Puget Sound,Merino Hiking Socks,Apparel,Andes Alpaca Co-op,2,24.00,8.50,48.00,31.00,1004,Y
5061,2025-01-08,Seattle Flagship,Puget Sound,Fleece Quarter-Zip,Apparel,Cascade Textiles,1,79.00,31.00,79.00,48.00,1052,Y
5062,2025-01-08,Bellevue,Puget Sound,Headlamp 400,Camping,Sanko Technical,1,44.00,16.00,44.00,28.00,1030,Y
5063,2025-01-08,Bellevue,Puget Sound,Summit Shell Jacket,Apparel,Cascade Textiles,1,299.00,121.00,299.00,178.00,1054,Y
5064,2025-01-08,Tacoma,Puget Sound,Approach Shoe,Footwear,Fraser Valley Rubber,3,129.00,52.00,387.00,231.00,1022,Y
5065,2025-01-09,Portland Pearl,Willamette,Alpaca Base Layer,Apparel,Andes Alpaca Co-op,2,78.00,29.00,156.00,98.00,,N
5066,2025-01-09,Bellevue,Puget Sound,Ski Skins,Snow,Nordvik Outdoor,2,199.00,84.00,398.00,230.00,1017,Y
5067,2025-01-09,Seattle Flagship,Puget Sound,Sun Hoody,Apparel,Cascade Textiles,3,62.00,24.00,186.00,114.00,1045,Y
5068,2025-01-09,Seattle Flagship,Puget Sound,Merino Hiking Socks,Apparel,Andes Alpaca Co-op,2,20.40,8.50,40.80,23.80,1026,Y
5069,2025-01-09,Portland Pearl,Willamette,Trail Convertible Pant,Apparel,Cascade Textiles,1,89.00,36.00,89.00,53.00,1055,Y
5070,2025-01-09,Seattle Flagship,Puget Sound,Insulated Camp Bootie,Footwear,Andes Alpaca Co-op,1,59.00,22.00,59.00,37.00,1039,Y
5071,2025-01-09,Portland Pearl,Willamette,Snowshoe Kit,Snow,Kitsap Forge,2,179.00,76.00,358.00,206.00,1029,Y
5072,2025-01-10,Bellingham,North Cascades,Dynamic Rope 60m,Climbing,Nordvik Outdoor,1,239.00,98.00,239.00,141.00,,N
5073,2025-01-10,Seattle Flagship,Puget Sound,Cascade Camp Stove,Camping,Kitsap Forge,1,84.00,34.00,84.00,50.00,1052,Y
5074,2025-01-10,Bellingham,North Cascades,Snowshoe Kit,Snow,Kitsap Forge,2,179.00,76.00,358.00,206.00,1007,Y
5075,2025-01-10,Bellevue,Puget Sound,Backcountry Boot,Footwear,Fraser Valley Rubber,1,219.00,88.00,219.00,131.00,1034,Y
5076,2025-01-10,Spokane,Inland,Nimbus 0F Sleeping Bag,Camping,Olympic Down Works,1,339.00,138.00,339.00,201.00,1008,Y
5077,2025-01-10,Spokane,Inland,Nimbus 0F Sleeping Bag,Camping,Olympic Down Works,1,339.00,138.00,339.00,201.00,1051,Y
5078,2025-01-10,Seattle Flagship,Puget Sound,Avalanche Beacon,Snow,Nordvik Outdoor,1,399.00,178.00,399.00,221.00,1058,Y
5079,2025-01-10,Bellingham,North Cascades,Dynamic Rope 60m,Climbing,Nordvik Outdoor,1,239.00,98.00,239.00,141.00,,N
5080,2025-01-11,Bellingham,North Cascades,Approach Shoe,Footwear,Fraser Valley Rubber,2,109.65,52.00,219.30,115.30,1040,Y
5081,2025-01-11,Boise,Inland,Touring Ski Package,Snow,Nordvik Outdoor,1,949.00,412.00,949.00,537.00,1011,Y
5082,2025-01-11,Bellevue,Puget Sound,Inflatable Kayak,Water,Fraser Valley Rubber,1,699.00,289.00,699.00,410.00,1021,Y
5083,2025-01-11,Bellingham,North Cascades,Titanium Cook Set,Camping,Sanko Technical,3,115.00,47.00,345.00,204.00,1032,Y
5084,2025-01-11,Tacoma,Puget Sound,Backcountry Boot,Footwear,Fraser Valley Rubber,1,219.00,88.00,219.00,131.00,1025,Y
5085,2025-01-11,Portland Pearl,Willamette,Touring Ski Package,Snow,Nordvik Outdoor,1,949.00,412.00,949.00,537.00,1060,Y
5086,2025-01-11,Seattle Flagship,Puget Sound,Vertex Climbing Harness,Climbing,Kitsap Forge,2,105.00,43.00,210.00,124.00,1009,Y
5087,2025-01-12,Seattle Flagship,Puget Sound,Summit Shell Jacket,Apparel,Cascade Textiles,1,299.00,121.00,299.00,178.00,1047,Y
5088,2025-01-12,Bellevue,Puget Sound,PFD Vest,Water,Kitsap Forge,1,95.00,38.00,95.00,57.00,1036,Y
5089,2025-01-12,Portland Pearl,Willamette,Quickdraw Set of 6,Climbing,Nordvik Outdoor,2,155.00,62.00,310.00,186.00,1040,Y
5090,2025-01-12,Eugene,Willamette,Summit Shell Jacket,Apparel,Cascade Textiles,1,299.00,121.00,299.00,178.00,1059,Y
5091,2025-01-12,Eugene,Willamette,Approach Shoe,Footwear,Fraser Valley Rubber,3,129.00,52.00,387.00,231.00,1048,Y
5092,2025-01-12,Bellingham,North Cascades,Headlamp 400,Camping,Sanko Technical,3,44.00,16.00,132.00,84.00,1004,Y
5093,2025-01-12,Spokane,Inland,Ski Skins,Snow,Nordvik Outdoor,1,199.00,84.00,199.00,115.00,1013,Y
5094,2025-01-12,Bellevue,Puget Sound,Down Sweater,Apparel,Olympic Down Works,1,185.00,74.00,185.00,111.00,1019,Y
5095,2025-01-12,Bellingham,North Cascades,Cascade Camp Stove,Camping,Kitsap Forge,1,84.00,34.00,84.00,50.00,1050,Y
5096,2025-01-12,Bellingham,North Cascades,Merino Hiking Socks,Apparel,Andes Alpaca Co-op,1,24.00,8.50,24.00,15.50,1052,Y
5097,2025-01-13,Bellingham,North Cascades,Chalk Bag,Climbing,Kitsap Forge,1,22.10,9.00,22.10,13.10,,N
5098,2025-01-13,Bellevue,Puget Sound,Vertex Climbing Harness,Climbing,Kitsap Forge,2,105.00,43.00,210.00,124.00,1058,Y
5099,2025-01-13,Eugene,Willamette,Chalk Bag,Climbing,Kitsap Forge,3,26.00,9.00,78.00,51.00,1007,Y
5100,2025-01-13,Portland Pearl,Willamette,Ski Skins,Snow,Nordvik Outdoor,1,169.15,84.00,169.15,85.15,1038,Y
5101,2025-01-13,Portland Pearl,Willamette,Summit Shell Jacket,Apparel,Cascade Textiles,1,299.00,121.00,299.00,178.00,1045,Y
5102,2025-01-13,Bellevue,Puget Sound,Insulated Camp Bootie,Footwear,Andes Alpaca Co-op,2,50.15,22.00,100.30,56.30,1018,Y
5103,2025-01-14,Bellingham,North Cascades,Touring Ski Package,Snow,Nordvik Outdoor,1,949.00,412.00,949.00,537.00,1049,Y
5104,2025-01-14,Portland Pearl,Willamette,Insulated Camp Bootie,Footwear,Andes Alpaca Co-op,2,59.00,22.00,118.00,74.00,1014,Y
5105,2025-01-14,Seattle Flagship,Puget Sound,Alpaca Base Layer,Apparel,Andes Alpaca Co-op,3,78.00,29.00,234.00,147.00,,N
5106,2025-01-14,Portland Pearl,Willamette,Touring Ski Package,Snow,Nordvik Outdoor,1,949.00,412.00,949.00,537.00,1045,Y
5107,2025-01-14,Seattle Flagship,Puget Sound,Fleece Quarter-Zip,Apparel,Cascade Textiles,1,67.15,31.00,67.15,36.15,,N
5108,2025-01-14,Bellingham,North Cascades,Fleece Quarter-Zip,Apparel,Cascade Textiles,3,79.00,31.00,237.00,144.00,,N
5109,2025-01-14,Bellevue,Puget Sound,Belay Device,Climbing,Kitsap Forge,1,41.65,19.00,41.65,22.65,,N
5110,2025-01-14,Bellingham,North Cascades,Inflatable Kayak,Water,Fraser Valley Rubber,1,699.00,289.00,699.00,410.00,,N
5111,2025-01-15,Tacoma,Puget Sound,Touring Ski Package,Snow,Nordvik Outdoor,1,949.00,412.00,949.00,537.00,1022,Y
5112,2025-01-15,Bellingham,North Cascades,Chalk Bag,Climbing,Kitsap Forge,2,26.00,9.00,52.00,34.00,,N
5113,2025-01-15,Seattle Flagship,Puget Sound,Ski Skins,Snow,Nordvik Outdoor,1,169.15,84.00,169.15,85.15,1033,Y
5114,2025-01-15,Seattle Flagship,Puget Sound,Quickdraw Set of 6,Climbing,Nordvik Outdoor,1,155.00,62.00,155.00,93.00,1027,Y
5115,2025-01-15,Tacoma,Puget Sound,Belay Device,Climbing,Kitsap Forge,2,49.00,19.00,98.00,60.00,1024,Y
5116,2025-01-15,Bellevue,Puget Sound,Headlamp 400,Camping,Sanko Technical,3,44.00,16.00,132.00,84.00,1009,Y
5117,2025-01-15,Seattle Flagship,Puget Sound,Summit Shell Jacket,Apparel,Cascade Textiles,1,299.00,121.00,299.00,178.00,1035,Y
5118,2025-01-15,Seattle Flagship,Puget Sound,Ski Skins,Snow,Nordvik Outdoor,1,199.00,84.00,199.00,115.00,1033,Y
5119,2025-01-15,Bellevue,Puget Sound,Basecamp 65L Pack,Camping,Olympic Down Works,1,229.00,96.00,229.00,133.00,1042,Y
5120,2025-01-16,Spokane,Inland,Down Sweater,Apparel,Olympic Down Works,2,185.00,74.00,370.00,222.00,1010,Y
5121,2025-01-16,Spokane,Inland,Chalk Bag,Climbing,Kitsap Forge,3,26.00,9.00,78.00,51.00,1055,Y
5122,2025-01-16,Seattle Flagship,Puget Sound,Ski Skins,Snow,Nordvik Outdoor,2,169.15,84.00,338.30,170.30,1039,Y
5123,2025-01-16,Portland Pearl,Willamette,Headlamp 400,Camping,Sanko Technical,3,44.00,16.00,132.00,84.00,1011,Y
5124,2025-01-16,Bellevue,Puget Sound,Fleece Quarter-Zip,Apparel,Cascade Textiles,1,79.00,31.00,79.00,48.00,1029,Y
5125,2025-01-16,Spokane,Inland,Headlamp 400,Camping,Sanko Technical,3,44.00,16.00,132.00,84.00,1024,Y
5126,2025-01-16,Tacoma,Puget Sound,Dynamic Rope 60m,Climbing,Nordvik Outdoor,1,239.00,98.00,239.00,141.00,1025,Y
5127,2025-01-16,Portland Pearl,Willamette,Stormbreak Rain Jacket,Apparel,Cascade Textiles,1,169.00,68.00,169.00,101.00,1043,Y
5128,2025-01-16,Seattle Flagship,Puget Sound,Stormbreak Rain Jacket,Apparel,Cascade Textiles,1,143.65,68.00,143.65,75.65,1055,Y
5129,2025-01-17,Seattle Flagship,Puget Sound,Ridgeline 3P Tent,Camping,Cascade Textiles,1,419.00,168.00,419.00,251.00,1009,Y
5130,2025-01-17,Portland Pearl,Willamette,Approach Shoe,Footwear,Fraser Valley Rubber,1,129.00,52.00,129.00,77.00,1006,Y
5131,2025-01-17,Tacoma,Puget Sound,Summit Shell Jacket,Apparel,Cascade Textiles,1,299.00,121.00,299.00,178.00,,N
5132,2025-01-17,Eugene,Willamette,Ski Skins,Snow,Nordvik Outdoor,1,199.00,84.00,199.00,115.00,1006,Y
5133,2025-01-17,Spokane,Inland,Trail Runner GTX,Footwear,Fraser Valley Rubber,1,149.00,61.00,149.00,88.00,1005,Y
5134,2025-01-17,Portland Pearl,Willamette,Paddle Carbon,Water,Sanko Technical,1,279.00,112.00,279.00,167.00,1028,Y
5135,2025-01-17,Tacoma,Puget Sound,Down Sweater,Apparel,Olympic Down Works,2,185.00,74.00,370.00,222.00,,N
5136,2025-01-17,Tacoma,Puget Sound,Titanium Cook Set,Camping,Sanko Technical,2,97.75,47.00,195.50,101.50,1044,Y
5137,2025-01-18,Spokane,Inland,Fleece Quarter-Zip,Apparel,Cascade Textiles,1,79.00,31.00,79.00,48.00,1024,Y
5138,2025-01-18,Spokane,Inland,Sun Hoody,Apparel,Cascade Textiles,3,62.00,24.00,186.00,114.00,1001,Y
5139,2025-01-18,Tacoma,Puget Sound,Avalanche Beacon,Snow,Nordvik Outdoor,1,399.00,178.00,399.00,221.00,1036,Y
5140,2025-01-18,Seattle Flagship,Puget Sound,Ski Skins,Snow,Nordvik Outdoor,1,199.00,84.00,199.00,115.00,1043,Y
5141,2025-01-18,Boise,Inland,Approach Shoe,Footwear,Fraser Valley Rubber,2,129.00,52.00,258.00,154.00,1047,Y
5142,2025-01-19,Portland Pearl,Willamette,Fleece Quarter-Zip,Apparel,Cascade Textiles,3,79.00,31.00,237.00,144.00,1050,Y
5143,2025-01-19,Portland Pearl,Willamette,Avalanche Beacon,Snow,Nordvik Outdoor,1,399.00,178.00,399.00,221.00,1005,Y
5144,2025-01-19,Bellingham,North Cascades,Ski Skins,Snow,Nordvik Outdoor,1,199.00,84.00,199.00,115.00,1002,Y
5145,2025-01-19,Tacoma,Puget Sound,Inflatable Kayak,Water,Fraser Valley Rubber,1,699.00,289.00,699.00,410.00,,N
5146,2025-01-19,Seattle Flagship,Puget Sound,Alpaca Base Layer,Apparel,Andes Alpaca Co-op,1,78.00,29.00,78.00,49.00,1014,Y
5147,2025-01-19,Boise,Inland,Stormbreak Rain Jacket,Apparel,Cascade Textiles,1,169.00,68.00,169.00,101.00,1046,Y
5148,2025-01-19,Bellingham,North Cascades,Insulated Camp Bootie,Footwear,Andes Alpaca Co-op,2,59.00,22.00,118.00,74.00,1057,Y
5149,2025-01-19,Tacoma,Puget Sound,Alpaca Base Layer,Apparel,Andes Alpaca Co-op,1,78.00,29.00,78.00,49.00,1032,Y
5150,2025-01-19,Seattle Flagship,Puget Sound,Snowshoe Kit,Snow,Kitsap Forge,3,179.00,76.00,537.00,309.00,1056,Y
5151,2025-01-20,Seattle Flagship,Puget Sound,Stormbreak Rain Jacket,Apparel,Cascade Textiles,1,169.00,68.00,169.00,101.00,1040,Y
5152,2025-01-20,Seattle Flagship,Puget Sound,Summit Shell Jacket,Apparel,Cascade Textiles,1,299.00,121.00,299.00,178.00,1049,Y
5153,2025-01-20,Bellevue,Puget Sound,Headlamp 400,Camping,Sanko Technical,1,44.00,16.00,44.00,28.00,1005,Y
5154,2025-01-20,Seattle Flagship,Puget Sound,Insulated Camp Bootie,Footwear,Andes Alpaca Co-op,2,59.00,22.00,118.00,74.00,1037,Y
5155,2025-01-20,Bellevue,Puget Sound,Avalanche Beacon,Snow,Nordvik Outdoor,1,339.15,178.00,339.15,161.15,1057,Y
5156,2025-01-20,Tacoma,Puget Sound,Alpaca Base Layer,Apparel,Andes Alpaca Co-op,1,78.00,29.00,78.00,49.00,1044,Y
5157,2025-01-20,Portland Pearl,Willamette,PFD Vest,Water,Kitsap Forge,2,95.00,38.00,190.00,114.00,1055,Y
5158,2025-01-20,Bellevue,Puget Sound,Alpaca Base Layer,Apparel,Andes Alpaca Co-op,1,78.00,29.00,78.00,49.00,1017,Y
5159,2025-01-20,Portland Pearl,Willamette,Snowshoe Kit,Snow,Kitsap Forge,3,152.15,76.00,456.45,228.45,1003,Y
5160,2025-01-20,Seattle Flagship,Puget Sound,Snowshoe Kit,Snow,Kitsap Forge,1,179.00,76.00,179.00,103.00,,N
5161,2025-01-20,Seattle Flagship,Puget Sound,Nimbus 0F Sleeping Bag,Camping,Olympic Down Works,1,339.00,138.00,339.00,201.00,1029,Y
5162,2025-01-20,Spokane,Inland,Summit Shell Jacket,Apparel,Cascade Textiles,1,299.00,121.00,299.00,178.00,1046,Y
5163,2025-01-20,Eugene,Willamette,Touring Ski Package,Snow,Nordvik Outdoor,1,949.00,412.00,949.00,537.00,,N
5164,2025-01-21,Seattle Flagship,Puget Sound,Snowshoe Kit,Snow,Kitsap Forge,1,152.15,76.00,152.15,76.15,1059,Y
5165,2025-01-21,Seattle Flagship,Puget Sound,Sun Hoody,Apparel,Cascade Textiles,1,62.00,24.00,62.00,38.00,1011,Y
5166,2025-01-21,Tacoma,Puget Sound,Dynamic Rope 60m,Climbing,Nordvik Outdoor,1,239.00,98.00,239.00,141.00,1048,Y
5167,2025-01-21,Seattle Flagship,Puget Sound,Snowshoe Kit,Snow,Kitsap Forge,2,179.00,76.00,358.00,206.00,1058,Y
5168,2025-01-21,Tacoma,Puget Sound,Avalanche Beacon,Snow,Nordvik Outdoor,1,399.00,178.00,399.00,221.00,1057,Y
5169,2025-01-21,Seattle Flagship,Puget Sound,Touring Ski Package,Snow,Nordvik Outdoor,1,949.00,412.00,949.00,537.00,1021,Y
5170,2025-01-21,Bellingham,North Cascades,Basecamp 65L Pack,Camping,Olympic Down Works,1,229.00,96.00,229.00,133.00,1015,Y
5171,2025-01-21,Portland Pearl,Willamette,Ridgeline 2P Tent,Camping,Cascade Textiles,1,349.00,142.00,349.00,207.00,1022,Y
5172,2025-01-22,Seattle Flagship,Puget Sound,Nimbus 20F Sleeping Bag,Camping,Olympic Down Works,1,259.00,104.00,259.00,155.00,1054,Y
5173,2025-01-22,Boise,Inland,Chalk Bag,Climbing,Kitsap Forge,1,26.00,9.00,26.00,17.00,1044,Y
5174,2025-01-22,Bellevue,Puget Sound,Avalanche Beacon,Snow,Nordvik Outdoor,1,399.00,178.00,399.00,221.00,1052,Y
5175,2025-01-22,Eugene,Willamette,Vertex Climbing Harness,Climbing,Kitsap Forge,1,105.00,43.00,105.00,62.00,,N
5176,2025-01-22,Bellevue,Puget Sound,Inflatable Kayak,Water,Fraser Valley Rubber,1,699.00,289.00,699.00,410.00,1016,Y
5177,2025-01-22,Bellevue,Puget Sound,Alpaca Base Layer,Apparel,Andes Alpaca Co-op,1,78.00,29.00,78.00,49.00,1005,Y
5178,2025-01-22,Portland Pearl,Willamette,Chalk Bag,Climbing,Kitsap Forge,3,26.00,9.00,78.00,51.00,1009,Y
5179,2025-01-22,Spokane,Inland,Avalanche Beacon,Snow,Nordvik Outdoor,1,399.00,178.00,399.00,221.00,1030,Y
5180,2025-01-23,Portland Pearl,Willamette,Basecamp 65L Pack,Camping,Olympic Down Works,1,229.00,96.00,229.00,133.00,1034,Y
5181,2025-01-23,Portland Pearl,Willamette,Dynamic Rope 60m,Climbing,Nordvik Outdoor,1,239.00,98.00,239.00,141.00,1039,Y
5182,2025-01-23,Bellingham,North Cascades,Trailhead Sleeping Pad,Camping,Sanko Technical,2,99.00,41.00,198.00,116.00,,N
5183,2025-01-23,Seattle Flagship,Puget Sound,Nimbus 0F Sleeping Bag,Camping,Olympic Down Works,1,339.00,138.00,339.00,201.00,1020,Y
5184,2025-01-23,Portland Pearl,Willamette,Summit Shell Jacket,Apparel,Cascade Textiles,1,299.00,121.00,299.00,178.00,1044,Y
5185,2025-01-24,Portland Pearl,Willamette,Down Sweater,Apparel,Olympic Down Works,1,185.00,74.00,185.00,111.00,1058,Y
5186,2025-01-24,Portland Pearl,Willamette,Merino Hiking Socks,Apparel,Andes Alpaca Co-op,1,24.00,8.50,24.00,15.50,1008,Y
5187,2025-01-24,Tacoma,Puget Sound,Nimbus 0F Sleeping Bag,Camping,Olympic Down Works,1,339.00,138.00,339.00,201.00,1057,Y
5188,2025-01-24,Boise,Inland,Quickdraw Set of 6,Climbing,Nordvik Outdoor,2,155.00,62.00,310.00,186.00,1045,Y
5189,2025-01-24,Seattle Flagship,Puget Sound,Nimbus 0F Sleeping Bag,Camping,Olympic Down Works,1,339.00,138.00,339.00,201.00,1030,Y
5190,2025-01-24,Bellevue,Puget Sound,Backcountry Boot,Footwear,Fraser Valley Rubber,1,219.00,88.00,219.00,131.00,1011,Y
5191,2025-01-24,Bellingham,North Cascades,Snowshoe Kit,Snow,Kitsap Forge,1,179.00,76.00,179.00,103.00,1058,Y
5192,2025-01-24,Tacoma,Puget Sound,Belay Device,Climbing,Kitsap Forge,2,49.00,19.00,98.00,60.00,1025,Y
5193,2025-01-25,Seattle Flagship,Puget Sound,Fleece Quarter-Zip,Apparel,Cascade Textiles,1,79.00,31.00,79.00,48.00,1055,Y
5194,2025-01-25,Portland Pearl,Willamette,Snowshoe Kit,Snow,Kitsap Forge,3,179.00,76.00,537.00,309.00,1054,Y
5195,2025-01-25,Spokane,Inland,Ski Skins,Snow,Nordvik Outdoor,1,199.00,84.00,199.00,115.00,1043,Y
5196,2025-01-25,Spokane,Inland,Nimbus 0F Sleeping Bag,Camping,Olympic Down Works,1,339.00,138.00,339.00,201.00,1002,Y
5197,2025-01-25,Eugene,Willamette,Down Sweater,Apparel,Olympic Down Works,2,185.00,74.00,370.00,222.00,,N
5198,2025-01-25,Eugene,Willamette,Snowshoe Kit,Snow,Kitsap Forge,1,179.00,76.00,179.00,103.00,1033,Y
5199,2025-01-25,Seattle Flagship,Puget Sound,Belay Device,Climbing,Kitsap Forge,2,49.00,19.00,98.00,60.00,1005,Y
5200,2025-01-25,Portland Pearl,Willamette,Nimbus 0F Sleeping Bag,Camping,Olympic Down Works,1,339.00,138.00,339.00,201.00,1026,Y
5201,2025-01-25,Tacoma,Puget Sound,Ski Skins,Snow,Nordvik Outdoor,3,199.00,84.00,597.00,345.00,1001,Y
5202,2025-01-25,Tacoma,Puget Sound,Summit Shell Jacket,Apparel,Cascade Textiles,1,299.00,121.00,299.00,178.00,1038,Y
5203,2025-01-26,Seattle Flagship,Puget Sound,Summit Shell Jacket,Apparel,Cascade Textiles,1,299.00,121.00,299.00,178.00,1054,Y
5204,2025-01-26,Eugene,Willamette,Snowshoe Kit,Snow,Kitsap Forge,1,179.00,76.00,179.00,103.00,,N
5205,2025-01-26,Bellevue,Puget Sound,Down Sweater,Apparel,Olympic Down Works,1,185.00,74.00,185.00,111.00,,N
5206,2025-01-26,Bellevue,Puget Sound,Ski Skins,Snow,Nordvik Outdoor,2,199.00,84.00,398.00,230.00,1058,Y
5207,2025-01-26,Portland Pearl,Willamette,Stormbreak Rain Jacket,Apparel,Cascade Textiles,2,169.00,68.00,338.00,202.00,,N
5208,2025-01-26,Bellevue,Puget Sound,Approach Shoe,Footwear,Fraser Valley Rubber,2,129.00,52.00,258.00,154.00,1046,Y
5209,2025-01-26,Seattle Flagship,Puget Sound,Trail Convertible Pant,Apparel,Cascade Textiles,2,89.00,36.00,178.00,106.00,1009,Y
5210,2025-01-26,Seattle Flagship,Puget Sound,Touring Ski Package,Snow,Nordvik Outdoor,1,949.00,412.00,949.00,537.00,1008,Y
5211,2025-01-26,Bellingham,North Cascades,Nimbus 0F Sleeping Bag,Camping,Olympic Down Works,1,339.00,138.00,339.00,201.00,1001,Y
5212,2025-01-26,Bellevue,Puget Sound,Dry Bag 30L,Water,Fraser Valley Rubber,1,42.00,17.00,42.00,25.00,1051,Y
5213,2025-01-26,Tacoma,Puget Sound,Titanium Cook Set,Camping,Sanko Technical,1,115.00,47.00,115.00,68.00,1056,Y
5214,2025-01-26,Bellevue,Puget Sound,Dynamic Rope 60m,Climbing,Nordvik Outdoor,1,239.00,98.00,239.00,141.00,1003,Y
5215,2025-01-27,Tacoma,Puget Sound,Snowshoe Kit,Snow,Kitsap Forge,1,179.00,76.00,179.00,103.00,1010,Y
5216,2025-01-27,Bellevue,Puget Sound,Inflatable Kayak,Water,Fraser Valley Rubber,1,594.15,289.00,594.15,305.15,1037,Y
5217,2025-01-27,Spokane,Inland,Trail Convertible Pant,Apparel,Cascade Textiles,2,89.00,36.00,178.00,106.00,1025,Y
5218,2025-01-27,Boise,Inland,Quickdraw Set of 6,Climbing,Nordvik Outdoor,2,131.75,62.00,263.50,139.50,1046,Y
5219,2025-01-27,Bellingham,North Cascades,Ski Skins,Snow,Nordvik Outdoor,3,199.00,84.00,597.00,345.00,1006,Y
5220,2025-01-27,Seattle Flagship,Puget Sound,Ridgeline 3P Tent,Camping,Cascade Textiles,1,419.00,168.00,419.00,251.00,1045,Y
5221,2025-01-27,Portland Pearl,Willamette,Trail Convertible Pant,Apparel,Cascade Textiles,1,89.00,36.00,89.00,53.00,1008,Y
5222,2025-01-27,Tacoma,Puget Sound,Nimbus 0F Sleeping Bag,Camping,Olympic Down Works,1,288.15,138.00,288.15,150.15,1025,Y
5223,2025-01-27,Seattle Flagship,Puget Sound,Paddle Carbon,Water,Sanko Technical,1,279.00,112.00,279.00,167.00,1039,Y
5224,2025-01-28,Seattle Flagship,Puget Sound,Dynamic Rope 60m,Climbing,Nordvik Outdoor,1,239.00,98.00,239.00,141.00,1025,Y
5225,2025-01-28,Bellevue,Puget Sound,Touring Ski Package,Snow,Nordvik Outdoor,1,949.00,412.00,949.00,537.00,1005,Y
5226,2025-01-28,Seattle Flagship,Puget Sound,Nimbus 20F Sleeping Bag,Camping,Olympic Down Works,1,259.00,104.00,259.00,155.00,1020,Y
5227,2025-01-28,Spokane,Inland,Headlamp 400,Camping,Sanko Technical,1,37.40,16.00,37.40,21.40,1040,Y
5228,2025-01-28,Portland Pearl,Willamette,Sun Hoody,Apparel,Cascade Textiles,2,62.00,24.00,124.00,76.00,1049,Y
5229,2025-01-28,Bellingham,North Cascades,Backcountry Boot,Footwear,Fraser Valley Rubber,1,186.15,88.00,186.15,98.15,,N
5230,2025-01-28,Tacoma,Puget Sound,Fleece Quarter-Zip,Apparel,Cascade Textiles,2,79.00,31.00,158.00,96.00,1022,Y
5231,2025-01-28,Boise,Inland,Alpine 45L Pack,Camping,Olympic Down Works,2,189.00,78.00,378.00,222.00,1009,Y
5232,2025-01-28,Spokane,Inland,Headlamp 400,Camping,Sanko Technical,1,44.00,16.00,44.00,28.00,,N
5233,2025-01-28,Bellingham,North Cascades,Backcountry Boot,Footwear,Fraser Valley Rubber,1,219.00,88.00,219.00,131.00,,N
5234,2025-01-28,Bellingham,North Cascades,Approach Shoe,Footwear,Fraser Valley Rubber,2,129.00,52.00,258.00,154.00,,N
5235,2025-01-28,Bellingham,North Cascades,Vertex Climbing Harness,Climbing,Kitsap Forge,3,105.00,43.00,315.00,186.00,1057,Y
5236,2025-01-28,Seattle Flagship,Puget Sound,Alpaca Base Layer,Apparel,Andes Alpaca Co-op,3,78.00,29.00,234.00,147.00,1050,Y
5237,2025-01-29,Tacoma,Puget Sound,Insulated Camp Bootie,Footwear,Andes Alpaca Co-op,2,59.00,22.00,118.00,74.00,1054,Y
5238,2025-01-29,Portland Pearl,Willamette,Belay Device,Climbing,Kitsap Forge,1,49.00,19.00,49.00,30.00,1028,Y
5239,2025-01-29,Bellevue,Puget Sound,Stormbreak Rain Jacket,Apparel,Cascade Textiles,3,169.00,68.00,507.00,303.00,1045,Y
5240,2025-01-29,Boise,Inland,Alpaca Base Layer,Apparel,Andes Alpaca Co-op,3,78.00,29.00,234.00,147.00,1045,Y
5241,2025-01-29,Seattle Flagship,Puget Sound,Alpine 45L Pack,Camping,Olympic Down Works,3,160.65,78.00,481.95,247.95,1005,Y
5242,2025-01-29,Portland Pearl,Willamette,Approach Shoe,Footwear,Fraser Valley Rubber,1,129.00,52.00,129.00,77.00,1036,Y
5243,2025-01-29,Bellevue,Puget Sound,Merino Hiking Socks,Apparel,Andes Alpaca Co-op,1,24.00,8.50,24.00,15.50,1007,Y
5244,2025-01-29,Bellevue,Puget Sound,Fleece Quarter-Zip,Apparel,Cascade Textiles,2,67.15,31.00,134.30,72.30,1033,Y
5245,2025-01-29,Eugene,Willamette,Fleece Quarter-Zip,Apparel,Cascade Textiles,1,79.00,31.00,79.00,48.00,1060,Y
5246,2025-01-29,Boise,Inland,Avalanche Beacon,Snow,Nordvik Outdoor,1,399.00,178.00,399.00,221.00,1027,Y
5247,2025-01-29,Seattle Flagship,Puget Sound,Paddle Carbon,Water,Sanko Technical,1,279.00,112.00,279.00,167.00,,N
5248,2025-01-29,Spokane,Inland,Backcountry Boot,Footwear,Fraser Valley Rubber,1,186.15,88.00,186.15,98.15,1006,Y
5249,2025-01-29,Portland Pearl,Willamette,Fleece Quarter-Zip,Apparel,Cascade Textiles,2,79.00,31.00,158.00,96.00,1013,Y
5250,2025-01-29,Portland Pearl,Willamette,Quickdraw Set of 6,Climbing,Nordvik Outdoor,1,155.00,62.00,155.00,93.00,1018,Y
5251,2025-01-30,Portland Pearl,Willamette,Snowshoe Kit,Snow,Kitsap Forge,1,179.00,76.00,179.00,103.00,1039,Y
5252,2025-01-30,Portland Pearl,Willamette,Nimbus 0F Sleeping Bag,Camping,Olympic Down Works,1,339.00,138.00,339.00,201.00,1004,Y
5253,2025-01-30,Tacoma,Puget Sound,Basecamp 65L Pack,Camping,Olympic Down Works,1,229.00,96.00,229.00,133.00,1056,Y
5254,2025-01-30,Bellevue,Puget Sound,Backcountry Boot,Footwear,Fraser Valley Rubber,1,219.00,88.00,219.00,131.00,,N
5255,2025-01-30,Seattle Flagship,Puget Sound,Vertex Climbing Harness,Climbing,Kitsap Forge,2,105.00,43.00,210.00,124.00,1050,Y
5256,2025-01-30,Bellevue,Puget Sound,Touring Ski Package,Snow,Nordvik Outdoor,1,949.00,412.00,949.00,537.00,1050,Y
5257,2025-01-30,Spokane,Inland,Sun Hoody,Apparel,Cascade Textiles,3,62.00,24.00,186.00,114.00,1009,Y
5258,2025-01-30,Bellingham,North Cascades,Headlamp 400,Camping,Sanko Technical,2,44.00,16.00,88.00,56.00,,N
5259,2025-01-31,Portland Pearl,Willamette,Fleece Quarter-Zip,Apparel,Cascade Textiles,3,79.00,31.00,237.00,144.00,1053,Y
5260,2025-01-31,Tacoma,Puget Sound,Fleece Quarter-Zip,Apparel,Cascade Textiles,1,79.00,31.00,79.00,48.00,1005,Y
5261,2025-01-31,Bellingham,North Cascades,Merino Hiking Socks,Apparel,Andes Alpaca Co-op,3,24.00,8.50,72.00,46.50,1005,Y
5262,2025-01-31,Seattle Flagship,Puget Sound,Sun Hoody,Apparel,Cascade Textiles,1,62.00,24.00,62.00,38.00,1010,Y
5263,2025-01-31,Bellevue,Puget Sound,Nimbus 0F Sleeping Bag,Camping,Olympic Down Works,1,339.00,138.00,339.00,201.00,,N
5264,2025-01-31,Portland Pearl,Willamette,Alpaca Base Layer,Apparel,Andes Alpaca Co-op,1,78.00,29.00,78.00,49.00,1028,Y
5265,2025-01-31,Portland Pearl,Willamette,Dynamic Rope 60m,Climbing,Nordvik Outdoor,1,239.00,98.00,239.00,141.00,1011,Y
5266,2025-01-31,Portland Pearl,Willamette,Down Sweater,Apparel,Olympic Down Works,1,185.00,74.00,185.00,111.00,1056,Y
5267,2025-02-01,Portland Pearl,Willamette,Headlamp 400,Camping,Sanko Technical,2,37.40,16.00,74.80,42.80,1055,Y
5268,2025-02-01,Bellevue,Puget Sound,Backcountry Boot,Footwear,Fraser Valley Rubber,1,219.00,88.00,219.00,131.00,1024,Y
5269,2025-02-01,Spokane,Inland,Ski Skins,Snow,Nordvik Outdoor,1,199.00,84.00,199.00,115.00,1038,Y
5270,2025-02-01,Spokane,Inland,Ridgeline 2P Tent,Camping,Cascade Textiles,1,349.00,142.00,349.00,207.00,1016,Y
5271,2025-02-01,Bellingham,North Cascades,Avalanche Beacon,Snow,Nordvik Outdoor,1,399.00,178.00,399.00,221.00,,N
5272,2025-02-01,Seattle Flagship,Puget Sound,Nimbus 0F Sleeping Bag,Camping,Olympic Down Works,1,339.00,138.00,339.00,201.00,1021,Y
5273,2025-02-01,Boise,Inland,Fleece Quarter-Zip,Apparel,Cascade Textiles,2,79.00,31.00,158.00,96.00,1007,Y
5274,2025-02-01,Seattle Flagship,Puget Sound,Backcountry Boot,Footwear,Fraser Valley Rubber,1,219.00,88.00,219.00,131.00,1046,Y
5275,2025-02-01,Portland Pearl,Willamette,Titanium Cook Set,Camping,Sanko Technical,1,115.00,47.00,115.00,68.00,1052,Y
5276,2025-02-01,Tacoma,Puget Sound,Sun Hoody,Apparel,Cascade Textiles,1,62.00,24.00,62.00,38.00,1048,Y
5277,2025-02-02,Spokane,Inland,Insulated Camp Bootie,Footwear,Andes Alpaca Co-op,2,59.00,22.00,118.00,74.00,1060,Y
5278,2025-02-02,Boise,Inland,Avalanche Beacon,Snow,Nordvik Outdoor,1,399.00,178.00,399.00,221.00,1031,Y
5279,2025-02-02,Tacoma,Puget Sound,Backcountry Boot,Footwear,Fraser Valley Rubber,1,219.00,88.00,219.00,131.00,1027,Y
5280,2025-02-02,Portland Pearl,Willamette,Avalanche Beacon,Snow,Nordvik Outdoor,1,399.00,178.00,399.00,221.00,1029,Y
5281,2025-02-02,Seattle Flagship,Puget Sound,Nimbus 0F Sleeping Bag,Camping,Olympic Down Works,1,339.00,138.00,339.00,201.00,1017,Y
5282,2025-02-02,Tacoma,Puget Sound,Down Sweater,Apparel,Olympic Down Works,1,185.00,74.00,185.00,111.00,1016,Y
5283,2025-02-02,Bellevue,Puget Sound,Trail Convertible Pant,Apparel,Cascade Textiles,2,89.00,36.00,178.00,106.00,1027,Y
5284,2025-02-03,Portland Pearl,Willamette,Vertex Climbing Harness,Climbing,Kitsap Forge,2,105.00,43.00,210.00,124.00,1011,Y
5285,2025-02-03,Eugene,Willamette,Vertex Climbing Harness,Climbing,Kitsap Forge,2,105.00,43.00,210.00,124.00,1054,Y
5286,2025-02-03,Eugene,Willamette,Dry Bag 30L,Water,Fraser Valley Rubber,1,42.00,17.00,42.00,25.00,1054,Y
5287,2025-02-03,Seattle Flagship,Puget Sound,Ski Skins,Snow,Nordvik Outdoor,2,199.00,84.00,398.00,230.00,1009,Y
5288,2025-02-03,Seattle Flagship,Puget Sound,Vertex Climbing Harness,Climbing,Kitsap Forge,2,105.00,43.00,210.00,124.00,1004,Y
5289,2025-02-03,Portland Pearl,Willamette,Insulated Camp Bootie,Footwear,Andes Alpaca Co-op,2,59.00,22.00,118.00,74.00,1059,Y
5290,2025-02-03,Eugene,Willamette,Snowshoe Kit,Snow,Kitsap Forge,1,179.00,76.00,179.00,103.00,1011,Y
5291,2025-02-04,Seattle Flagship,Puget Sound,PFD Vest,Water,Kitsap Forge,3,95.00,38.00,285.00,171.00,1004,Y
5292,2025-02-04,Bellevue,Puget Sound,Ridgeline 2P Tent,Camping,Cascade Textiles,1,349.00,142.00,349.00,207.00,1024,Y
5293,2025-02-05,Seattle Flagship,Puget Sound,Alpaca Base Layer,Apparel,Andes Alpaca Co-op,1,78.00,29.00,78.00,49.00,1018,Y
5294,2025-02-05,Seattle Flagship,Puget Sound,Ski Skins,Snow,Nordvik Outdoor,1,199.00,84.00,199.00,115.00,1012,Y
5295,2025-02-05,Bellingham,North Cascades,Avalanche Beacon,Snow,Nordvik Outdoor,1,399.00,178.00,399.00,221.00,1017,Y
5296,2025-02-05,Bellingham,North Cascades,Summit Shell Jacket,Apparel,Cascade Textiles,1,299.00,121.00,299.00,178.00,1031,Y
5297,2025-02-05,Bellevue,Puget Sound,Nimbus 20F Sleeping Bag,Camping,Olympic Down Works,1,259.00,104.00,259.00,155.00,1056,Y
5298,2025-02-05,Seattle Flagship,Puget Sound,Stormbreak Rain Jacket,Apparel,Cascade Textiles,2,169.00,68.00,338.00,202.00,1054,Y
5299,2025-02-05,Portland Pearl,Willamette,PFD Vest,Water,Kitsap Forge,2,95.00,38.00,190.00,114.00,,N
5300,2025-02-05,Boise,Inland,Ridgeline 2P Tent,Camping,Cascade Textiles,1,349.00,142.00,349.00,207.00,1051,Y
5301,2025-02-05,Seattle Flagship,Puget Sound,Touring Ski Package,Snow,Nordvik Outdoor,1,949.00,412.00,949.00,537.00,1027,Y
5302,2025-02-06,Seattle Flagship,Puget Sound,Headlamp 400,Camping,Sanko Technical,1,44.00,16.00,44.00,28.00,1006,Y
5303,2025-02-06,Tacoma,Puget Sound,Ski Skins,Snow,Nordvik Outdoor,1,199.00,84.00,199.00,115.00,1042,Y
5304,2025-02-06,Boise,Inland,Backcountry Boot,Footwear,Fraser Valley Rubber,1,219.00,88.00,219.00,131.00,1010,Y
5305,2025-02-06,Spokane,Inland,Stormbreak Rain Jacket,Apparel,Cascade Textiles,1,169.00,68.00,169.00,101.00,1037,Y
5306,2025-02-06,Seattle Flagship,Puget Sound,Alpine 45L Pack,Camping,Olympic Down Works,2,189.00,78.00,378.00,222.00,1029,Y
5307,2025-02-06,Portland Pearl,Willamette,Quickdraw Set of 6,Climbing,Nordvik Outdoor,1,131.75,62.00,131.75,69.75,,N
5308,2025-02-06,Tacoma,Puget Sound,Alpaca Base Layer,Apparel,Andes Alpaca Co-op,2,78.00,29.00,156.00,98.00,1057,Y
5309,2025-02-06,Eugene,Willamette,Down Sweater,Apparel,Olympic Down Works,1,185.00,74.00,185.00,111.00,1013,Y
5310,2025-02-06,Bellevue,Puget Sound,PFD Vest,Water,Kitsap Forge,3,95.00,38.00,285.00,171.00,1004,Y
5311,2025-02-06,Seattle Flagship,Puget Sound,Ski Skins,Snow,Nordvik Outdoor,1,199.00,84.00,199.00,115.00,,N
5312,2025-02-07,Seattle Flagship,Puget Sound,Inflatable Kayak,Water,Fraser Valley Rubber,1,699.00,289.00,699.00,410.00,1044,Y
5313,2025-02-07,Bellevue,Puget Sound,Alpine 45L Pack,Camping,Olympic Down Works,1,189.00,78.00,189.00,111.00,1049,Y
5314,2025-02-07,Seattle Flagship,Puget Sound,Titanium Cook Set,Camping,Sanko Technical,3,115.00,47.00,345.00,204.00,1022,Y
5315,2025-02-07,Spokane,Inland,Backcountry Boot,Footwear,Fraser Valley Rubber,1,219.00,88.00,219.00,131.00,1010,Y
5316,2025-02-09,Seattle Flagship,Puget Sound,Stormbreak Rain Jacket,Apparel,Cascade Textiles,2,169.00,68.00,338.00,202.00,1050,Y
5317,2025-02-09,Bellevue,Puget Sound,Touring Ski Package,Snow,Nordvik Outdoor,1,949.00,412.00,949.00,537.00,1003,Y
5318,2025-02-09,Spokane,Inland,Paddle Carbon,Water,Sanko Technical,1,279.00,112.00,279.00,167.00,1019,Y
5319,2025-02-09,Seattle Flagship,Puget Sound,Down Sweater,Apparel,Olympic Down Works,3,185.00,74.00,555.00,333.00,1057,Y
5320,2025-02-09,Seattle Flagship,Puget Sound,Ski Skins,Snow,Nordvik Outdoor,2,199.00,84.00,398.00,230.00,1019,Y
5321,2025-02-09,Eugene,Willamette,Cascade Camp Stove,Camping,Kitsap Forge,1,84.00,34.00,84.00,50.00,1017,Y
5322,2025-02-09,Bellingham,North Cascades,Chalk Bag,Climbing,Kitsap Forge,1,26.00,9.00,26.00,17.00,1038,Y
5323,2025-02-09,Spokane,Inland,Down Sweater,Apparel,Olympic Down Works,1,185.00,74.00,185.00,111.00,1007,Y
5324,2025-02-10,Portland Pearl,Willamette,Approach Shoe,Footwear,Fraser Valley Rubber,3,129.00,52.00,387.00,231.00,1040,Y
5325,2025-02-10,Seattle Flagship,Puget Sound,Trailhead Sleeping Pad,Camping,Sanko Technical,2,99.00,41.00,198.00,116.00,1008,Y
5326,2025-02-10,Spokane,Inland,Touring Ski Package,Snow,Nordvik Outdoor,1,949.00,412.00,949.00,537.00,1027,Y
5327,2025-02-10,Bellingham,North Cascades,Ridgeline 2P Tent,Camping,Cascade Textiles,1,296.65,142.00,296.65,154.65,,N
5328,2025-02-11,Seattle Flagship,Puget Sound,Dynamic Rope 60m,Climbing,Nordvik Outdoor,1,239.00,98.00,239.00,141.00,1021,Y
5329,2025-02-11,Bellingham,North Cascades,Nimbus 0F Sleeping Bag,Camping,Olympic Down Works,1,339.00,138.00,339.00,201.00,1019,Y
5330,2025-02-11,Tacoma,Puget Sound,Backcountry Boot,Footwear,Fraser Valley Rubber,1,219.00,88.00,219.00,131.00,1044,Y
5331,2025-02-11,Portland Pearl,Willamette,Merino Hiking Socks,Apparel,Andes Alpaca Co-op,2,24.00,8.50,48.00,31.00,1022,Y
5332,2025-02-11,Spokane,Inland,Merino Hiking Socks,Apparel,Andes Alpaca Co-op,3,24.00,8.50,72.00,46.50,1007,Y
5333,2025-02-11,Spokane,Inland,Quickdraw Set of 6,Climbing,Nordvik Outdoor,1,155.00,62.00,155.00,93.00,1022,Y
5334,2025-02-11,Seattle Flagship,Puget Sound,Chalk Bag,Climbing,Kitsap Forge,3,26.00,9.00,78.00,51.00,,N
5335,2025-02-11,Portland Pearl,Willamette,Backcountry Boot,Footwear,Fraser Valley Rubber,1,219.00,88.00,219.00,131.00,1005,Y
5336,2025-02-11,Boise,Inland,Stormbreak Rain Jacket,Apparel,Cascade Textiles,3,169.00,68.00,507.00,303.00,1054,Y
5337,2025-02-12,Tacoma,Puget Sound,Insulated Camp Bootie,Footwear,Andes Alpaca Co-op,1,59.00,22.00,59.00,37.00,1056,Y
5338,2025-02-12,Seattle Flagship,Puget Sound,Stormbreak Rain Jacket,Apparel,Cascade Textiles,1,169.00,68.00,169.00,101.00,,N
5339,2025-02-12,Bellevue,Puget Sound,Nimbus 0F Sleeping Bag,Camping,Olympic Down Works,1,339.00,138.00,339.00,201.00,1002,Y
5340,2025-02-12,Tacoma,Puget Sound,Summit Shell Jacket,Apparel,Cascade Textiles,1,299.00,121.00,299.00,178.00,1020,Y
5341,2025-02-12,Seattle Flagship,Puget Sound,Dynamic Rope 60m,Climbing,Nordvik Outdoor,1,203.15,98.00,203.15,105.15,1008,Y
5342,2025-02-12,Seattle Flagship,Puget Sound,Down Sweater,Apparel,Olympic Down Works,1,185.00,74.00,185.00,111.00,1025,Y
5343,2025-02-12,Tacoma,Puget Sound,Summit Shell Jacket,Apparel,Cascade Textiles,1,299.00,121.00,299.00,178.00,1006,Y
5344,2025-02-12,Spokane,Inland,Fleece Quarter-Zip,Apparel,Cascade Textiles,3,79.00,31.00,237.00,144.00,1041,Y
5345,2025-02-12,Bellevue,Puget Sound,Trail Convertible Pant,Apparel,Cascade Textiles,1,89.00,36.00,89.00,53.00,1055,Y
5346,2025-02-12,Bellingham,North Cascades,Ridgeline 3P Tent,Camping,Cascade Textiles,1,419.00,168.00,419.00,251.00,1021,Y
5347,2025-02-12,Portland Pearl,Willamette,Dry Bag 30L,Water,Fraser Valley Rubber,2,42.00,17.00,84.00,50.00,1004,Y
5348,2025-02-13,Bellingham,North Cascades,Paddle Carbon,Water,Sanko Technical,1,279.00,112.00,279.00,167.00,,N
5349,2025-02-13,Portland Pearl,Willamette,Nimbus 0F Sleeping Bag,Camping,Olympic Down Works,1,339.00,138.00,339.00,201.00,1015,Y
5350,2025-02-13,Eugene,Willamette,PFD Vest,Water,Kitsap Forge,1,95.00,38.00,95.00,57.00,1039,Y
5351,2025-02-13,Bellingham,North Cascades,Merino Hiking Socks,Apparel,Andes Alpaca Co-op,1,24.00,8.50,24.00,15.50,1003,Y
5352,2025-02-13,Tacoma,Puget Sound,Trail Runner GTX,Footwear,Fraser Valley Rubber,2,126.65,61.00,253.30,131.30,1055,Y
5353,2025-02-13,Portland Pearl,Willamette,Fleece Quarter-Zip,Apparel,Cascade Textiles,2,79.00,31.00,158.00,96.00,1042,Y
5354,2025-02-13,Seattle Flagship,Puget Sound,Avalanche Beacon,Snow,Nordvik Outdoor,1,399.00,178.00,399.00,221.00,1005,Y
5355,2025-02-13,Bellingham,North Cascades,Nimbus 0F Sleeping Bag,Camping,Olympic Down Works,1,339.00,138.00,339.00,201.00,,N
5356,2025-02-13,Bellevue,Puget Sound,Dynamic Rope 60m,Climbing,Nordvik Outdoor,1,239.00,98.00,239.00,141.00,1060,Y
5357,2025-02-13,Bellingham,North Cascades,Stormbreak Rain Jacket,Apparel,Cascade Textiles,1,169.00,68.00,169.00,101.00,,N
5358,2025-02-13,Spokane,Inland,Stormbreak Rain Jacket,Apparel,Cascade Textiles,1,169.00,68.00,169.00,101.00,1039,Y
5359,2025-02-13,Seattle Flagship,Puget Sound,Trail Convertible Pant,Apparel,Cascade Textiles,2,89.00,36.00,178.00,106.00,1015,Y
5360,2025-02-13,Bellingham,North Cascades,Touring Ski Package,Snow,Nordvik Outdoor,1,949.00,412.00,949.00,537.00,1049,Y
5361,2025-02-13,Seattle Flagship,Puget Sound,Headlamp 400,Camping,Sanko Technical,3,44.00,16.00,132.00,84.00,1041,Y
5362,2025-02-14,Boise,Inland,Fleece Quarter-Zip,Apparel,Cascade Textiles,3,67.15,31.00,201.45,108.45,1013,Y
5363,2025-02-14,Boise,Inland,Titanium Cook Set,Camping,Sanko Technical,2,115.00,47.00,230.00,136.00,1056,Y
5364,2025-02-14,Tacoma,Puget Sound,Summit Shell Jacket,Apparel,Cascade Textiles,1,299.00,121.00,299.00,178.00,1054,Y
5365,2025-02-14,Spokane,Inland,Ski Skins,Snow,Nordvik Outdoor,1,199.00,84.00,199.00,115.00,1013,Y
5366,2025-02-14,Seattle Flagship,Puget Sound,Nimbus 0F Sleeping Bag,Camping,Olympic Down Works,1,339.00,138.00,339.00,201.00,1001,Y
5367,2025-02-14,Bellingham,North Cascades,Snowshoe Kit,Snow,Kitsap Forge,3,152.15,76.00,456.45,228.45,,N
5368,2025-02-14,Seattle Flagship,Puget Sound,Dry Bag 30L,Water,Fraser Valley Rubber,1,42.00,17.00,42.00,25.00,1016,Y
5369,2025-02-15,Seattle Flagship,Puget Sound,Paddle Carbon,Water,Sanko Technical,1,279.00,112.00,279.00,167.00,1002,Y
5370,2025-02-15,Portland Pearl,Willamette,Basecamp 65L Pack,Camping,Olympic Down Works,1,229.00,96.00,229.00,133.00,1045,Y
5371,2025-02-15,Portland Pearl,Willamette,Insulated Camp Bootie,Footwear,Andes Alpaca Co-op,2,59.00,22.00,118.00,74.00,1046,Y
5372,2025-02-15,Portland Pearl,Willamette,Insulated Camp Bootie,Footwear,Andes Alpaca Co-op,1,59.00,22.00,59.00,37.00,1008,Y
5373,2025-02-15,Tacoma,Puget Sound,Dynamic Rope 60m,Climbing,Nordvik Outdoor,1,239.00,98.00,239.00,141.00,1054,Y
5374,2025-02-15,Seattle Flagship,Puget Sound,Snowshoe Kit,Snow,Kitsap Forge,3,179.00,76.00,537.00,309.00,1013,Y
5375,2025-02-15,Seattle Flagship,Puget Sound,Merino Hiking Socks,Apparel,Andes Alpaca Co-op,1,24.00,8.50,24.00,15.50,1031,Y
5376,2025-02-16,Bellevue,Puget Sound,Summit Shell Jacket,Apparel,Cascade Textiles,1,299.00,121.00,299.00,178.00,1054,Y
5377,2025-02-16,Portland Pearl,Willamette,Merino Hiking Socks,Apparel,Andes Alpaca Co-op,2,20.40,8.50,40.80,23.80,1043,Y
5378,2025-02-16,Boise,Inland,Insulated Camp Bootie,Footwear,Andes Alpaca Co-op,1,59.00,22.00,59.00,37.00,1010,Y
5379,2025-02-16,Bellingham,North Cascades,Snowshoe Kit,Snow,Kitsap Forge,1,179.00,76.00,179.00,103.00,1029,Y
5380,2025-02-16,Spokane,Inland,Paddle Carbon,Water,Sanko Technical,1,279.00,112.00,279.00,167.00,1056,Y
5381,2025-02-16,Seattle Flagship,Puget Sound,Fleece Quarter-Zip,Apparel,Cascade Textiles,1,79.00,31.00,79.00,48.00,1037,Y
5382,2025-02-16,Seattle Flagship,Puget Sound,Fleece Quarter-Zip,Apparel,Cascade Textiles,1,79.00,31.00,79.00,48.00,1038,Y
5383,2025-02-16,Portland Pearl,Willamette,Ski Skins,Snow,Nordvik Outdoor,2,169.15,84.00,338.30,170.30,1049,Y
5384,2025-02-16,Bellevue,Puget Sound,Insulated Camp Bootie,Footwear,Andes Alpaca Co-op,2,59.00,22.00,118.00,74.00,1054,Y
5385,2025-02-16,Portland Pearl,Willamette,Vertex Climbing Harness,Climbing,Kitsap Forge,2,105.00,43.00,210.00,124.00,1012,Y
5386,2025-02-16,Seattle Flagship,Puget Sound,Avalanche Beacon,Snow,Nordvik Outdoor,1,399.00,178.00,399.00,221.00,1059,Y
5387,2025-02-16,Spokane,Inland,Chalk Bag,Climbing,Kitsap Forge,2,26.00,9.00,52.00,34.00,1058,Y
5388,2025-02-17,Portland Pearl,Willamette,Summit Shell Jacket,Apparel,Cascade Textiles,1,299.00,121.00,299.00,178.00,1056,Y
5389,2025-02-17,Spokane,Inland,Ski Skins,Snow,Nordvik Outdoor,2,199.00,84.00,398.00,230.00,1040,Y
5390,2025-02-17,Tacoma,Puget Sound,Cascade Camp Stove,Camping,Kitsap Forge,1,84.00,34.00,84.00,50.00,,N
5391,2025-02-17,Seattle Flagship,Puget Sound,Merino Hiking Socks,Apparel,Andes Alpaca Co-op,1,24.00,8.50,24.00,15.50,1031,Y
5392,2025-02-17,Bellingham,North Cascades,Dynamic Rope 60m,Climbing,Nordvik Outdoor,1,239.00,98.00,239.00,141.00,,N
5393,2025-02-17,Bellevue,Puget Sound,Avalanche Beacon,Snow,Nordvik Outdoor,1,399.00,178.00,399.00,221.00,1032,Y
5394,2025-02-18,Seattle Flagship,Puget Sound,Alpine 45L Pack,Camping,Olympic Down Works,3,189.00,78.00,567.00,333.00,1034,Y
5395,2025-02-18,Bellingham,North Cascades,Summit Shell Jacket,Apparel,Cascade Textiles,1,299.00,121.00,299.00,178.00,1033,Y
5396,2025-02-18,Spokane,Inland,Down Sweater,Apparel,Olympic Down Works,2,185.00,74.00,370.00,222.00,1039,Y
5397,2025-02-18,Spokane,Inland,Avalanche Beacon,Snow,Nordvik Outdoor,1,399.00,178.00,399.00,221.00,1013,Y
5398,2025-02-18,Seattle Flagship,Puget Sound,Down Sweater,Apparel,Olympic Down Works,1,185.00,74.00,185.00,111.00,1029,Y
5399,2025-02-18,Seattle Flagship,Puget Sound,Nimbus 0F Sleeping Bag,Camping,Olympic Down Works,1,339.00,138.00,339.00,201.00,1047,Y
5400,2025-02-18,Seattle Flagship,Puget Sound,Backcountry Boot,Footwear,Fraser Valley Rubber,1,219.00,88.00,219.00,131.00,1018,Y
5401,2025-02-18,Eugene,Willamette,Dry Bag 30L,Water,Fraser Valley Rubber,3,42.00,17.00,126.00,75.00,1030,Y
5402,2025-02-18,Portland Pearl,Willamette,Nimbus 0F Sleeping Bag,Camping,Olympic Down Works,1,339.00,138.00,339.00,201.00,1022,Y
5403,2025-02-18,Portland Pearl,Willamette,Titanium Cook Set,Camping,Sanko Technical,1,115.00,47.00,115.00,68.00,1030,Y
5404,2025-02-18,Bellevue,Puget Sound,Ski Skins,Snow,Nordvik Outdoor,1,199.00,84.00,199.00,115.00,1008,Y
5405,2025-02-18,Tacoma,Puget Sound,Snowshoe Kit,Snow,Kitsap Forge,1,179.00,76.00,179.00,103.00,1037,Y
5406,2025-02-19,Bellevue,Puget Sound,Ski Skins,Snow,Nordvik Outdoor,2,199.00,84.00,398.00,230.00,1060,Y
5407,2025-02-19,Eugene,Willamette,Insulated Camp Bootie,Footwear,Andes Alpaca Co-op,1,50.15,22.00,50.15,28.15,1043,Y
5408,2025-02-19,Eugene,Willamette,Alpaca Base Layer,Apparel,Andes Alpaca Co-op,1,78.00,29.00,78.00,49.00,1045,Y
5409,2025-02-20,Eugene,Willamette,Snowshoe Kit,Snow,Kitsap Forge,1,179.00,76.00,179.00,103.00,1007,Y
5410,2025-02-20,Seattle Flagship,Puget Sound,Summit Shell Jacket,Apparel,Cascade Textiles,1,299.00,121.00,299.00,178.00,1030,Y
5411,2025-02-20,Eugene,Willamette,Trail Runner GTX,Footwear,Fraser Valley Rubber,1,149.00,61.00,149.00,88.00,1022,Y
5412,2025-02-20,Seattle Flagship,Puget Sound,Trail Convertible Pant,Apparel,Cascade Textiles,2,89.00,36.00,178.00,106.00,1028,Y
5413,2025-02-20,Bellingham,North Cascades,Summit Shell Jacket,Apparel,Cascade Textiles,1,299.00,121.00,299.00,178.00,,N
5414,2025-02-20,Tacoma,Puget Sound,Touring Ski Package,Snow,Nordvik Outdoor,1,949.00,412.00,949.00,537.00,1039,Y
5415,2025-02-20,Bellevue,Puget Sound,Chalk Bag,Climbing,Kitsap Forge,3,26.00,9.00,78.00,51.00,1050,Y
5416,2025-02-20,Bellingham,North Cascades,Cascade Camp Stove,Camping,Kitsap Forge,3,84.00,34.00,252.00,150.00,,N
5417,2025-02-20,Boise,Inland,Chalk Bag,Climbing,Kitsap Forge,1,26.00,9.00,26.00,17.00,,N
5418,2025-02-21,Seattle Flagship,Puget Sound,Snowshoe Kit,Snow,Kitsap Forge,1,179.00,76.00,179.00,103.00,1028,Y
5419,2025-02-21,Portland Pearl,Willamette,Trailhead Sleeping Pad,Camping,Sanko Technical,1,99.00,41.00,99.00,58.00,1040,Y
5420,2025-02-21,Bellevue,Puget Sound,Approach Shoe,Footwear,Fraser Valley Rubber,1,109.65,52.00,109.65,57.65,1006,Y
5421,2025-02-21,Eugene,Willamette,Dynamic Rope 60m,Climbing,Nordvik Outdoor,1,239.00,98.00,239.00,141.00,1053,Y
5422,2025-02-21,Portland Pearl,Willamette,Down Sweater,Apparel,Olympic Down Works,2,185.00,74.00,370.00,222.00,1030,Y
5423,2025-02-21,Spokane,Inland,Fleece Quarter-Zip,Apparel,Cascade Textiles,1,79.00,31.00,79.00,48.00,1027,Y
5424,2025-02-21,Portland Pearl,Willamette,Dry Bag 30L,Water,Fraser Valley Rubber,2,42.00,17.00,84.00,50.00,,N
5425,2025-02-21,Eugene,Willamette,Snowshoe Kit,Snow,Kitsap Forge,1,179.00,76.00,179.00,103.00,,N
5426,2025-02-21,Seattle Flagship,Puget Sound,Backcountry Boot,Footwear,Fraser Valley Rubber,1,219.00,88.00,219.00,131.00,1004,Y
5427,2025-02-21,Spokane,Inland,Headlamp 400,Camping,Sanko Technical,1,44.00,16.00,44.00,28.00,1053,Y
5428,2025-02-22,Bellingham,North Cascades,Nimbus 20F Sleeping Bag,Camping,Olympic Down Works,1,259.00,104.00,259.00,155.00,1009,Y
5429,2025-02-22,Eugene,Willamette,Ski Skins,Snow,Nordvik Outdoor,1,199.00,84.00,199.00,115.00,1005,Y
5430,2025-02-22,Portland Pearl,Willamette,Titanium Cook Set,Camping,Sanko Technical,2,115.00,47.00,230.00,136.00,,N
5431,2025-02-22,Tacoma,Puget Sound,Insulated Camp Bootie,Footwear,Andes Alpaca Co-op,1,59.00,22.00,59.00,37.00,,N
5432,2025-02-23,Eugene,Willamette,Approach Shoe,Footwear,Fraser Valley Rubber,2,129.00,52.00,258.00,154.00,1039,Y
5433,2025-02-23,Seattle Flagship,Puget Sound,Snowshoe Kit,Snow,Kitsap Forge,1,179.00,76.00,179.00,103.00,1004,Y
5434,2025-02-23,Seattle Flagship,Puget Sound,Backcountry Boot,Footwear,Fraser Valley Rubber,1,219.00,88.00,219.00,131.00,,N
5435,2025-02-23,Portland Pearl,Willamette,Touring Ski Package,Snow,Nordvik Outdoor,1,806.65,412.00,806.65,394.65,1053,Y
5436,2025-02-23,Bellingham,North Cascades,Vertex Climbing Harness,Climbing,Kitsap Forge,2,105.00,43.00,210.00,124.00,1055,Y
5437,2025-02-23,Seattle Flagship,Puget Sound,Touring Ski Package,Snow,Nordvik Outdoor,1,949.00,412.00,949.00,537.00,1016,Y
5438,2025-02-23,Portland Pearl,Willamette,Summit Shell Jacket,Apparel,Cascade Textiles,1,299.00,121.00,299.00,178.00,1023,Y
5439,2025-02-23,Portland Pearl,Willamette,Fleece Quarter-Zip,Apparel,Cascade Textiles,2,79.00,31.00,158.00,96.00,1007,Y
5440,2025-02-23,Bellevue,Puget Sound,Quickdraw Set of 6,Climbing,Nordvik Outdoor,1,155.00,62.00,155.00,93.00,1032,Y
5441,2025-02-23,Portland Pearl,Willamette,Sun Hoody,Apparel,Cascade Textiles,1,62.00,24.00,62.00,38.00,1022,Y
5442,2025-02-23,Bellingham,North Cascades,Stormbreak Rain Jacket,Apparel,Cascade Textiles,1,169.00,68.00,169.00,101.00,,N
5443,2025-02-23,Seattle Flagship,Puget Sound,Touring Ski Package,Snow,Nordvik Outdoor,1,949.00,412.00,949.00,537.00,1008,Y
5444,2025-02-24,Eugene,Willamette,Backcountry Boot,Footwear,Fraser Valley Rubber,1,186.15,88.00,186.15,98.15,1027,Y
5445,2025-02-24,Bellingham,North Cascades,Trail Convertible Pant,Apparel,Cascade Textiles,3,89.00,36.00,267.00,159.00,1050,Y
5446,2025-02-24,Bellevue,Puget Sound,Merino Hiking Socks,Apparel,Andes Alpaca Co-op,1,24.00,8.50,24.00,15.50,1023,Y
5447,2025-02-24,Bellevue,Puget Sound,Avalanche Beacon,Snow,Nordvik Outdoor,1,399.00,178.00,399.00,221.00,1007,Y
5448,2025-02-24,Spokane,Inland,Ski Skins,Snow,Nordvik Outdoor,3,199.00,84.00,597.00,345.00,1044,Y
5449,2025-02-24,Portland Pearl,Willamette,Nimbus 20F Sleeping Bag,Camping,Olympic Down Works,1,259.00,104.00,259.00,155.00,1051,Y
5450,2025-02-24,Portland Pearl,Willamette,Titanium Cook Set,Camping,Sanko Technical,3,115.00,47.00,345.00,204.00,1053,Y
5451,2025-02-25,Portland Pearl,Willamette,Merino Hiking Socks,Apparel,Andes Alpaca Co-op,1,24.00,8.50,24.00,15.50,1010,Y
5452,2025-02-25,Bellingham,North Cascades,Chalk Bag,Climbing,Kitsap Forge,3,26.00,9.00,78.00,51.00,,N
5453,2025-02-25,Bellevue,Puget Sound,Alpaca Base Layer,Apparel,Andes Alpaca Co-op,1,78.00,29.00,78.00,49.00,1010,Y
5454,2025-02-25,Portland Pearl,Willamette,Ski Skins,Snow,Nordvik Outdoor,1,169.15,84.00,169.15,85.15,1044,Y
5455,2025-02-25,Portland Pearl,Willamette,Stormbreak Rain Jacket,Apparel,Cascade Textiles,1,169.00,68.00,169.00,101.00,1019,Y
5456,2025-02-25,Seattle Flagship,Puget Sound,Merino Hiking Socks,Apparel,Andes Alpaca Co-op,1,24.00,8.50,24.00,15.50,1018,Y
5457,2025-02-25,Portland Pearl,Willamette,Trail Convertible Pant,Apparel,Cascade Textiles,2,89.00,36.00,178.00,106.00,1004,Y
5458,2025-02-25,Portland Pearl,Willamette,Dry Bag 30L,Water,Fraser Valley Rubber,3,35.70,17.00,107.10,56.10,1016,Y
5459,2025-02-25,Bellevue,Puget Sound,Alpaca Base Layer,Apparel,Andes Alpaca Co-op,3,78.00,29.00,234.00,147.00,1023,Y
5460,2025-02-25,Seattle Flagship,Puget Sound,Vertex Climbing Harness,Climbing,Kitsap Forge,3,105.00,43.00,315.00,186.00,,N
5461,2025-02-26,Boise,Inland,Avalanche Beacon,Snow,Nordvik Outdoor,1,399.00,178.00,399.00,221.00,1057,Y
5462,2025-02-26,Tacoma,Puget Sound,Vertex Climbing Harness,Climbing,Kitsap Forge,3,105.00,43.00,315.00,186.00,1042,Y
5463,2025-02-26,Bellingham,North Cascades,Quickdraw Set of 6,Climbing,Nordvik Outdoor,1,155.00,62.00,155.00,93.00,1046,Y
5464,2025-02-27,Bellevue,Puget Sound,Ski Skins,Snow,Nordvik Outdoor,3,199.00,84.00,597.00,345.00,1013,Y
5465,2025-02-27,Boise,Inland,Avalanche Beacon,Snow,Nordvik Outdoor,1,339.15,178.00,339.15,161.15,1055,Y
5466,2025-02-27,Portland Pearl,Willamette,Fleece Quarter-Zip,Apparel,Cascade Textiles,2,79.00,31.00,158.00,96.00,1029,Y
5467,2025-02-27,Bellevue,Puget Sound,Cascade Camp Stove,Camping,Kitsap Forge,1,84.00,34.00,84.00,50.00,1039,Y
5468,2025-02-28,Portland Pearl,Willamette,Titanium Cook Set,Camping,Sanko Technical,2,115.00,47.00,230.00,136.00,1004,Y
5469,2025-02-28,Seattle Flagship,Puget Sound,Touring Ski Package,Snow,Nordvik Outdoor,1,949.00,412.00,949.00,537.00,1043,Y
5470,2025-02-28,Boise,Inland,Dynamic Rope 60m,Climbing,Nordvik Outdoor,1,239.00,98.00,239.00,141.00,1036,Y
5471,2025-02-28,Spokane,Inland,Merino Hiking Socks,Apparel,Andes Alpaca Co-op,2,24.00,8.50,48.00,31.00,1035,Y
5472,2025-02-28,Bellingham,North Cascades,Headlamp 400,Camping,Sanko Technical,2,44.00,16.00,88.00,56.00,1046,Y
5473,2025-02-28,Eugene,Willamette,Merino Hiking Socks,Apparel,Andes Alpaca Co-op,1,24.00,8.50,24.00,15.50,1060,Y
5474,2025-02-28,Seattle Flagship,Puget Sound,Backcountry Boot,Footwear,Fraser Valley Rubber,1,219.00,88.00,219.00,131.00,1053,Y
5475,2025-03-01,Seattle Flagship,Puget Sound,Summit Shell Jacket,Apparel,Cascade Textiles,1,254.15,121.00,254.15,133.15,1006,Y
5476,2025-03-01,Tacoma,Puget Sound,Basecamp 65L Pack,Camping,Olympic Down Works,1,229.00,96.00,229.00,133.00,1001,Y
5477,2025-03-01,Seattle Flagship,Puget Sound,Nimbus 20F Sleeping Bag,Camping,Olympic Down Works,1,259.00,104.00,259.00,155.00,1012,Y
5478,2025-03-01,Bellevue,Puget Sound,Fleece Quarter-Zip,Apparel,Cascade Textiles,1,79.00,31.00,79.00,48.00,1035,Y
5479,2025-03-01,Boise,Inland,Insulated Camp Bootie,Footwear,Andes Alpaca Co-op,1,59.00,22.00,59.00,37.00,,N
5480,2025-03-01,Portland Pearl,Willamette,Vertex Climbing Harness,Climbing,Kitsap Forge,2,105.00,43.00,210.00,124.00,1028,Y
5481,2025-03-01,Portland Pearl,Willamette,Alpaca Base Layer,Apparel,Andes Alpaca Co-op,2,78.00,29.00,156.00,98.00,1043,Y
5482,2025-03-01,Portland Pearl,Willamette,Ski Skins,Snow,Nordvik Outdoor,1,199.00,84.00,199.00,115.00,1045,Y
5483,2025-03-01,Boise,Inland,Cascade Camp Stove,Camping,Kitsap Forge,1,84.00,34.00,84.00,50.00,1021,Y
5484,2025-03-01,Seattle Flagship,Puget Sound,Headlamp 400,Camping,Sanko Technical,2,44.00,16.00,88.00,56.00,1009,Y
5485,2025-03-02,Portland Pearl,Willamette,Avalanche Beacon,Snow,Nordvik Outdoor,1,399.00,178.00,399.00,221.00,1028,Y
5486,2025-03-02,Tacoma,Puget Sound,Backcountry Boot,Footwear,Fraser Valley Rubber,1,219.00,88.00,219.00,131.00,1058,Y
5487,2025-03-02,Seattle Flagship,Puget Sound,Touring Ski Package,Snow,Nordvik Outdoor,1,949.00,412.00,949.00,537.00,1027,Y
5488,2025-03-02,Seattle Flagship,Puget Sound,Touring Ski Package,Snow,Nordvik Outdoor,1,949.00,412.00,949.00,537.00,1018,Y
5489,2025-03-02,Tacoma,Puget Sound,PFD Vest,Water,Kitsap Forge,1,80.75,38.00,80.75,42.75,,N
5490,2025-03-02,Tacoma,Puget Sound,Summit Shell Jacket,Apparel,Cascade Textiles,1,299.00,121.00,299.00,178.00,1010,Y
5491,2025-03-02,Bellevue,Puget Sound,Headlamp 400,Camping,Sanko Technical,2,44.00,16.00,88.00,56.00,1008,Y
5492,2025-03-03,Portland Pearl,Willamette,Ski Skins,Snow,Nordvik Outdoor,3,199.00,84.00,597.00,345.00,1044,Y
5493,2025-03-03,Portland Pearl,Willamette,Titanium Cook Set,Camping,Sanko Technical,2,115.00,47.00,230.00,136.00,1036,Y
5494,2025-03-03,Tacoma,Puget Sound,Snowshoe Kit,Snow,Kitsap Forge,1,179.00,76.00,179.00,103.00,,N
5495,2025-03-03,Tacoma,Puget Sound,Down Sweater,Apparel,Olympic Down Works,1,157.25,74.00,157.25,83.25,1031,Y
5496,2025-03-03,Seattle Flagship,Puget Sound,PFD Vest,Water,Kitsap Forge,2,95.00,38.00,190.00,114.00,,N
5497,2025-03-03,Portland Pearl,Willamette,Nimbus 20F Sleeping Bag,Camping,Olympic Down Works,1,259.00,104.00,259.00,155.00,1009,Y
5498,2025-03-03,Bellevue,Puget Sound,Paddle Carbon,Water,Sanko Technical,1,237.15,112.00,237.15,125.15,1049,Y
5499,2025-03-03,Tacoma,Puget Sound,Backcountry Boot,Footwear,Fraser Valley Rubber,1,219.00,88.00,219.00,131.00,1058,Y
5500,2025-03-04,Portland Pearl,Willamette,Dynamic Rope 60m,Climbing,Nordvik Outdoor,1,239.00,98.00,239.00,141.00,1042,Y
5501,2025-03-04,Eugene,Willamette,Trailhead Sleeping Pad,Camping,Sanko Technical,3,99.00,41.00,297.00,174.00,1011,Y
5502,2025-03-04,Portland Pearl,Willamette,Nimbus 20F Sleeping Bag,Camping,Olympic Down Works,1,259.00,104.00,259.00,155.00,1054,Y
5503,2025-03-04,Boise,Inland,Backcountry Boot,Footwear,Fraser Valley Rubber,1,219.00,88.00,219.00,131.00,1045,Y
5504,2025-03-04,Bellevue,Puget Sound,Nimbus 0F Sleeping Bag,Camping,Olympic Down Works,1,288.15,138.00,288.15,150.15,1046,Y
5505,2025-03-04,Portland Pearl,Willamette,Insulated Camp Bootie,Footwear,Andes Alpaca Co-op,2,59.00,22.00,118.00,74.00,1012,Y
5506,2025-03-04,Portland Pearl,Willamette,Stormbreak Rain Jacket,Apparel,Cascade Textiles,1,169.00,68.00,169.00,101.00,1005,Y
5507,2025-03-04,Boise,Inland,Avalanche Beacon,Snow,Nordvik Outdoor,1,399.00,178.00,399.00,221.00,1007,Y
5508,2025-03-04,Tacoma,Puget Sound,Paddle Carbon,Water,Sanko Technical,1,279.00,112.00,279.00,167.00,,N
5509,2025-03-04,Tacoma,Puget Sound,Inflatable Kayak,Water,Fraser Valley Rubber,1,699.00,289.00,699.00,410.00,1025,Y
5510,2025-03-05,Bellingham,North Cascades,Ski Skins,Snow,Nordvik Outdoor,1,199.00,84.00,199.00,115.00,1026,Y
5511,2025-03-05,Seattle Flagship,Puget Sound,Stormbreak Rain Jacket,Apparel,Cascade Textiles,1,169.00,68.00,169.00,101.00,1012,Y
5512,2025-03-05,Boise,Inland,Ski Skins,Snow,Nordvik Outdoor,1,199.00,84.00,199.00,115.00,1057,Y
5513,2025-03-05,Seattle Flagship,Puget Sound,Vertex Climbing Harness,Climbing,Kitsap Forge,1,105.00,43.00,105.00,62.00,1058,Y
5514,2025-03-05,Seattle Flagship,Puget Sound,Titanium Cook Set,Camping,Sanko Technical,1,115.00,47.00,115.00,68.00,,N
5515,2025-03-05,Boise,Inland,Sun Hoody,Apparel,Cascade Textiles,2,62.00,24.00,124.00,76.00,1036,Y
5516,2025-03-05,Seattle Flagship,Puget Sound,Paddle Carbon,Water,Sanko Technical,1,279.00,112.00,279.00,167.00,1056,Y
5517,2025-03-05,Bellevue,Puget Sound,Alpine 45L Pack,Camping,Olympic Down Works,1,189.00,78.00,189.00,111.00,1009,Y
5518,2025-03-06,Tacoma,Puget Sound,Belay Device,Climbing,Kitsap Forge,1,49.00,19.00,49.00,30.00,1040,Y
5519,2025-03-06,Portland Pearl,Willamette,Summit Shell Jacket,Apparel,Cascade Textiles,1,299.00,121.00,299.00,178.00,1011,Y
5520,2025-03-06,Bellevue,Puget Sound,Cascade Camp Stove,Camping,Kitsap Forge,1,84.00,34.00,84.00,50.00,1012,Y
5521,2025-03-06,Portland Pearl,Willamette,Dynamic Rope 60m,Climbing,Nordvik Outdoor,1,239.00,98.00,239.00,141.00,1013,Y
5522,2025-03-06,Seattle Flagship,Puget Sound,Trailhead Sleeping Pad,Camping,Sanko Technical,2,99.00,41.00,198.00,116.00,1060,Y
5523,2025-03-06,Seattle Flagship,Puget Sound,Stormbreak Rain Jacket,Apparel,Cascade Textiles,1,169.00,68.00,169.00,101.00,1012,Y
5524,2025-03-06,Seattle Flagship,Puget Sound,Ski Skins,Snow,Nordvik Outdoor,2,199.00,84.00,398.00,230.00,1031,Y
5525,2025-03-06,Portland Pearl,Willamette,Stormbreak Rain Jacket,Apparel,Cascade Textiles,2,169.00,68.00,338.00,202.00,1007,Y
5526,2025-03-06,Seattle Flagship,Puget Sound,Sun Hoody,Apparel,Cascade Textiles,1,62.00,24.00,62.00,38.00,1051,Y
5527,2025-03-07,Bellingham,North Cascades,Nimbus 0F Sleeping Bag,Camping,Olympic Down Works,1,339.00,138.00,339.00,201.00,1039,Y
5528,2025-03-07,Seattle Flagship,Puget Sound,Trail Convertible Pant,Apparel,Cascade Textiles,3,89.00,36.00,267.00,159.00,,N
5529,2025-03-07,Seattle Flagship,Puget Sound,Dynamic Rope 60m,Climbing,Nordvik Outdoor,1,239.00,98.00,239.00,141.00,1039,Y
5530,2025-03-07,Bellevue,Puget Sound,Snowshoe Kit,Snow,Kitsap Forge,3,179.00,76.00,537.00,309.00,1029,Y
5531,2025-03-07,Bellingham,North Cascades,Trail Runner GTX,Footwear,Fraser Valley Rubber,1,126.65,61.00,126.65,65.65,,N
5532,2025-03-07,Seattle Flagship,Puget Sound,Nimbus 20F Sleeping Bag,Camping,Olympic Down Works,1,259.00,104.00,259.00,155.00,,N
5533,2025-03-07,Seattle Flagship,Puget Sound,Nimbus 0F Sleeping Bag,Camping,Olympic Down Works,1,339.00,138.00,339.00,201.00,,N
5534,2025-03-07,Seattle Flagship,Puget Sound,Alpaca Base Layer,Apparel,Andes Alpaca Co-op,3,78.00,29.00,234.00,147.00,1007,Y
5535,2025-03-07,Eugene,Willamette,Vertex Climbing Harness,Climbing,Kitsap Forge,1,89.25,43.00,89.25,46.25,1044,Y
5536,2025-03-08,Bellingham,North Cascades,Stormbreak Rain Jacket,Apparel,Cascade Textiles,2,169.00,68.00,338.00,202.00,,N
5537,2025-03-08,Spokane,Inland,Stormbreak Rain Jacket,Apparel,Cascade Textiles,3,169.00,68.00,507.00,303.00,1031,Y
5538,2025-03-08,Tacoma,Puget Sound,Insulated Camp Bootie,Footwear,Andes Alpaca Co-op,1,59.00,22.00,59.00,37.00,1060,Y
5539,2025-03-08,Seattle Flagship,Puget Sound,Dry Bag 30L,Water,Fraser Valley Rubber,2,42.00,17.00,84.00,50.00,1015,Y
5540,2025-03-08,Spokane,Inland,Approach Shoe,Footwear,Fraser Valley Rubber,3,129.00,52.00,387.00,231.00,1026,Y
5541,2025-03-08,Seattle Flagship,Puget Sound,Stormbreak Rain Jacket,Apparel,Cascade Textiles,1,169.00,68.00,169.00,101.00,1055,Y
5542,2025-03-08,Bellevue,Puget Sound,Alpaca Base Layer,Apparel,Andes Alpaca Co-op,1,78.00,29.00,78.00,49.00,1049,Y
5543,2025-03-08,Portland Pearl,Willamette,Inflatable Kayak,Water,Fraser Valley Rubber,1,699.00,289.00,699.00,410.00,1020,Y
5544,2025-03-09,Seattle Flagship,Puget Sound,Trailhead Sleeping Pad,Camping,Sanko Technical,2,99.00,41.00,198.00,116.00,1050,Y
5545,2025-03-09,Bellevue,Puget Sound,Chalk Bag,Climbing,Kitsap Forge,2,26.00,9.00,52.00,34.00,1052,Y
5546,2025-03-09,Boise,Inland,Headlamp 400,Camping,Sanko Technical,2,44.00,16.00,88.00,56.00,1059,Y
5547,2025-03-09,Boise,Inland,Quickdraw Set of 6,Climbing,Nordvik Outdoor,2,155.00,62.00,310.00,186.00,1055,Y
5548,2025-03-09,Eugene,Willamette,Stormbreak Rain Jacket,Apparel,Cascade Textiles,2,169.00,68.00,338.00,202.00,1027,Y
5549,2025-03-09,Portland Pearl,Willamette,Quickdraw Set of 6,Climbing,Nordvik Outdoor,1,155.00,62.00,155.00,93.00,1010,Y
5550,2025-03-09,Eugene,Willamette,Insulated Camp Bootie,Footwear,Andes Alpaca Co-op,1,59.00,22.00,59.00,37.00,1007,Y
5551,2025-03-09,Bellevue,Puget Sound,Dynamic Rope 60m,Climbing,Nordvik Outdoor,1,239.00,98.00,239.00,141.00,1037,Y
5552,2025-03-10,Bellevue,Puget Sound,Vertex Climbing Harness,Climbing,Kitsap Forge,2,105.00,43.00,210.00,124.00,1035,Y
5553,2025-03-10,Bellevue,Puget Sound,Snowshoe Kit,Snow,Kitsap Forge,1,179.00,76.00,179.00,103.00,1011,Y
5554,2025-03-10,Boise,Inland,Quickdraw Set of 6,Climbing,Nordvik Outdoor,2,131.75,62.00,263.50,139.50,1056,Y
5555,2025-03-10,Seattle Flagship,Puget Sound,Stormbreak Rain Jacket,Apparel,Cascade Textiles,1,169.00,68.00,169.00,101.00,1019,Y
5556,2025-03-10,Eugene,Willamette,Titanium Cook Set,Camping,Sanko Technical,1,115.00,47.00,115.00,68.00,1009,Y
5557,2025-03-10,Bellevue,Puget Sound,Insulated Camp Bootie,Footwear,Andes Alpaca Co-op,2,59.00,22.00,118.00,74.00,1050,Y
5558,2025-03-10,Eugene,Willamette,Trail Convertible Pant,Apparel,Cascade Textiles,3,89.00,36.00,267.00,159.00,1007,Y
5559,2025-03-10,Seattle Flagship,Puget Sound,Merino Hiking Socks,Apparel,Andes Alpaca Co-op,2,24.00,8.50,48.00,31.00,1040,Y
5560,2025-03-10,Spokane,Inland,Dynamic Rope 60m,Climbing,Nordvik Outdoor,1,239.00,98.00,239.00,141.00,1011,Y
5561,2025-03-10,Portland Pearl,Willamette,Down Sweater,Apparel,Olympic Down Works,1,157.25,74.00,157.25,83.25,1002,Y
5562,2025-03-10,Spokane,Inland,Avalanche Beacon,Snow,Nordvik Outdoor,1,399.00,178.00,399.00,221.00,1005,Y
5563,2025-03-10,Bellingham,North Cascades,Belay Device,Climbing,Kitsap Forge,3,41.65,19.00,124.95,67.95,1016,Y
5564,2025-03-10,Tacoma,Puget Sound,Ski Skins,Snow,Nordvik Outdoor,1,199.00,84.00,199.00,115.00,1028,Y
5565,2025-03-11,Seattle Flagship,Puget Sound,Titanium Cook Set,Camping,Sanko Technical,1,115.00,47.00,115.00,68.00,1034,Y
5566,2025-03-11,Bellevue,Puget Sound,Fleece Quarter-Zip,Apparel,Cascade Textiles,2,79.00,31.00,158.00,96.00,1011,Y
5567,2025-03-11,Boise,Inland,Belay Device,Climbing,Kitsap Forge,2,49.00,19.00,98.00,60.00,,N
5568,2025-03-11,Bellingham,North Cascades,Trail Convertible Pant,Apparel,Cascade Textiles,1,89.00,36.00,89.00,53.00,1037,Y
5569,2025-03-11,Bellingham,North Cascades,Quickdraw Set of 6,Climbing,Nordvik Outdoor,2,131.75,62.00,263.50,139.50,,N
5570,2025-03-11,Bellevue,Puget Sound,Dry Bag 30L,Water,Fraser Valley Rubber,3,42.00,17.00,126.00,75.00,1013,Y
5571,2025-03-11,Bellevue,Puget Sound,Cascade Camp Stove,Camping,Kitsap Forge,1,84.00,34.00,84.00,50.00,1051,Y
5572,2025-03-11,Seattle Flagship,Puget Sound,Snowshoe Kit,Snow,Kitsap Forge,3,152.15,76.00,456.45,228.45,1035,Y
5573,2025-03-11,Tacoma,Puget Sound,Snowshoe Kit,Snow,Kitsap Forge,3,152.15,76.00,456.45,228.45,1028,Y
5574,2025-03-11,Seattle Flagship,Puget Sound,Nimbus 20F Sleeping Bag,Camping,Olympic Down Works,1,259.00,104.00,259.00,155.00,1029,Y
5575,2025-03-12,Bellingham,North Cascades,Cascade Camp Stove,Camping,Kitsap Forge,2,84.00,34.00,168.00,100.00,,N
5576,2025-03-12,Seattle Flagship,Puget Sound,Nimbus 0F Sleeping Bag,Camping,Olympic Down Works,1,339.00,138.00,339.00,201.00,,N
5577,2025-03-12,Portland Pearl,Willamette,Trailhead Sleeping Pad,Camping,Sanko Technical,1,99.00,41.00,99.00,58.00,1022,Y
5578,2025-03-12,Bellingham,North Cascades,Snowshoe Kit,Snow,Kitsap Forge,2,179.00,76.00,358.00,206.00,1028,Y
5579,2025-03-12,Seattle Flagship,Puget Sound,Ridgeline 3P Tent,Camping,Cascade Textiles,1,419.00,168.00,419.00,251.00,1007,Y
5580,2025-03-12,Seattle Flagship,Puget Sound,Vertex Climbing Harness,Climbing,Kitsap Forge,1,105.00,43.00,105.00,62.00,1024,Y
5581,2025-03-12,Portland Pearl,Willamette,Ridgeline 2P Tent,Camping,Cascade Textiles,1,349.00,142.00,349.00,207.00,1001,Y
5582,2025-03-12,Bellingham,North Cascades,Ridgeline 2P Tent,Camping,Cascade Textiles,1,349.00,142.00,349.00,207.00,,N
5583,2025-03-12,Seattle Flagship,Puget Sound,Nimbus 20F Sleeping Bag,Camping,Olympic Down Works,1,259.00,104.00,259.00,155.00,1017,Y
5584,2025-03-13,Spokane,Inland,Insulated Camp Bootie,Footwear,Andes Alpaca Co-op,3,59.00,22.00,177.00,111.00,1001,Y
5585,2025-03-13,Portland Pearl,Willamette,Down Sweater,Apparel,Olympic Down Works,1,185.00,74.00,185.00,111.00,1023,Y
5586,2025-03-13,Portland Pearl,Willamette,Ski Skins,Snow,Nordvik Outdoor,1,199.00,84.00,199.00,115.00,,N
5587,2025-03-13,Portland Pearl,Willamette,Inflatable Kayak,Water,Fraser Valley Rubber,1,699.00,289.00,699.00,410.00,1019,Y
5588,2025-03-13,Portland Pearl,Willamette,Nimbus 0F Sleeping Bag,Camping,Olympic Down Works,1,339.00,138.00,339.00,201.00,1050,Y
5589,2025-03-13,Boise,Inland,Basecamp 65L Pack,Camping,Olympic Down Works,1,229.00,96.00,229.00,133.00,1015,Y
5590,2025-03-13,Bellingham,North Cascades,Trail Runner GTX,Footwear,Fraser Valley Rubber,1,149.00,61.00,149.00,88.00,1038,Y
5591,2025-03-13,Seattle Flagship,Puget Sound,Quickdraw Set of 6,Climbing,Nordvik Outdoor,3,155.00,62.00,465.00,279.00,1002,Y
5592,2025-03-13,Spokane,Inland,Headlamp 400,Camping,Sanko Technical,1,44.00,16.00,44.00,28.00,1018,Y
5593,2025-03-13,Seattle Flagship,Puget Sound,Snowshoe Kit,Snow,Kitsap Forge,1,179.00,76.00,179.00,103.00,1010,Y
5594,2025-03-14,Portland Pearl,Willamette,Merino Hiking Socks,Apparel,Andes Alpaca Co-op,2,24.00,8.50,48.00,31.00,1040,Y
5595,2025-03-14,Spokane,Inland,Summit Shell Jacket,Apparel,Cascade Textiles,1,299.00,121.00,299.00,178.00,1029,Y
5596,2025-03-14,Portland Pearl,Willamette,Vertex Climbing Harness,Climbing,Kitsap Forge,2,105.00,43.00,210.00,124.00,1046,Y
5597,2025-03-14,Portland Pearl,Willamette,Quickdraw Set of 6,Climbing,Nordvik Outdoor,1,155.00,62.00,155.00,93.00,1030,Y
5598,2025-03-14,Bellevue,Puget Sound,Titanium Cook Set,Camping,Sanko Technical,1,115.00,47.00,115.00,68.00,1051,Y
5599,2025-03-14,Portland Pearl,Willamette,Inflatable Kayak,Water,Fraser Valley Rubber,1,699.00,289.00,699.00,410.00,1037,Y
5600,2025-03-14,Eugene,Willamette,Insulated Camp Bootie,Footwear,Andes Alpaca Co-op,2,59.00,22.00,118.00,74.00,1018,Y
5601,2025-03-14,Bellevue,Puget Sound,Merino Hiking Socks,Apparel,Andes Alpaca Co-op,2,24.00,8.50,48.00,31.00,1006,Y
5602,2025-03-14,Spokane,Inland,Trail Runner GTX,Footwear,Fraser Valley Rubber,3,149.00,61.00,447.00,264.00,,N
5603,2025-03-14,Seattle Flagship,Puget Sound,Nimbus 20F Sleeping Bag,Camping,Olympic Down Works,1,259.00,104.00,259.00,155.00,1012,Y
5604,2025-03-15,Tacoma,Puget Sound,Trailhead Sleeping Pad,Camping,Sanko Technical,2,99.00,41.00,198.00,116.00,1023,Y
5605,2025-03-15,Tacoma,Puget Sound,Merino Hiking Socks,Apparel,Andes Alpaca Co-op,1,24.00,8.50,24.00,15.50,1011,Y
5606,2025-03-15,Seattle Flagship,Puget Sound,Headlamp 400,Camping,Sanko Technical,2,44.00,16.00,88.00,56.00,1029,Y
5607,2025-03-15,Seattle Flagship,Puget Sound,Summit Shell Jacket,Apparel,Cascade Textiles,1,254.15,121.00,254.15,133.15,,N
5608,2025-03-15,Tacoma,Puget Sound,Avalanche Beacon,Snow,Nordvik Outdoor,1,399.00,178.00,399.00,221.00,1012,Y
5609,2025-03-15,Bellingham,North Cascades,Cascade Camp Stove,Camping,Kitsap Forge,3,84.00,34.00,252.00,150.00,1040,Y
5610,2025-03-15,Bellevue,Puget Sound,Avalanche Beacon,Snow,Nordvik Outdoor,1,399.00,178.00,399.00,221.00,1023,Y
5611,2025-03-15,Portland Pearl,Willamette,Fleece Quarter-Zip,Apparel,Cascade Textiles,2,79.00,31.00,158.00,96.00,1018,Y
5612,2025-03-15,Bellingham,North Cascades,Avalanche Beacon,Snow,Nordvik Outdoor,1,399.00,178.00,399.00,221.00,1015,Y
5613,2025-03-16,Bellingham,North Cascades,Fleece Quarter-Zip,Apparel,Cascade Textiles,1,79.00,31.00,79.00,48.00,1007,Y
5614,2025-03-16,Portland Pearl,Willamette,Touring Ski Package,Snow,Nordvik Outdoor,1,949.00,412.00,949.00,537.00,1031,Y
5615,2025-03-16,Bellevue,Puget Sound,Alpaca Base Layer,Apparel,Andes Alpaca Co-op,1,78.00,29.00,78.00,49.00,1031,Y
5616,2025-03-16,Boise,Inland,Trail Convertible Pant,Apparel,Cascade Textiles,1,89.00,36.00,89.00,53.00,1031,Y
5617,2025-03-16,Portland Pearl,Willamette,Touring Ski Package,Snow,Nordvik Outdoor,1,949.00,412.00,949.00,537.00,,N
5618,2025-03-16,Bellingham,North Cascades,Quickdraw Set of 6,Climbing,Nordvik Outdoor,2,155.00,62.00,310.00,186.00,,N
5619,2025-03-16,Bellingham,North Cascades,Ski Skins,Snow,Nordvik Outdoor,3,199.00,84.00,597.00,345.00,1005,Y
5620,2025-03-16,Bellingham,North Cascades,Down Sweater,Apparel,Olympic Down Works,1,185.00,74.00,185.00,111.00,,N
5621,2025-03-16,Eugene,Willamette,Inflatable Kayak,Water,Fraser Valley Rubber,1,699.00,289.00,699.00,410.00,1053,Y
5622,2025-03-16,Bellevue,Puget Sound,Ski Skins,Snow,Nordvik Outdoor,1,199.00,84.00,199.00,115.00,1031,Y
5623,2025-03-17,Seattle Flagship,Puget Sound,Titanium Cook Set,Camping,Sanko Technical,1,115.00,47.00,115.00,68.00,1056,Y
5624,2025-03-17,Portland Pearl,Willamette,Headlamp 400,Camping,Sanko Technical,2,44.00,16.00,88.00,56.00,1016,Y
5625,2025-03-17,Eugene,Willamette,Down Sweater,Apparel,Olympic Down Works,1,185.00,74.00,185.00,111.00,1045,Y
5626,2025-03-17,Portland Pearl,Willamette,Avalanche Beacon,Snow,Nordvik Outdoor,1,399.00,178.00,399.00,221.00,1049,Y
5627,2025-03-17,Seattle Flagship,Puget Sound,Headlamp 400,Camping,Sanko Technical,3,44.00,16.00,132.00,84.00,1018,Y
5628,2025-03-17,Bellevue,Puget Sound,Paddle Carbon,Water,Sanko Technical,1,279.00,112.00,279.00,167.00,1016,Y
5629,2025-03-17,Boise,Inland,Backcountry Boot,Footwear,Fraser Valley Rubber,1,219.00,88.00,219.00,131.00,1052,Y
5630,2025-03-18,Seattle Flagship,Puget Sound,Backcountry Boot,Footwear,Fraser Valley Rubber,1,219.00,88.00,219.00,131.00,1017,Y
5631,2025-03-18,Boise,Inland,Insulated Camp Bootie,Footwear,Andes Alpaca Co-op,1,59.00,22.00,59.00,37.00,1060,Y
5632,2025-03-18,Seattle Flagship,Puget Sound,Snowshoe Kit,Snow,Kitsap Forge,3,179.00,76.00,537.00,309.00,1060,Y
5633,2025-03-18,Seattle Flagship,Puget Sound,Quickdraw Set of 6,Climbing,Nordvik Outdoor,3,131.75,62.00,395.25,209.25,1015,Y
5634,2025-03-18,Boise,Inland,Quickdraw Set of 6,Climbing,Nordvik Outdoor,1,155.00,62.00,155.00,93.00,1030,Y
5635,2025-03-18,Spokane,Inland,Sun Hoody,Apparel,Cascade Textiles,1,62.00,24.00,62.00,38.00,1042,Y
5636,2025-03-19,Eugene,Willamette,Insulated Camp Bootie,Footwear,Andes Alpaca Co-op,1,59.00,22.00,59.00,37.00,1007,Y
5637,2025-03-19,Tacoma,Puget Sound,Trail Convertible Pant,Apparel,Cascade Textiles,2,89.00,36.00,178.00,106.00,1023,Y
5638,2025-03-19,Portland Pearl,Willamette,Trail Convertible Pant,Apparel,Cascade Textiles,3,75.65,36.00,226.95,118.95,1049,Y
5639,2025-03-19,Seattle Flagship,Puget Sound,Titanium Cook Set,Camping,Sanko Technical,1,115.00,47.00,115.00,68.00,,N
5640,2025-03-19,Portland Pearl,Willamette,Ski Skins,Snow,Nordvik Outdoor,1,199.00,84.00,199.00,115.00,1057,Y
5641,2025-03-19,Boise,Inland,Dry Bag 30L,Water,Fraser Valley Rubber,2,42.00,17.00,84.00,50.00,1007,Y
5642,2025-03-19,Portland Pearl,Willamette,Chalk Bag,Climbing,Kitsap Forge,1,26.00,9.00,26.00,17.00,1027,Y
5643,2025-03-19,Bellingham,North Cascades,Sun Hoody,Apparel,Cascade Textiles,1,62.00,24.00,62.00,38.00,,N
5644,2025-03-19,Seattle Flagship,Puget Sound,Sun Hoody,Apparel,Cascade Textiles,1,62.00,24.00,62.00,38.00,1037,Y
5645,2025-03-20,Bellingham,North Cascades,Nimbus 0F Sleeping Bag,Camping,Olympic Down Works,1,339.00,138.00,339.00,201.00,1031,Y
5646,2025-03-20,Bellevue,Puget Sound,Alpaca Base Layer,Apparel,Andes Alpaca Co-op,1,78.00,29.00,78.00,49.00,1018,Y
5647,2025-03-20,Eugene,Willamette,Belay Device,Climbing,Kitsap Forge,2,49.00,19.00,98.00,60.00,,N
5648,2025-03-20,Portland Pearl,Willamette,Ski Skins,Snow,Nordvik Outdoor,2,199.00,84.00,398.00,230.00,1007,Y
5649,2025-03-20,Portland Pearl,Willamette,Alpaca Base Layer,Apparel,Andes Alpaca Co-op,1,66.30,29.00,66.30,37.30,1002,Y
5650,2025-03-20,Tacoma,Puget Sound,Snowshoe Kit,Snow,Kitsap Forge,1,179.00,76.00,179.00,103.00,1041,Y
5651,2025-03-20,Spokane,Inland,Avalanche Beacon,Snow,Nordvik Outdoor,1,399.00,178.00,399.00,221.00,1043,Y
5652,2025-03-21,Eugene,Willamette,Nimbus 20F Sleeping Bag,Camping,Olympic Down Works,1,220.15,104.00,220.15,116.15,1019,Y
5653,2025-03-21,Spokane,Inland,Backcountry Boot,Footwear,Fraser Valley Rubber,1,219.00,88.00,219.00,131.00,1051,Y
5654,2025-03-21,Portland Pearl,Willamette,Chalk Bag,Climbing,Kitsap Forge,2,26.00,9.00,52.00,34.00,1008,Y
5655,2025-03-21,Tacoma,Puget Sound,Avalanche Beacon,Snow,Nordvik Outdoor,1,399.00,178.00,399.00,221.00,1049,Y
5656,2025-03-21,Spokane,Inland,Touring Ski Package,Snow,Nordvik Outdoor,1,949.00,412.00,949.00,537.00,1036,Y
5657,2025-03-22,Eugene,Willamette,Merino Hiking Socks,Apparel,Andes Alpaca Co-op,1,24.00,8.50,24.00,15.50,1036,Y
5658,2025-03-22,Seattle Flagship,Puget Sound,Alpine 45L Pack,Camping,Olympic Down Works,2,189.00,78.00,378.00,222.00,1012,Y
5659,2025-03-22,Tacoma,Puget Sound,Avalanche Beacon,Snow,Nordvik Outdoor,1,339.15,178.00,339.15,161.15,1010,Y
5660,2025-03-22,Eugene,Willamette,Basecamp 65L Pack,Camping,Olympic Down Works,1,229.00,96.00,229.00,133.00,1059,Y
5661,2025-03-22,Spokane,Inland,Stormbreak Rain Jacket,Apparel,Cascade Textiles,1,169.00,68.00,169.00,101.00,1017,Y
5662,2025-03-22,Bellevue,Puget Sound,Merino Hiking Socks,Apparel,Andes Alpaca Co-op,2,24.00,8.50,48.00,31.00,1013,Y
5663,2025-03-22,Bellevue,Puget Sound,PFD Vest,Water,Kitsap Forge,2,95.00,38.00,190.00,114.00,1009,Y
5664,2025-03-22,Spokane,Inland,Trail Convertible Pant,Apparel,Cascade Textiles,2,89.00,36.00,178.00,106.00,1004,Y
5665,2025-03-23,Seattle Flagship,Puget Sound,Touring Ski Package,Snow,Nordvik Outdoor,1,949.00,412.00,949.00,537.00,1054,Y
5666,2025-03-23,Bellevue,Puget Sound,Stormbreak Rain Jacket,Apparel,Cascade Textiles,1,169.00,68.00,169.00,101.00,1043,Y
5667,2025-03-23,Boise,Inland,Avalanche Beacon,Snow,Nordvik Outdoor,1,399.00,178.00,399.00,221.00,1047,Y
5668,2025-03-23,Seattle Flagship,Puget Sound,Paddle Carbon,Water,Sanko Technical,1,237.15,112.00,237.15,125.15,1060,Y
5669,2025-03-24,Boise,Inland,Stormbreak Rain Jacket,Apparel,Cascade Textiles,2,169.00,68.00,338.00,202.00,1026,Y
5670,2025-03-24,Spokane,Inland,PFD Vest,Water,Kitsap Forge,2,95.00,38.00,190.00,114.00,1028,Y
5671,2025-03-24,Bellevue,Puget Sound,Merino Hiking Socks,Apparel,Andes Alpaca Co-op,1,24.00,8.50,24.00,15.50,1026,Y
5672,2025-03-24,Boise,Inland,Ridgeline 2P Tent,Camping,Cascade Textiles,1,349.00,142.00,349.00,207.00,1036,Y
5673,2025-03-24,Bellevue,Puget Sound,Merino Hiking Socks,Apparel,Andes Alpaca Co-op,1,24.00,8.50,24.00,15.50,1030,Y
5674,2025-03-24,Bellingham,North Cascades,Titanium Cook Set,Camping,Sanko Technical,1,115.00,47.00,115.00,68.00,,N
5675,2025-03-24,Seattle Flagship,Puget Sound,Insulated Camp Bootie,Footwear,Andes Alpaca Co-op,1,59.00,22.00,59.00,37.00,1019,Y
5676,2025-03-25,Bellevue,Puget Sound,Nimbus 20F Sleeping Bag,Camping,Olympic Down Works,1,259.00,104.00,259.00,155.00,1015,Y
5677,2025-03-25,Portland Pearl,Willamette,Fleece Quarter-Zip,Apparel,Cascade Textiles,1,79.00,31.00,79.00,48.00,1004,Y
5678,2025-03-25,Bellevue,Puget Sound,Titanium Cook Set,Camping,Sanko Technical,1,115.00,47.00,115.00,68.00,1040,Y
5679,2025-03-25,Spokane,Inland,Avalanche Beacon,Snow,Nordvik Outdoor,1,399.00,178.00,399.00,221.00,1036,Y
5680,2025-03-25,Tacoma,Puget Sound,Down Sweater,Apparel,Olympic Down Works,2,185.00,74.00,370.00,222.00,1008,Y
5681,2025-03-25,Portland Pearl,Willamette,Ski Skins,Snow,Nordvik Outdoor,2,199.00,84.00,398.00,230.00,1046,Y
5682,2025-03-25,Bellingham,North Cascades,Stormbreak Rain Jacket,Apparel,Cascade Textiles,2,169.00,68.00,338.00,202.00,,N
5683,2025-03-25,Seattle Flagship,Puget Sound,Snowshoe Kit,Snow,Kitsap Forge,1,179.00,76.00,179.00,103.00,1013,Y
5684,2025-03-25,Portland Pearl,Willamette,Summit Shell Jacket,Apparel,Cascade Textiles,1,299.00,121.00,299.00,178.00,1036,Y
5685,2025-03-26,Spokane,Inland,Sun Hoody,Apparel,Cascade Textiles,1,62.00,24.00,62.00,38.00,1035,Y
5686,2025-03-26,Portland Pearl,Willamette,Alpaca Base Layer,Apparel,Andes Alpaca Co-op,1,78.00,29.00,78.00,49.00,1027,Y
5687,2025-03-26,Tacoma,Puget Sound,Dynamic Rope 60m,Climbing,Nordvik Outdoor,1,239.00,98.00,239.00,141.00,1042,Y
5688,2025-03-26,Seattle Flagship,Puget Sound,Stormbreak Rain Jacket,Apparel,Cascade Textiles,3,169.00,68.00,507.00,303.00,1042,Y
5689,2025-03-26,Bellevue,Puget Sound,Inflatable Kayak,Water,Fraser Valley Rubber,1,699.00,289.00,699.00,410.00,1018,Y
5690,2025-03-27,Boise,Inland,Quickdraw Set of 6,Climbing,Nordvik Outdoor,2,131.75,62.00,263.50,139.50,1014,Y
5691,2025-03-27,Tacoma,Puget Sound,Ski Skins,Snow,Nordvik Outdoor,1,199.00,84.00,199.00,115.00,1033,Y
5692,2025-03-27,Seattle Flagship,Puget Sound,Avalanche Beacon,Snow,Nordvik Outdoor,1,399.00,178.00,399.00,221.00,1020,Y
5693,2025-03-28,Seattle Flagship,Puget Sound,Headlamp 400,Camping,Sanko Technical,1,44.00,16.00,44.00,28.00,1032,Y
5694,2025-03-28,Bellevue,Puget Sound,Snowshoe Kit,Snow,Kitsap Forge,2,179.00,76.00,358.00,206.00,1007,Y
5695,2025-03-28,Seattle Flagship,Puget Sound,Inflatable Kayak,Water,Fraser Valley Rubber,1,699.00,289.00,699.00,410.00,1013,Y
5696,2025-03-28,Bellevue,Puget Sound,Nimbus 20F Sleeping Bag,Camping,Olympic Down Works,1,259.00,104.00,259.00,155.00,1044,Y
5697,2025-03-28,Spokane,Inland,Summit Shell Jacket,Apparel,Cascade Textiles,1,299.00,121.00,299.00,178.00,1038,Y
5698,2025-03-28,Tacoma,Puget Sound,Alpaca Base Layer,Apparel,Andes Alpaca Co-op,1,78.00,29.00,78.00,49.00,1027,Y
5699,2025-03-28,Portland Pearl,Willamette,Insulated Camp Bootie,Footwear,Andes Alpaca Co-op,1,50.15,22.00,50.15,28.15,1048,Y
5700,2025-03-28,Seattle Flagship,Puget Sound,Basecamp 65L Pack,Camping,Olympic Down Works,1,229.00,96.00,229.00,133.00,1013,Y
5701,2025-03-28,Spokane,Inland,Avalanche Beacon,Snow,Nordvik Outdoor,1,399.00,178.00,399.00,221.00,1035,Y
5702,2025-03-28,Portland Pearl,Willamette,PFD Vest,Water,Kitsap Forge,1,95.00,38.00,95.00,57.00,1035,Y
5703,2025-03-29,Seattle Flagship,Puget Sound,Sun Hoody,Apparel,Cascade Textiles,1,62.00,24.00,62.00,38.00,,N
5704,2025-03-29,Bellingham,North Cascades,Alpaca Base Layer,Apparel,Andes Alpaca Co-op,1,78.00,29.00,78.00,49.00,,N
5705,2025-03-29,Eugene,Willamette,Down Sweater,Apparel,Olympic Down Works,2,185.00,74.00,370.00,222.00,1019,Y
5706,2025-03-29,Bellingham,North Cascades,Snowshoe Kit,Snow,Kitsap Forge,2,179.00,76.00,358.00,206.00,1040,Y
5707,2025-03-29,Bellevue,Puget Sound,Cascade Camp Stove,Camping,Kitsap Forge,3,84.00,34.00,252.00,150.00,1048,Y
5708,2025-03-29,Seattle Flagship,Puget Sound,Insulated Camp Bootie,Footwear,Andes Alpaca Co-op,2,59.00,22.00,118.00,74.00,,N
5709,2025-03-29,Bellevue,Puget Sound,Ski Skins,Snow,Nordvik Outdoor,1,199.00,84.00,199.00,115.00,1009,Y
5710,2025-03-29,Boise,Inland,Belay Device,Climbing,Kitsap Forge,1,49.00,19.00,49.00,30.00,1056,Y
5711,2025-03-29,Portland Pearl,Willamette,Insulated Camp Bootie,Footwear,Andes Alpaca Co-op,1,59.00,22.00,59.00,37.00,1058,Y
5712,2025-03-29,Tacoma,Puget Sound,Trailhead Sleeping Pad,Camping,Sanko Technical,2,99.00,41.00,198.00,116.00,1059,Y
5713,2025-03-29,Spokane,Inland,Insulated Camp Bootie,Footwear,Andes Alpaca Co-op,2,59.00,22.00,118.00,74.00,,N
5714,2025-03-29,Bellingham,North Cascades,Alpine 45L Pack,Camping,Olympic Down Works,1,189.00,78.00,189.00,111.00,,N
5715,2025-03-29,Tacoma,Puget Sound,Quickdraw Set of 6,Climbing,Nordvik Outdoor,2,155.00,62.00,310.00,186.00,1008,Y
5716,2025-03-29,Spokane,Inland,Fleece Quarter-Zip,Apparel,Cascade Textiles,1,79.00,31.00,79.00,48.00,1030,Y
5717,2025-03-29,Bellevue,Puget Sound,Nimbus 0F Sleeping Bag,Camping,Olympic Down Works,1,339.00,138.00,339.00,201.00,1044,Y
5718,2025-03-29,Eugene,Willamette,Snowshoe Kit,Snow,Kitsap Forge,2,152.15,76.00,304.30,152.30,1019,Y
5719,2025-03-29,Spokane,Inland,Touring Ski Package,Snow,Nordvik Outdoor,1,806.65,412.00,806.65,394.65,1049,Y
5720,2025-03-30,Seattle Flagship,Puget Sound,Nimbus 0F Sleeping Bag,Camping,Olympic Down Works,1,339.00,138.00,339.00,201.00,,N
5721,2025-03-30,Tacoma,Puget Sound,Merino Hiking Socks,Apparel,Andes Alpaca Co-op,2,24.00,8.50,48.00,31.00,,N
5722,2025-03-30,Boise,Inland,Vertex Climbing Harness,Climbing,Kitsap Forge,1,105.00,43.00,105.00,62.00,1003,Y
5723,2025-03-30,Bellevue,Puget Sound,Alpaca Base Layer,Apparel,Andes Alpaca Co-op,1,78.00,29.00,78.00,49.00,1058,Y
5724,2025-03-30,Spokane,Inland,Down Sweater,Apparel,Olympic Down Works,3,185.00,74.00,555.00,333.00,1050,Y
5725,2025-03-30,Eugene,Willamette,Trail Runner GTX,Footwear,Fraser Valley Rubber,1,149.00,61.00,149.00,88.00,1015,Y
5726,2025-03-30,Bellingham,North Cascades,Basecamp 65L Pack,Camping,Olympic Down Works,1,229.00,96.00,229.00,133.00,,N
5727,2025-03-31,Portland Pearl,Willamette,Trailhead Sleeping Pad,Camping,Sanko Technical,3,99.00,41.00,297.00,174.00,1024,Y
5728,2025-03-31,Boise,Inland,Nimbus 20F Sleeping Bag,Camping,Olympic Down Works,1,259.00,104.00,259.00,155.00,1044,Y
5729,2025-03-31,Seattle Flagship,Puget Sound,Dynamic Rope 60m,Climbing,Nordvik Outdoor,1,239.00,98.00,239.00,141.00,1042,Y
5730,2025-03-31,Seattle Flagship,Puget Sound,Chalk Bag,Climbing,Kitsap Forge,1,26.00,9.00,26.00,17.00,,N
5731,2025-03-31,Spokane,Inland,Basecamp 65L Pack,Camping,Olympic Down Works,1,229.00,96.00,229.00,133.00,1018,Y
5732,2025-03-31,Portland Pearl,Willamette,Down Sweater,Apparel,Olympic Down Works,2,185.00,74.00,370.00,222.00,1026,Y
5733,2025-03-31,Bellingham,North Cascades,Touring Ski Package,Snow,Nordvik Outdoor,1,949.00,412.00,949.00,537.00,,N
5734,2025-03-31,Seattle Flagship,Puget Sound,Vertex Climbing Harness,Climbing,Kitsap Forge,2,105.00,43.00,210.00,124.00,1048,Y
5735,2025-03-31,Bellevue,Puget Sound,Chalk Bag,Climbing,Kitsap Forge,1,26.00,9.00,26.00,17.00,1013,Y
5736,2025-03-31,Bellingham,North Cascades,Headlamp 400,Camping,Sanko Technical,1,44.00,16.00,44.00,28.00,1047,Y
5737,2025-03-31,Seattle Flagship,Puget Sound,Vertex Climbing Harness,Climbing,Kitsap Forge,2,105.00,43.00,210.00,124.00,,N
5738,2025-04-01,Portland Pearl,Willamette,Summit Shell Jacket,Apparel,Cascade Textiles,1,299.00,121.00,299.00,178.00,1052,Y
5739,2025-04-01,Seattle Flagship,Puget Sound,Headlamp 400,Camping,Sanko Technical,2,44.00,16.00,88.00,56.00,1041,Y
5740,2025-04-01,Bellevue,Puget Sound,Approach Shoe,Footwear,Fraser Valley Rubber,2,129.00,52.00,258.00,154.00,1028,Y
5741,2025-04-01,Bellingham,North Cascades,Stormbreak Rain Jacket,Apparel,Cascade Textiles,1,169.00,68.00,169.00,101.00,1005,Y
5742,2025-04-02,Spokane,Inland,Alpine 45L Pack,Camping,Olympic Down Works,3,189.00,78.00,567.00,333.00,1029,Y
5743,2025-04-02,Seattle Flagship,Puget Sound,Stormbreak Rain Jacket,Apparel,Cascade Textiles,1,169.00,68.00,169.00,101.00,1001,Y
5744,2025-04-02,Bellingham,North Cascades,Alpaca Base Layer,Apparel,Andes Alpaca Co-op,1,78.00,29.00,78.00,49.00,1003,Y
5745,2025-04-02,Boise,Inland,Insulated Camp Bootie,Footwear,Andes Alpaca Co-op,3,59.00,22.00,177.00,111.00,1007,Y
5746,2025-04-02,Bellingham,North Cascades,Ridgeline 2P Tent,Camping,Cascade Textiles,1,349.00,142.00,349.00,207.00,,N
5747,2025-04-02,Seattle Flagship,Puget Sound,PFD Vest,Water,Kitsap Forge,2,80.75,38.00,161.50,85.50,1034,Y
5748,2025-04-02,Bellevue,Puget Sound,Ridgeline 3P Tent,Camping,Cascade Textiles,1,419.00,168.00,419.00,251.00,1001,Y
5749,2025-04-03,Seattle Flagship,Puget Sound,Dynamic Rope 60m,Climbing,Nordvik Outdoor,1,239.00,98.00,239.00,141.00,1059,Y
5750,2025-04-03,Tacoma,Puget Sound,Basecamp 65L Pack,Camping,Olympic Down Works,1,194.65,96.00,194.65,98.65,1035,Y
5751,2025-04-03,Portland Pearl,Willamette,Alpaca Base Layer,Apparel,Andes Alpaca Co-op,2,78.00,29.00,156.00,98.00,1041,Y
5752,2025-04-04,Eugene,Willamette,Alpaca Base Layer,Apparel,Andes Alpaca Co-op,3,78.00,29.00,234.00,147.00,1012,Y
5753,2025-04-04,Portland Pearl,Willamette,Titanium Cook Set,Camping,Sanko Technical,1,115.00,47.00,115.00,68.00,1051,Y
5754,2025-04-04,Bellevue,Puget Sound,Down Sweater,Apparel,Olympic Down Works,1,185.00,74.00,185.00,111.00,1054,Y
5755,2025-04-04,Portland Pearl,Willamette,Chalk Bag,Climbing,Kitsap Forge,2,26.00,9.00,52.00,34.00,1041,Y
5756,2025-04-04,Portland Pearl,Willamette,Chalk Bag,Climbing,Kitsap Forge,1,26.00,9.00,26.00,17.00,1049,Y
5757,2025-04-04,Bellingham,North Cascades,Dry Bag 30L,Water,Fraser Valley Rubber,2,42.00,17.00,84.00,50.00,1038,Y
5758,2025-04-05,Eugene,Willamette,Dynamic Rope 60m,Climbing,Nordvik Outdoor,1,239.00,98.00,239.00,141.00,1030,Y
5759,2025-04-05,Seattle Flagship,Puget Sound,Paddle Carbon,Water,Sanko Technical,1,279.00,112.00,279.00,167.00,1027,Y
5760,2025-04-05,Portland Pearl,Willamette,Ridgeline 3P Tent,Camping,Cascade Textiles,1,419.00,168.00,419.00,251.00,1003,Y
5761,2025-04-05,Portland Pearl,Willamette,PFD Vest,Water,Kitsap Forge,2,95.00,38.00,190.00,114.00,1028,Y
5762,2025-04-05,Seattle Flagship,Puget Sound,Headlamp 400,Camping,Sanko Technical,2,37.40,16.00,74.80,42.80,1039,Y
5763,2025-04-05,Bellevue,Puget Sound,Trail Convertible Pant,Apparel,Cascade Textiles,1,89.00,36.00,89.00,53.00,1024,Y
5764,2025-04-05,Seattle Flagship,Puget Sound,Cascade Camp Stove,Camping,Kitsap Forge,1,84.00,34.00,84.00,50.00,1042,Y
5765,2025-04-05,Tacoma,Puget Sound,Quickdraw Set of 6,Climbing,Nordvik Outdoor,2,155.00,62.00,310.00,186.00,1014,Y
5766,2025-04-05,Seattle Flagship,Puget Sound,Merino Hiking Socks,Apparel,Andes Alpaca Co-op,3,24.00,8.50,72.00,46.50,1044,Y
5767,2025-04-06,Portland Pearl,Willamette,Chalk Bag,Climbing,Kitsap Forge,1,26.00,9.00,26.00,17.00,1028,Y
5768,2025-04-06,Seattle Flagship,Puget Sound,Merino Hiking Socks,Apparel,Andes Alpaca Co-op,1,24.00,8.50,24.00,15.50,1024,Y
5769,2025-04-06,Bellingham,North Cascades,Alpaca Base Layer,Apparel,Andes Alpaca Co-op,1,78.00,29.00,78.00,49.00,,N
5770,2025-04-06,Eugene,Willamette,Merino Hiking Socks,Apparel,Andes Alpaca Co-op,1,24.00,8.50,24.00,15.50,,N
5771,2025-04-06,Bellevue,Puget Sound,Avalanche Beacon,Snow,Nordvik Outdoor,1,399.00,178.00,399.00,221.00,1047,Y
5772,2025-04-06,Bellevue,Puget Sound,Cascade Camp Stove,Camping,Kitsap Forge,1,84.00,34.00,84.00,50.00,1014,Y
5773,2025-04-06,Eugene,Willamette,Paddle Carbon,Water,Sanko Technical,1,279.00,112.00,279.00,167.00,1058,Y
5774,2025-04-07,Eugene,Willamette,Approach Shoe,Footwear,Fraser Valley Rubber,1,129.00,52.00,129.00,77.00,1019,Y
5775,2025-04-07,Portland Pearl,Willamette,Belay Device,Climbing,Kitsap Forge,1,49.00,19.00,49.00,30.00,1009,Y
5776,2025-04-07,Tacoma,Puget Sound,Dynamic Rope 60m,Climbing,Nordvik Outdoor,1,239.00,98.00,239.00,141.00,1031,Y
5777,2025-04-07,Portland Pearl,Willamette,Dynamic Rope 60m,Climbing,Nordvik Outdoor,1,239.00,98.00,239.00,141.00,1035,Y
5778,2025-04-07,Portland Pearl,Willamette,Touring Ski Package,Snow,Nordvik Outdoor,1,949.00,412.00,949.00,537.00,1033,Y
5779,2025-04-07,Portland Pearl,Willamette,Dry Bag 30L,Water,Fraser Valley Rubber,2,42.00,17.00,84.00,50.00,,N
5780,2025-04-07,Portland Pearl,Willamette,Cascade Camp Stove,Camping,Kitsap Forge,3,84.00,34.00,252.00,150.00,1014,Y
5781,2025-04-07,Eugene,Willamette,PFD Vest,Water,Kitsap Forge,1,80.75,38.00,80.75,42.75,1044,Y
5782,2025-04-07,Bellingham,North Cascades,Nimbus 0F Sleeping Bag,Camping,Olympic Down Works,1,339.00,138.00,339.00,201.00,1002,Y
5783,2025-04-08,Seattle Flagship,Puget Sound,Approach Shoe,Footwear,Fraser Valley Rubber,1,129.00,52.00,129.00,77.00,1052,Y
5784,2025-04-08,Portland Pearl,Willamette,Ridgeline 3P Tent,Camping,Cascade Textiles,1,419.00,168.00,419.00,251.00,1036,Y
5785,2025-04-08,Portland Pearl,Willamette,Paddle Carbon,Water,Sanko Technical,1,279.00,112.00,279.00,167.00,1049,Y
5786,2025-04-08,Seattle Flagship,Puget Sound,Cascade Camp Stove,Camping,Kitsap Forge,2,84.00,34.00,168.00,100.00,1024,Y
5787,2025-04-08,Portland Pearl,Willamette,Titanium Cook Set,Camping,Sanko Technical,2,115.00,47.00,230.00,136.00,1007,Y
5788,2025-04-08,Portland Pearl,Willamette,Inflatable Kayak,Water,Fraser Valley Rubber,1,699.00,289.00,699.00,410.00,1026,Y
5789,2025-04-09,Bellevue,Puget Sound,Trail Convertible Pant,Apparel,Cascade Textiles,1,75.65,36.00,75.65,39.65,1052,Y
5790,2025-04-09,Eugene,Willamette,Stormbreak Rain Jacket,Apparel,Cascade Textiles,1,169.00,68.00,169.00,101.00,1005,Y
5791,2025-04-09,Boise,Inland,Cascade Camp Stove,Camping,Kitsap Forge,3,84.00,34.00,252.00,150.00,1003,Y
5792,2025-04-09,Portland Pearl,Willamette,Stormbreak Rain Jacket,Apparel,Cascade Textiles,2,169.00,68.00,338.00,202.00,1058,Y
5793,2025-04-09,Bellingham,North Cascades,Down Sweater,Apparel,Olympic Down Works,1,185.00,74.00,185.00,111.00,,N
5794,2025-04-09,Eugene,Willamette,Summit Shell Jacket,Apparel,Cascade Textiles,1,299.00,121.00,299.00,178.00,1004,Y
5795,2025-04-09,Tacoma,Puget Sound,Basecamp 65L Pack,Camping,Olympic Down Works,1,229.00,96.00,229.00,133.00,1012,Y
5796,2025-04-09,Spokane,Inland,Chalk Bag,Climbing,Kitsap Forge,2,26.00,9.00,52.00,34.00,1009,Y
5797,2025-04-09,Tacoma,Puget Sound,Inflatable Kayak,Water,Fraser Valley Rubber,1,699.00,289.00,699.00,410.00,1029,Y
5798,2025-04-10,Seattle Flagship,Puget Sound,Cascade Camp Stove,Camping,Kitsap Forge,1,84.00,34.00,84.00,50.00,1051,Y
5799,2025-04-10,Bellingham,North Cascades,Dry Bag 30L,Water,Fraser Valley Rubber,3,42.00,17.00,126.00,75.00,1053,Y
5800,2025-04-10,Tacoma,Puget Sound,Trail Runner GTX,Footwear,Fraser Valley Rubber,2,149.00,61.00,298.00,176.00,1059,Y
5801,2025-04-10,Bellevue,Puget Sound,Merino Hiking Socks,Apparel,Andes Alpaca Co-op,3,24.00,8.50,72.00,46.50,1040,Y
5802,2025-04-10,Spokane,Inland,Quickdraw Set of 6,Climbing,Nordvik Outdoor,2,155.00,62.00,310.00,186.00,1007,Y
5803,2025-04-11,Tacoma,Puget Sound,Vertex Climbing Harness,Climbing,Kitsap Forge,3,105.00,43.00,315.00,186.00,,N
5804,2025-04-11,Spokane,Inland,Backcountry Boot,Footwear,Fraser Valley Rubber,1,219.00,88.00,219.00,131.00,,N
5805,2025-04-11,Tacoma,Puget Sound,Ski Skins,Snow,Nordvik Outdoor,1,199.00,84.00,199.00,115.00,1025,Y
5806,2025-04-12,Portland Pearl,Willamette,Vertex Climbing Harness,Climbing,Kitsap Forge,2,105.00,43.00,210.00,124.00,1022,Y
5807,2025-04-12,Bellingham,North Cascades,Belay Device,Climbing,Kitsap Forge,1,49.00,19.00,49.00,30.00,,N
5808,2025-04-12,Portland Pearl,Willamette,Trail Runner GTX,Footwear,Fraser Valley Rubber,1,149.00,61.00,149.00,88.00,1014,Y
5809,2025-04-12,Bellevue,Puget Sound,Ski Skins,Snow,Nordvik Outdoor,2,199.00,84.00,398.00,230.00,1029,Y
5810,2025-04-12,Tacoma,Puget Sound,Nimbus 0F Sleeping Bag,Camping,Olympic Down Works,1,339.00,138.00,339.00,201.00,1039,Y
5811,2025-04-12,Seattle Flagship,Puget Sound,Ridgeline 2P Tent,Camping,Cascade Textiles,1,349.00,142.00,349.00,207.00,1048,Y
5812,2025-04-12,Eugene,Willamette,Alpine 45L Pack,Camping,Olympic Down Works,1,189.00,78.00,189.00,111.00,,N
5813,2025-04-12,Eugene,Willamette,Ridgeline 3P Tent,Camping,Cascade Textiles,1,419.00,168.00,419.00,251.00,,N
5814,2025-04-12,Spokane,Inland,Trail Runner GTX,Footwear,Fraser Valley Rubber,1,149.00,61.00,149.00,88.00,1020,Y
5815,2025-04-12,Bellevue,Puget Sound,Paddle Carbon,Water,Sanko Technical,1,279.00,112.00,279.00,167.00,1024,Y
5816,2025-04-12,Seattle Flagship,Puget Sound,Chalk Bag,Climbing,Kitsap Forge,1,26.00,9.00,26.00,17.00,1040,Y
5817,2025-04-12,Seattle Flagship,Puget Sound,Nimbus 20F Sleeping Bag,Camping,Olympic Down Works,1,259.00,104.00,259.00,155.00,1042,Y
5818,2025-04-13,Portland Pearl,Willamette,Dry Bag 30L,Water,Fraser Valley Rubber,1,42.00,17.00,42.00,25.00,1032,Y
5819,2025-04-13,Portland Pearl,Willamette,Vertex Climbing Harness,Climbing,Kitsap Forge,2,105.00,43.00,210.00,124.00,1040,Y
5820,2025-04-13,Portland Pearl,Willamette,Chalk Bag,Climbing,Kitsap Forge,1,26.00,9.00,26.00,17.00,1057,Y
5821,2025-04-14,Tacoma,Puget Sound,Alpine 45L Pack,Camping,Olympic Down Works,1,189.00,78.00,189.00,111.00,1036,Y
5822,2025-04-14,Portland Pearl,Willamette,Dynamic Rope 60m,Climbing,Nordvik Outdoor,1,239.00,98.00,239.00,141.00,1054,Y
5823,2025-04-14,Spokane,Inland,Backcountry Boot,Footwear,Fraser Valley Rubber,1,219.00,88.00,219.00,131.00,1007,Y
5824,2025-04-14,Eugene,Willamette,Down Sweater,Apparel,Olympic Down Works,1,185.00,74.00,185.00,111.00,1021,Y
5825,2025-04-14,Portland Pearl,Willamette,Ski Skins,Snow,Nordvik Outdoor,3,199.00,84.00,597.00,345.00,1034,Y
5826,2025-04-14,Portland Pearl,Willamette,Nimbus 20F Sleeping Bag,Camping,Olympic Down Works,1,259.00,104.00,259.00,155.00,1015,Y
5827,2025-04-14,Bellevue,Puget Sound,Headlamp 400,Camping,Sanko Technical,1,44.00,16.00,44.00,28.00,1051,Y
5828,2025-04-14,Eugene,Willamette,Merino Hiking Socks,Apparel,Andes Alpaca Co-op,2,20.40,8.50,40.80,23.80,1059,Y
5829,2025-04-14,Tacoma,Puget Sound,Ski Skins,Snow,Nordvik Outdoor,3,199.00,84.00,597.00,345.00,,N
5830,2025-04-14,Bellingham,North Cascades,Titanium Cook Set,Camping,Sanko Technical,1,115.00,47.00,115.00,68.00,1040,Y
5831,2025-04-14,Boise,Inland,Trail Runner GTX,Footwear,Fraser Valley Rubber,1,149.00,61.00,149.00,88.00,1003,Y
5832,2025-04-15,Seattle Flagship,Puget Sound,Titanium Cook Set,Camping,Sanko Technical,1,115.00,47.00,115.00,68.00,1011,Y
5833,2025-04-15,Tacoma,Puget Sound,Avalanche Beacon,Snow,Nordvik Outdoor,1,399.00,178.00,399.00,221.00,1033,Y
5834,2025-04-15,Seattle Flagship,Puget Sound,Titanium Cook Set,Camping,Sanko Technical,1,115.00,47.00,115.00,68.00,1036,Y
5835,2025-04-15,Bellingham,North Cascades,Cascade Camp Stove,Camping,Kitsap Forge,2,84.00,34.00,168.00,100.00,1001,Y
5836,2025-04-15,Portland Pearl,Willamette,Stormbreak Rain Jacket,Apparel,Cascade Textiles,2,169.00,68.00,338.00,202.00,1042,Y
5837,2025-04-15,Bellingham,North Cascades,Cascade Camp Stove,Camping,Kitsap Forge,1,84.00,34.00,84.00,50.00,1020,Y
5838,2025-04-15,Portland Pearl,Willamette,Belay Device,Climbing,Kitsap Forge,2,49.00,19.00,98.00,60.00,1032,Y
5839,2025-04-15,Seattle Flagship,Puget Sound,Dynamic Rope 60m,Climbing,Nordvik Outdoor,1,203.15,98.00,203.15,105.15,1047,Y
5840,2025-04-16,Portland Pearl,Willamette,Approach Shoe,Footwear,Fraser Valley Rubber,1,129.00,52.00,129.00,77.00,1032,Y
5841,2025-04-16,Bellingham,North Cascades,Paddle Carbon,Water,Sanko Technical,1,279.00,112.00,279.00,167.00,1005,Y
5842,2025-04-16,Portland Pearl,Willamette,Headlamp 400,Camping,Sanko Technical,3,44.00,16.00,132.00,84.00,1056,Y
5843,2025-04-16,Bellingham,North Cascades,Dry Bag 30L,Water,Fraser Valley Rubber,2,42.00,17.00,84.00,50.00,,N
5844,2025-04-16,Boise,Inland,Approach Shoe,Footwear,Fraser Valley Rubber,1,129.00,52.00,129.00,77.00,1026,Y
5845,2025-04-16,Bellingham,North Cascades,Snowshoe Kit,Snow,Kitsap Forge,3,179.00,76.00,537.00,309.00,,N
5846,2025-04-16,Portland Pearl,Willamette,Paddle Carbon,Water,Sanko Technical,1,279.00,112.00,279.00,167.00,1052,Y
5847,2025-04-16,Boise,Inland,Trailhead Sleeping Pad,Camping,Sanko Technical,2,99.00,41.00,198.00,116.00,1003,Y
5848,2025-04-17,Seattle Flagship,Puget Sound,Titanium Cook Set,Camping,Sanko Technical,1,115.00,47.00,115.00,68.00,1026,Y
5849,2025-04-17,Boise,Inland,Headlamp 400,Camping,Sanko Technical,2,44.00,16.00,88.00,56.00,1040,Y
5850,2025-04-17,Seattle Flagship,Puget Sound,Snowshoe Kit,Snow,Kitsap Forge,1,179.00,76.00,179.00,103.00,1030,Y
5851,2025-04-17,Portland Pearl,Willamette,Inflatable Kayak,Water,Fraser Valley Rubber,1,699.00,289.00,699.00,410.00,1006,Y
5852,2025-04-17,Tacoma,Puget Sound,Ridgeline 3P Tent,Camping,Cascade Textiles,1,419.00,168.00,419.00,251.00,1005,Y
5853,2025-04-17,Eugene,Willamette,Touring Ski Package,Snow,Nordvik Outdoor,1,949.00,412.00,949.00,537.00,1025,Y
5854,2025-04-17,Seattle Flagship,Puget Sound,Alpine 45L Pack,Camping,Olympic Down Works,1,189.00,78.00,189.00,111.00,,N
5855,2025-04-17,Seattle Flagship,Puget Sound,Summit Shell Jacket,Apparel,Cascade Textiles,1,299.00,121.00,299.00,178.00,1001,Y
5856,2025-04-17,Seattle Flagship,Puget Sound,Quickdraw Set of 6,Climbing,Nordvik Outdoor,1,155.00,62.00,155.00,93.00,1033,Y
5857,2025-04-18,Eugene,Willamette,Cascade Camp Stove,Camping,Kitsap Forge,3,84.00,34.00,252.00,150.00,1032,Y
5858,2025-04-18,Bellevue,Puget Sound,Backcountry Boot,Footwear,Fraser Valley Rubber,1,219.00,88.00,219.00,131.00,1002,Y
5859,2025-04-18,Boise,Inland,Stormbreak Rain Jacket,Apparel,Cascade Textiles,3,169.00,68.00,507.00,303.00,,N
5860,2025-04-18,Bellevue,Puget Sound,Vertex Climbing Harness,Climbing,Kitsap Forge,2,105.00,43.00,210.00,124.00,1055,Y
5861,2025-04-18,Spokane,Inland,Summit Shell Jacket,Apparel,Cascade Textiles,1,299.00,121.00,299.00,178.00,1030,Y
5862,2025-04-18,Portland Pearl,Willamette,Summit Shell Jacket,Apparel,Cascade Textiles,1,299.00,121.00,299.00,178.00,1008,Y
5863,2025-04-19,Tacoma,Puget Sound,Headlamp 400,Camping,Sanko Technical,2,44.00,16.00,88.00,56.00,1001,Y
5864,2025-04-19,Bellingham,North Cascades,Alpine 45L Pack,Camping,Olympic Down Works,2,189.00,78.00,378.00,222.00,1022,Y
5865,2025-04-19,Eugene,Willamette,Ridgeline 3P Tent,Camping,Cascade Textiles,1,419.00,168.00,419.00,251.00,1030,Y
5866,2025-04-19,Tacoma,Puget Sound,Belay Device,Climbing,Kitsap Forge,1,49.00,19.00,49.00,30.00,1031,Y
5867,2025-04-19,Tacoma,Puget Sound,Alpine 45L Pack,Camping,Olympic Down Works,2,189.00,78.00,378.00,222.00,1058,Y
5868,2025-04-19,Boise,Inland,Paddle Carbon,Water,Sanko Technical,1,279.00,112.00,279.00,167.00,1005,Y
5869,2025-04-19,Portland Pearl,Willamette,Merino Hiking Socks,Apparel,Andes Alpaca Co-op,2,24.00,8.50,48.00,31.00,1032,Y
5870,2025-04-19,Portland Pearl,Willamette,Headlamp 400,Camping,Sanko Technical,3,44.00,16.00,132.00,84.00,1018,Y
5871,2025-04-20,Tacoma,Puget Sound,Backcountry Boot,Footwear,Fraser Valley Rubber,1,219.00,88.00,219.00,131.00,1003,Y
5872,2025-04-20,Bellevue,Puget Sound,Stormbreak Rain Jacket,Apparel,Cascade Textiles,1,169.00,68.00,169.00,101.00,1058,Y
5873,2025-04-20,Tacoma,Puget Sound,Fleece Quarter-Zip,Apparel,Cascade Textiles,1,79.00,31.00,79.00,48.00,1025,Y
5874,2025-04-20,Portland Pearl,Willamette,Inflatable Kayak,Water,Fraser Valley Rubber,1,699.00,289.00,699.00,410.00,1046,Y
5875,2025-04-20,Bellevue,Puget Sound,Trail Runner GTX,Footwear,Fraser Valley Rubber,1,149.00,61.00,149.00,88.00,1037,Y
5876,2025-04-20,Tacoma,Puget Sound,Titanium Cook Set,Camping,Sanko Technical,2,97.75,47.00,195.50,101.50,1047,Y
5877,2025-04-20,Bellevue,Puget Sound,Cascade Camp Stove,Camping,Kitsap Forge,2,84.00,34.00,168.00,100.00,1056,Y
5878,2025-04-21,Spokane,Inland,Paddle Carbon,Water,Sanko Technical,1,279.00,112.00,279.00,167.00,,N
5879,2025-04-21,Bellingham,North Cascades,Touring Ski Package,Snow,Nordvik Outdoor,1,949.00,412.00,949.00,537.00,1018,Y
5880,2025-04-21,Bellingham,North Cascades,Dry Bag 30L,Water,Fraser Valley Rubber,2,42.00,17.00,84.00,50.00,,N
5881,2025-04-21,Portland Pearl,Willamette,Belay Device,Climbing,Kitsap Forge,3,49.00,19.00,147.00,90.00,1012,Y
5882,2025-04-21,Eugene,Willamette,Ridgeline 3P Tent,Camping,Cascade Textiles,1,419.00,168.00,419.00,251.00,1036,Y
5883,2025-04-21,Portland Pearl,Willamette,Dry Bag 30L,Water,Fraser Valley Rubber,1,42.00,17.00,42.00,25.00,1053,Y
5884,2025-04-22,Seattle Flagship,Puget Sound,Dry Bag 30L,Water,Fraser Valley Rubber,3,42.00,17.00,126.00,75.00,1046,Y
5885,2025-04-22,Spokane,Inland,Trail Runner GTX,Footwear,Fraser Valley Rubber,1,149.00,61.00,149.00,88.00,1037,Y
5886,2025-04-22,Portland Pearl,Willamette,Insulated Camp Bootie,Footwear,Andes Alpaca Co-op,3,59.00,22.00,177.00,111.00,1029,Y
5887,2025-04-22,Portland Pearl,Willamette,Trail Convertible Pant,Apparel,Cascade Textiles,1,89.00,36.00,89.00,53.00,1040,Y
5888,2025-04-22,Spokane,Inland,Ski Skins,Snow,Nordvik Outdoor,2,199.00,84.00,398.00,230.00,1026,Y
5889,2025-04-22,Bellevue,Puget Sound,Insulated Camp Bootie,Footwear,Andes Alpaca Co-op,2,59.00,22.00,118.00,74.00,1031,Y
5890,2025-04-22,Tacoma,Puget Sound,Titanium Cook Set,Camping,Sanko Technical,3,115.00,47.00,345.00,204.00,1043,Y
5891,2025-04-22,Bellingham,North Cascades,Stormbreak Rain Jacket,Apparel,Cascade Textiles,2,169.00,68.00,338.00,202.00,1040,Y
5892,2025-04-22,Spokane,Inland,Chalk Bag,Climbing,Kitsap Forge,3,26.00,9.00,78.00,51.00,1046,Y
5893,2025-04-22,Boise,Inland,Vertex Climbing Harness,Climbing,Kitsap Forge,3,105.00,43.00,315.00,186.00,,N
5894,2025-04-22,Portland Pearl,Willamette,Avalanche Beacon,Snow,Nordvik Outdoor,1,339.15,178.00,339.15,161.15,1004,Y
5895,2025-04-23,Eugene,Willamette,Dry Bag 30L,Water,Fraser Valley Rubber,2,42.00,17.00,84.00,50.00,1009,Y
5896,2025-04-23,Bellingham,North Cascades,Insulated Camp Bootie,Footwear,Andes Alpaca Co-op,1,50.15,22.00,50.15,28.15,,N
5897,2025-04-23,Portland Pearl,Willamette,Belay Device,Climbing,Kitsap Forge,3,49.00,19.00,147.00,90.00,1005,Y
5898,2025-04-24,Seattle Flagship,Puget Sound,Quickdraw Set of 6,Climbing,Nordvik Outdoor,2,155.00,62.00,310.00,186.00,1039,Y
5899,2025-04-24,Boise,Inland,Down Sweater,Apparel,Olympic Down Works,3,185.00,74.00,555.00,333.00,1030,Y
5900,2025-04-24,Portland Pearl,Willamette,Vertex Climbing Harness,Climbing,Kitsap Forge,1,105.00,43.00,105.00,62.00,1014,Y
5901,2025-04-24,Bellevue,Puget Sound,Touring Ski Package,Snow,Nordvik Outdoor,1,949.00,412.00,949.00,537.00,1037,Y
5902,2025-04-24,Eugene,Willamette,Trail Convertible Pant,Apparel,Cascade Textiles,3,75.65,36.00,226.95,118.95,1036,Y
5903,2025-04-24,Portland Pearl,Willamette,Ridgeline 2P Tent,Camping,Cascade Textiles,1,349.00,142.00,349.00,207.00,1004,Y
5904,2025-04-24,Eugene,Willamette,Nimbus 20F Sleeping Bag,Camping,Olympic Down Works,1,259.00,104.00,259.00,155.00,1060,Y
5905,2025-04-25,Tacoma,Puget Sound,Chalk Bag,Climbing,Kitsap Forge,1,26.00,9.00,26.00,17.00,1037,Y
5906,2025-04-25,Bellevue,Puget Sound,Approach Shoe,Footwear,Fraser Valley Rubber,3,129.00,52.00,387.00,231.00,,N
5907,2025-04-25,Boise,Inland,Titanium Cook Set,Camping,Sanko Technical,3,115.00,47.00,345.00,204.00,1020,Y
5908,2025-04-25,Seattle Flagship,Puget Sound,Titanium Cook Set,Camping,Sanko Technical,1,115.00,47.00,115.00,68.00,1056,Y
5909,2025-04-25,Eugene,Willamette,Summit Shell Jacket,Apparel,Cascade Textiles,1,254.15,121.00,254.15,133.15,1058,Y
5910,2025-04-26,Portland Pearl,Willamette,PFD Vest,Water,Kitsap Forge,2,95.00,38.00,190.00,114.00,1003,Y
5911,2025-04-26,Bellingham,North Cascades,Ridgeline 2P Tent,Camping,Cascade Textiles,1,296.65,142.00,296.65,154.65,,N
5912,2025-04-26,Tacoma,Puget Sound,Titanium Cook Set,Camping,Sanko Technical,1,115.00,47.00,115.00,68.00,1043,Y
5913,2025-04-26,Eugene,Willamette,Stormbreak Rain Jacket,Apparel,Cascade Textiles,1,169.00,68.00,169.00,101.00,1001,Y
5914,2025-04-26,Tacoma,Puget Sound,Dynamic Rope 60m,Climbing,Nordvik Outdoor,1,239.00,98.00,239.00,141.00,1040,Y
5915,2025-04-26,Bellingham,North Cascades,Sun Hoody,Apparel,Cascade Textiles,2,62.00,24.00,124.00,76.00,1029,Y
5916,2025-04-26,Seattle Flagship,Puget Sound,Trailhead Sleeping Pad,Camping,Sanko Technical,2,99.00,41.00,198.00,116.00,1043,Y
5917,2025-04-27,Seattle Flagship,Puget Sound,Basecamp 65L Pack,Camping,Olympic Down Works,1,229.00,96.00,229.00,133.00,1050,Y
5918,2025-04-27,Seattle Flagship,Puget Sound,PFD Vest,Water,Kitsap Forge,3,95.00,38.00,285.00,171.00,1020,Y
5919,2025-04-27,Tacoma,Puget Sound,Inflatable Kayak,Water,Fraser Valley Rubber,1,699.00,289.00,699.00,410.00,1006,Y
5920,2025-04-27,Bellevue,Puget Sound,Headlamp 400,Camping,Sanko Technical,2,44.00,16.00,88.00,56.00,1023,Y
5921,2025-04-27,Bellevue,Puget Sound,Snowshoe Kit,Snow,Kitsap Forge,1,179.00,76.00,179.00,103.00,1027,Y
5922,2025-04-27,Bellingham,North Cascades,Paddle Carbon,Water,Sanko Technical,1,279.00,112.00,279.00,167.00,1053,Y
5923,2025-04-27,Tacoma,Puget Sound,Alpine 45L Pack,Camping,Olympic Down Works,1,189.00,78.00,189.00,111.00,1054,Y
5924,2025-04-27,Bellevue,Puget Sound,Trail Runner GTX,Footwear,Fraser Valley Rubber,1,149.00,61.00,149.00,88.00,,N
5925,2025-04-28,Spokane,Inland,Nimbus 20F Sleeping Bag,Camping,Olympic Down Works,1,259.00,104.00,259.00,155.00,1001,Y
5926,2025-04-28,Portland Pearl,Willamette,Dynamic Rope 60m,Climbing,Nordvik Outdoor,1,239.00,98.00,239.00,141.00,1043,Y
5927,2025-04-28,Seattle Flagship,Puget Sound,Trailhead Sleeping Pad,Camping,Sanko Technical,1,99.00,41.00,99.00,58.00,1002,Y
5928,2025-04-28,Portland Pearl,Willamette,Quickdraw Set of 6,Climbing,Nordvik Outdoor,1,155.00,62.00,155.00,93.00,1023,Y
5929,2025-04-28,Tacoma,Puget Sound,Ridgeline 3P Tent,Camping,Cascade Textiles,1,419.00,168.00,419.00,251.00,1020,Y
5930,2025-04-28,Seattle Flagship,Puget Sound,Trail Convertible Pant,Apparel,Cascade Textiles,2,89.00,36.00,178.00,106.00,1049,Y
5931,2025-04-28,Bellingham,North Cascades,Chalk Bag,Climbing,Kitsap Forge,1,26.00,9.00,26.00,17.00,1054,Y
5932,2025-04-28,Portland Pearl,Willamette,Inflatable Kayak,Water,Fraser Valley Rubber,1,699.00,289.00,699.00,410.00,,N
5933,2025-04-28,Seattle Flagship,Puget Sound,Insulated Camp Bootie,Footwear,Andes Alpaca Co-op,1,59.00,22.00,59.00,37.00,1059,Y
5934,2025-04-28,Tacoma,Puget Sound,Stormbreak Rain Jacket,Apparel,Cascade Textiles,1,169.00,68.00,169.00,101.00,1019,Y
5935,2025-04-28,Boise,Inland,Alpine 45L Pack,Camping,Olympic Down Works,1,189.00,78.00,189.00,111.00,1042,Y
5936,2025-04-28,Portland Pearl,Willamette,PFD Vest,Water,Kitsap Forge,1,95.00,38.00,95.00,57.00,1041,Y
5937,2025-04-29,Portland Pearl,Willamette,Alpaca Base Layer,Apparel,Andes Alpaca Co-op,1,78.00,29.00,78.00,49.00,1042,Y
5938,2025-04-29,Seattle Flagship,Puget Sound,Inflatable Kayak,Water,Fraser Valley Rubber,1,699.00,289.00,699.00,410.00,1003,Y
5939,2025-04-29,Bellevue,Puget Sound,Down Sweater,Apparel,Olympic Down Works,1,185.00,74.00,185.00,111.00,,N
5940,2025-04-29,Portland Pearl,Willamette,Belay Device,Climbing,Kitsap Forge,1,49.00,19.00,49.00,30.00,1032,Y
5941,2025-04-29,Bellevue,Puget Sound,Sun Hoody,Apparel,Cascade Textiles,3,62.00,24.00,186.00,114.00,1027,Y
5942,2025-04-29,Bellevue,Puget Sound,Quickdraw Set of 6,Climbing,Nordvik Outdoor,2,155.00,62.00,310.00,186.00,1026,Y
5943,2025-04-29,Tacoma,Puget Sound,Ridgeline 3P Tent,Camping,Cascade Textiles,1,419.00,168.00,419.00,251.00,,N
5944,2025-04-29,Portland Pearl,Willamette,Trailhead Sleeping Pad,Camping,Sanko Technical,1,99.00,41.00,99.00,58.00,1043,Y
5945,2025-04-29,Eugene,Willamette,Trailhead Sleeping Pad,Camping,Sanko Technical,1,99.00,41.00,99.00,58.00,1025,Y
5946,2025-04-29,Spokane,Inland,Sun Hoody,Apparel,Cascade Textiles,2,62.00,24.00,124.00,76.00,1023,Y
5947,2025-04-29,Bellingham,North Cascades,Vertex Climbing Harness,Climbing,Kitsap Forge,1,105.00,43.00,105.00,62.00,,N
5948,2025-04-29,Tacoma,Puget Sound,Chalk Bag,Climbing,Kitsap Forge,2,26.00,9.00,52.00,34.00,1054,Y
5949,2025-04-29,Seattle Flagship,Puget Sound,Trailhead Sleeping Pad,Camping,Sanko Technical,3,99.00,41.00,297.00,174.00,1035,Y
5950,2025-04-30,Seattle Flagship,Puget Sound,Avalanche Beacon,Snow,Nordvik Outdoor,1,399.00,178.00,399.00,221.00,1053,Y
5951,2025-04-30,Bellingham,North Cascades,Ridgeline 2P Tent,Camping,Cascade Textiles,1,349.00,142.00,349.00,207.00,1005,Y
5952,2025-04-30,Portland Pearl,Willamette,Alpine 45L Pack,Camping,Olympic Down Works,1,160.65,78.00,160.65,82.65,1009,Y
5953,2025-04-30,Portland Pearl,Willamette,Backcountry Boot,Footwear,Fraser Valley Rubber,1,219.00,88.00,219.00,131.00,1010,Y
5954,2025-04-30,Boise,Inland,Insulated Camp Bootie,Footwear,Andes Alpaca Co-op,1,59.00,22.00,59.00,37.00,1047,Y
5955,2025-04-30,Boise,Inland,Inflatable Kayak,Water,Fraser Valley Rubber,1,699.00,289.00,699.00,410.00,1014,Y
5956,2025-04-30,Bellevue,Puget Sound,Cascade Camp Stove,Camping,Kitsap Forge,2,71.40,34.00,142.80,74.80,,N
5957,2025-05-01,Portland Pearl,Willamette,Basecamp 65L Pack,Camping,Olympic Down Works,1,229.00,96.00,229.00,133.00,1020,Y
5958,2025-05-01,Seattle Flagship,Puget Sound,Ridgeline 3P Tent,Camping,Cascade Textiles,1,356.15,168.00,356.15,188.15,1055,Y
5959,2025-05-01,Bellevue,Puget Sound,Snowshoe Kit,Snow,Kitsap Forge,1,179.00,76.00,179.00,103.00,1005,Y
5960,2025-05-01,Tacoma,Puget Sound,Belay Device,Climbing,Kitsap Forge,3,49.00,19.00,147.00,90.00,1022,Y
5961,2025-05-01,Spokane,Inland,PFD Vest,Water,Kitsap Forge,1,80.75,38.00,80.75,42.75,1050,Y
5962,2025-05-01,Bellevue,Puget Sound,Dry Bag 30L,Water,Fraser Valley Rubber,1,42.00,17.00,42.00,25.00,1056,Y
5963,2025-05-01,Seattle Flagship,Puget Sound,Titanium Cook Set,Camping,Sanko Technical,3,115.00,47.00,345.00,204.00,1013,Y
5964,2025-05-01,Portland Pearl,Willamette,Trail Runner GTX,Footwear,Fraser Valley Rubber,2,149.00,61.00,298.00,176.00,1004,Y
5965,2025-05-01,Bellingham,North Cascades,Nimbus 20F Sleeping Bag,Camping,Olympic Down Works,1,259.00,104.00,259.00,155.00,1056,Y
5966,2025-05-02,Eugene,Willamette,Touring Ski Package,Snow,Nordvik Outdoor,1,949.00,412.00,949.00,537.00,1044,Y
5967,2025-05-02,Seattle Flagship,Puget Sound,PFD Vest,Water,Kitsap Forge,1,95.00,38.00,95.00,57.00,1028,Y
5968,2025-05-02,Portland Pearl,Willamette,Nimbus 20F Sleeping Bag,Camping,Olympic Down Works,1,259.00,104.00,259.00,155.00,,N
5969,2025-05-02,Spokane,Inland,Cascade Camp Stove,Camping,Kitsap Forge,1,84.00,34.00,84.00,50.00,1059,Y
5970,2025-05-02,Spokane,Inland,Stormbreak Rain Jacket,Apparel,Cascade Textiles,1,143.65,68.00,143.65,75.65,,N
5971,2025-05-03,Bellingham,North Cascades,Alpaca Base Layer,Apparel,Andes Alpaca Co-op,3,78.00,29.00,234.00,147.00,,N
5972,2025-05-03,Seattle Flagship,Puget Sound,Belay Device,Climbing,Kitsap Forge,1,49.00,19.00,49.00,30.00,1058,Y
5973,2025-05-03,Seattle Flagship,Puget Sound,Ridgeline 2P Tent,Camping,Cascade Textiles,1,349.00,142.00,349.00,207.00,1009,Y
5974,2025-05-03,Portland Pearl,Willamette,Basecamp 65L Pack,Camping,Olympic Down Works,1,229.00,96.00,229.00,133.00,1011,Y
5975,2025-05-03,Seattle Flagship,Puget Sound,Ridgeline 3P Tent,Camping,Cascade Textiles,1,419.00,168.00,419.00,251.00,1027,Y
5976,2025-05-03,Tacoma,Puget Sound,Fleece Quarter-Zip,Apparel,Cascade Textiles,1,79.00,31.00,79.00,48.00,1049,Y
5977,2025-05-03,Tacoma,Puget Sound,Inflatable Kayak,Water,Fraser Valley Rubber,1,699.00,289.00,699.00,410.00,1051,Y
5978,2025-05-03,Bellevue,Puget Sound,Titanium Cook Set,Camping,Sanko Technical,1,115.00,47.00,115.00,68.00,1019,Y
5979,2025-05-03,Bellingham,North Cascades,Ridgeline 2P Tent,Camping,Cascade Textiles,1,349.00,142.00,349.00,207.00,,N
5980,2025-05-03,Bellingham,North Cascades,Dry Bag 30L,Water,Fraser Valley Rubber,1,35.70,17.00,35.70,18.70,1010,Y
5981,2025-05-04,Tacoma,Puget Sound,Dry Bag 30L,Water,Fraser Valley Rubber,2,35.70,17.00,71.40,37.40,1009,Y
5982,2025-05-04,Seattle Flagship,Puget Sound,Stormbreak Rain Jacket,Apparel,Cascade Textiles,3,169.00,68.00,507.00,303.00,1034,Y
5983,2025-05-04,Seattle Flagship,Puget Sound,Alpine 45L Pack,Camping,Olympic Down Works,2,189.00,78.00,378.00,222.00,1016,Y
5984,2025-05-04,Spokane,Inland,Paddle Carbon,Water,Sanko Technical,1,279.00,112.00,279.00,167.00,1025,Y
5985,2025-05-04,Bellingham,North Cascades,Sun Hoody,Apparel,Cascade Textiles,1,62.00,24.00,62.00,38.00,1054,Y
5986,2025-05-04,Eugene,Willamette,Stormbreak Rain Jacket,Apparel,Cascade Textiles,1,169.00,68.00,169.00,101.00,1041,Y
5987,2025-05-04,Seattle Flagship,Puget Sound,Trail Runner GTX,Footwear,Fraser Valley Rubber,2,149.00,61.00,298.00,176.00,1060,Y
5988,2025-05-04,Bellevue,Puget Sound,Sun Hoody,Apparel,Cascade Textiles,2,62.00,24.00,124.00,76.00,1033,Y
5989,2025-05-04,Eugene,Willamette,Headlamp 400,Camping,Sanko Technical,3,44.00,16.00,132.00,84.00,1001,Y
5990,2025-05-05,Eugene,Willamette,PFD Vest,Water,Kitsap Forge,2,95.00,38.00,190.00,114.00,1050,Y
5991,2025-05-05,Bellingham,North Cascades,Approach Shoe,Footwear,Fraser Valley Rubber,3,129.00,52.00,387.00,231.00,1027,Y
5992,2025-05-05,Tacoma,Puget Sound,Headlamp 400,Camping,Sanko Technical,2,44.00,16.00,88.00,56.00,1036,Y
5993,2025-05-05,Tacoma,Puget Sound,Vertex Climbing Harness,Climbing,Kitsap Forge,2,105.00,43.00,210.00,124.00,1025,Y
5994,2025-05-05,Seattle Flagship,Puget Sound,Stormbreak Rain Jacket,Apparel,Cascade Textiles,2,169.00,68.00,338.00,202.00,1031,Y
5995,2025-05-05,Seattle Flagship,Puget Sound,Merino Hiking Socks,Apparel,Andes Alpaca Co-op,1,24.00,8.50,24.00,15.50,,N
5996,2025-05-05,Tacoma,Puget Sound,Chalk Bag,Climbing,Kitsap Forge,3,26.00,9.00,78.00,51.00,1053,Y
5997,2025-05-05,Bellingham,North Cascades,Ridgeline 3P Tent,Camping,Cascade Textiles,1,419.00,168.00,419.00,251.00,1024,Y
5998,2025-05-05,Spokane,Inland,Dynamic Rope 60m,Climbing,Nordvik Outdoor,1,239.00,98.00,239.00,141.00,1028,Y
5999,2025-05-05,Bellingham,North Cascades,Touring Ski Package,Snow,Nordvik Outdoor,1,949.00,412.00,949.00,537.00,,N
6000,2025-05-05,Portland Pearl,Willamette,Quickdraw Set of 6,Climbing,Nordvik Outdoor,1,155.00,62.00,155.00,93.00,,N
6001,2025-05-06,Portland Pearl,Willamette,Cascade Camp Stove,Camping,Kitsap Forge,3,84.00,34.00,252.00,150.00,1010,Y
6002,2025-05-06,Tacoma,Puget Sound,Insulated Camp Bootie,Footwear,Andes Alpaca Co-op,2,59.00,22.00,118.00,74.00,1045,Y
6003,2025-05-06,Seattle Flagship,Puget Sound,Cascade Camp Stove,Camping,Kitsap Forge,1,71.40,34.00,71.40,37.40,1027,Y
6004,2025-05-06,Seattle Flagship,Puget Sound,Trail Convertible Pant,Apparel,Cascade Textiles,2,89.00,36.00,178.00,106.00,1039,Y
6005,2025-05-06,Boise,Inland,Trail Convertible Pant,Apparel,Cascade Textiles,2,89.00,36.00,178.00,106.00,,N
6006,2025-05-06,Seattle Flagship,Puget Sound,Dynamic Rope 60m,Climbing,Nordvik Outdoor,1,239.00,98.00,239.00,141.00,1027,Y
6007,2025-05-06,Bellingham,North Cascades,Basecamp 65L Pack,Camping,Olympic Down Works,1,229.00,96.00,229.00,133.00,,N
6008,2025-05-07,Seattle Flagship,Puget Sound,Quickdraw Set of 6,Climbing,Nordvik Outdoor,3,155.00,62.00,465.00,279.00,1034,Y
6009,2025-05-07,Boise,Inland,Trail Runner GTX,Footwear,Fraser Valley Rubber,1,149.00,61.00,149.00,88.00,1020,Y
6010,2025-05-07,Seattle Flagship,Puget Sound,Ridgeline 3P Tent,Camping,Cascade Textiles,1,419.00,168.00,419.00,251.00,1025,Y
6011,2025-05-07,Bellingham,North Cascades,Headlamp 400,Camping,Sanko Technical,1,44.00,16.00,44.00,28.00,,N
6012,2025-05-07,Spokane,Inland,Trailhead Sleeping Pad,Camping,Sanko Technical,2,99.00,41.00,198.00,116.00,,N
6013,2025-05-07,Bellingham,North Cascades,Trail Convertible Pant,Apparel,Cascade Textiles,3,89.00,36.00,267.00,159.00,,N
6014,2025-05-07,Tacoma,Puget Sound,Ridgeline 2P Tent,Camping,Cascade Textiles,1,349.00,142.00,349.00,207.00,1020,Y
6015,2025-05-07,Seattle Flagship,Puget Sound,Paddle Carbon,Water,Sanko Technical,1,279.00,112.00,279.00,167.00,1029,Y
6016,2025-05-07,Spokane,Inland,Nimbus 0F Sleeping Bag,Camping,Olympic Down Works,1,288.15,138.00,288.15,150.15,1038,Y
6017,2025-05-07,Boise,Inland,Dry Bag 30L,Water,Fraser Valley Rubber,1,42.00,17.00,42.00,25.00,1006,Y
6018,2025-05-07,Tacoma,Puget Sound,Trailhead Sleeping Pad,Camping,Sanko Technical,3,99.00,41.00,297.00,174.00,1018,Y
6019,2025-05-08,Bellevue,Puget Sound,Paddle Carbon,Water,Sanko Technical,1,279.00,112.00,279.00,167.00,1004,Y
6020,2025-05-08,Bellevue,Puget Sound,PFD Vest,Water,Kitsap Forge,1,95.00,38.00,95.00,57.00,1005,Y
6021,2025-05-08,Bellingham,North Cascades,Ridgeline 3P Tent,Camping,Cascade Textiles,1,419.00,168.00,419.00,251.00,1057,Y
6022,2025-05-08,Seattle Flagship,Puget Sound,Basecamp 65L Pack,Camping,Olympic Down Works,1,229.00,96.00,229.00,133.00,1031,Y
6023,2025-05-08,Bellevue,Puget Sound,Dynamic Rope 60m,Climbing,Nordvik Outdoor,1,239.00,98.00,239.00,141.00,1015,Y
6024,2025-05-09,Portland Pearl,Willamette,Alpine 45L Pack,Camping,Olympic Down Works,1,189.00,78.00,189.00,111.00,1003,Y
6025,2025-05-09,Seattle Flagship,Puget Sound,Summit Shell Jacket,Apparel,Cascade Textiles,1,299.00,121.00,299.00,178.00,1016,Y
6026,2025-05-09,Boise,Inland,Trail Convertible Pant,Apparel,Cascade Textiles,2,89.00,36.00,178.00,106.00,1006,Y
6027,2025-05-09,Bellingham,North Cascades,Merino Hiking Socks,Apparel,Andes Alpaca Co-op,1,24.00,8.50,24.00,15.50,1020,Y
6028,2025-05-09,Seattle Flagship,Puget Sound,Trailhead Sleeping Pad,Camping,Sanko Technical,1,99.00,41.00,99.00,58.00,,N
6029,2025-05-09,Seattle Flagship,Puget Sound,Avalanche Beacon,Snow,Nordvik Outdoor,1,399.00,178.00,399.00,221.00,1016,Y
6030,2025-05-10,Portland Pearl,Willamette,Ridgeline 3P Tent,Camping,Cascade Textiles,1,356.15,168.00,356.15,188.15,1024,Y
6031,2025-05-10,Tacoma,Puget Sound,Sun Hoody,Apparel,Cascade Textiles,3,62.00,24.00,186.00,114.00,1042,Y
6032,2025-05-10,Spokane,Inland,Nimbus 0F Sleeping Bag,Camping,Olympic Down Works,1,288.15,138.00,288.15,150.15,1005,Y
6033,2025-05-10,Eugene,Willamette,Cascade Camp Stove,Camping,Kitsap Forge,1,84.00,34.00,84.00,50.00,1057,Y
6034,2025-05-10,Portland Pearl,Willamette,Trailhead Sleeping Pad,Camping,Sanko Technical,2,99.00,41.00,198.00,116.00,1013,Y
6035,2025-05-10,Seattle Flagship,Puget Sound,Belay Device,Climbing,Kitsap Forge,3,49.00,19.00,147.00,90.00,,N
6036,2025-05-10,Spokane,Inland,Ridgeline 2P Tent,Camping,Cascade Textiles,1,349.00,142.00,349.00,207.00,1035,Y
6037,2025-05-10,Seattle Flagship,Puget Sound,Ridgeline 3P Tent,Camping,Cascade Textiles,1,419.00,168.00,419.00,251.00,1020,Y
6038,2025-05-10,Boise,Inland,Ridgeline 3P Tent,Camping,Cascade Textiles,1,419.00,168.00,419.00,251.00,1045,Y
6039,2025-05-10,Bellevue,Puget Sound,Down Sweater,Apparel,Olympic Down Works,1,185.00,74.00,185.00,111.00,1049,Y
6040,2025-05-11,Spokane,Inland,Dynamic Rope 60m,Climbing,Nordvik Outdoor,1,203.15,98.00,203.15,105.15,1054,Y
6041,2025-05-11,Portland Pearl,Willamette,Dynamic Rope 60m,Climbing,Nordvik Outdoor,1,239.00,98.00,239.00,141.00,1017,Y
6042,2025-05-11,Portland Pearl,Willamette,PFD Vest,Water,Kitsap Forge,3,95.00,38.00,285.00,171.00,1010,Y
6043,2025-05-11,Seattle Flagship,Puget Sound,Trailhead Sleeping Pad,Camping,Sanko Technical,2,99.00,41.00,198.00,116.00,1004,Y
6044,2025-05-11,Boise,Inland,Cascade Camp Stove,Camping,Kitsap Forge,2,84.00,34.00,168.00,100.00,1038,Y
6045,2025-05-11,Bellingham,North Cascades,Trail Runner GTX,Footwear,Fraser Valley Rubber,2,149.00,61.00,298.00,176.00,,N
6046,2025-05-11,Boise,Inland,Chalk Bag,Climbing,Kitsap Forge,3,26.00,9.00,78.00,51.00,1024,Y
6047,2025-05-11,Portland Pearl,Willamette,Cascade Camp Stove,Camping,Kitsap Forge,1,84.00,34.00,84.00,50.00,1031,Y
6048,2025-05-11,Bellingham,North Cascades,Cascade Camp Stove,Camping,Kitsap Forge,3,84.00,34.00,252.00,150.00,1048,Y
6049,2025-05-11,Seattle Flagship,Puget Sound,Belay Device,Climbing,Kitsap Forge,1,41.65,19.00,41.65,22.65,1011,Y
6050,2025-05-12,Seattle Flagship,Puget Sound,Merino Hiking Socks,Apparel,Andes Alpaca Co-op,1,20.40,8.50,20.40,11.90,1043,Y
6051,2025-05-13,Bellevue,Puget Sound,Ridgeline 3P Tent,Camping,Cascade Textiles,1,419.00,168.00,419.00,251.00,1024,Y
6052,2025-05-13,Eugene,Willamette,Belay Device,Climbing,Kitsap Forge,2,49.00,19.00,98.00,60.00,1056,Y
6053,2025-05-13,Tacoma,Puget Sound,Insulated Camp Bootie,Footwear,Andes Alpaca Co-op,1,59.00,22.00,59.00,37.00,1034,Y
6054,2025-05-13,Tacoma,Puget Sound,Dynamic Rope 60m,Climbing,Nordvik Outdoor,1,239.00,98.00,239.00,141.00,1019,Y
6055,2025-05-13,Seattle Flagship,Puget Sound,Cascade Camp Stove,Camping,Kitsap Forge,1,84.00,34.00,84.00,50.00,1039,Y
6056,2025-05-13,Boise,Inland,Ridgeline 3P Tent,Camping,Cascade Textiles,1,419.00,168.00,419.00,251.00,1037,Y
6057,2025-05-14,Seattle Flagship,Puget Sound,Touring Ski Package,Snow,Nordvik Outdoor,1,806.65,412.00,806.65,394.65,1048,Y
6058,2025-05-14,Portland Pearl,Willamette,Belay Device,Climbing,Kitsap Forge,3,49.00,19.00,147.00,90.00,1019,Y
6059,2025-05-14,Tacoma,Puget Sound,Snowshoe Kit,Snow,Kitsap Forge,2,179.00,76.00,358.00,206.00,1053,Y
6060,2025-05-14,Bellevue,Puget Sound,PFD Vest,Water,Kitsap Forge,1,95.00,38.00,95.00,57.00,,N
6061,2025-05-14,Portland Pearl,Willamette,Stormbreak Rain Jacket,Apparel,Cascade Textiles,1,169.00,68.00,169.00,101.00,1008,Y
6062,2025-05-15,Portland Pearl,Willamette,Fleece Quarter-Zip,Apparel,Cascade Textiles,1,79.00,31.00,79.00,48.00,1014,Y
6063,2025-05-15,Seattle Flagship,Puget Sound,Dry Bag 30L,Water,Fraser Valley Rubber,1,42.00,17.00,42.00,25.00,1020,Y
6064,2025-05-15,Bellevue,Puget Sound,Approach Shoe,Footwear,Fraser Valley Rubber,2,129.00,52.00,258.00,154.00,1011,Y
6065,2025-05-15,Tacoma,Puget Sound,Approach Shoe,Footwear,Fraser Valley Rubber,1,129.00,52.00,129.00,77.00,1028,Y
6066,2025-05-15,Bellingham,North Cascades,Avalanche Beacon,Snow,Nordvik Outdoor,1,399.00,178.00,399.00,221.00,,N
6067,2025-05-15,Bellevue,Puget Sound,Trailhead Sleeping Pad,Camping,Sanko Technical,2,84.15,41.00,168.30,86.30,1017,Y
6068,2025-05-15,Bellevue,Puget Sound,Dynamic Rope 60m,Climbing,Nordvik Outdoor,1,239.00,98.00,239.00,141.00,1002,Y
6069,2025-05-15,Bellingham,North Cascades,Ridgeline 3P Tent,Camping,Cascade Textiles,1,419.00,168.00,419.00,251.00,1009,Y
6070,2025-05-16,Tacoma,Puget Sound,Quickdraw Set of 6,Climbing,Nordvik Outdoor,2,155.00,62.00,310.00,186.00,,N
6071,2025-05-16,Bellevue,Puget Sound,Nimbus 20F Sleeping Bag,Camping,Olympic Down Works,1,259.00,104.00,259.00,155.00,1022,Y
6072,2025-05-17,Portland Pearl,Willamette,Ridgeline 2P Tent,Camping,Cascade Textiles,1,349.00,142.00,349.00,207.00,1056,Y
6073,2025-05-17,Bellingham,North Cascades,Merino Hiking Socks,Apparel,Andes Alpaca Co-op,1,24.00,8.50,24.00,15.50,1010,Y
6074,2025-05-17,Bellevue,Puget Sound,Trailhead Sleeping Pad,Camping,Sanko Technical,2,99.00,41.00,198.00,116.00,1050,Y
6075,2025-05-17,Portland Pearl,Willamette,Ridgeline 2P Tent,Camping,Cascade Textiles,1,296.65,142.00,296.65,154.65,1024,Y
6076,2025-05-17,Bellingham,North Cascades,Vertex Climbing Harness,Climbing,Kitsap Forge,2,105.00,43.00,210.00,124.00,1040,Y
6077,2025-05-17,Spokane,Inland,Dynamic Rope 60m,Climbing,Nordvik Outdoor,1,239.00,98.00,239.00,141.00,,N
6078,2025-05-17,Seattle Flagship,Puget Sound,Alpaca Base Layer,Apparel,Andes Alpaca Co-op,2,66.30,29.00,132.60,74.60,1026,Y
6079,2025-05-17,Tacoma,Puget Sound,Avalanche Beacon,Snow,Nordvik Outdoor,1,399.00,178.00,399.00,221.00,1051,Y
6080,2025-05-17,Eugene,Willamette,Nimbus 0F Sleeping Bag,Camping,Olympic Down Works,1,339.00,138.00,339.00,201.00,1047,Y
6081,2025-05-17,Portland Pearl,Willamette,Cascade Camp Stove,Camping,Kitsap Forge,2,84.00,34.00,168.00,100.00,1001,Y
6082,2025-05-17,Tacoma,Puget Sound,Quickdraw Set of 6,Climbing,Nordvik Outdoor,1,155.00,62.00,155.00,93.00,1044,Y
6083,2025-05-18,Portland Pearl,Willamette,Basecamp 65L Pack,Camping,Olympic Down Works,1,194.65,96.00,194.65,98.65,1015,Y
6084,2025-05-18,Seattle Flagship,Puget Sound,Ridgeline 2P Tent,Camping,Cascade Textiles,1,349.00,142.00,349.00,207.00,1050,Y
6085,2025-05-18,Seattle Flagship,Puget Sound,Dynamic Rope 60m,Climbing,Nordvik Outdoor,1,239.00,98.00,239.00,141.00,1012,Y
6086,2025-05-18,Seattle Flagship,Puget Sound,Trail Convertible Pant,Apparel,Cascade Textiles,1,89.00,36.00,89.00,53.00,1019,Y
6087,2025-05-19,Seattle Flagship,Puget Sound,Sun Hoody,Apparel,Cascade Textiles,1,52.70,24.00,52.70,28.70,1042,Y
6088,2025-05-19,Seattle Flagship,Puget Sound,Trail Runner GTX,Footwear,Fraser Valley Rubber,1,149.00,61.00,149.00,88.00,1009,Y
6089,2025-05-19,Seattle Flagship,Puget Sound,Titanium Cook Set,Camping,Sanko Technical,2,115.00,47.00,230.00,136.00,1025,Y
6090,2025-05-19,Portland Pearl,Willamette,Sun Hoody,Apparel,Cascade Textiles,2,62.00,24.00,124.00,76.00,1040,Y
6091,2025-05-19,Bellingham,North Cascades,PFD Vest,Water,Kitsap Forge,1,95.00,38.00,95.00,57.00,1038,Y
6092,2025-05-19,Bellevue,Puget Sound,Stormbreak Rain Jacket,Apparel,Cascade Textiles,1,169.00,68.00,169.00,101.00,1033,Y
6093,2025-05-20,Bellingham,North Cascades,PFD Vest,Water,Kitsap Forge,1,80.75,38.00,80.75,42.75,,N
6094,2025-05-20,Boise,Inland,Alpaca Base Layer,Apparel,Andes Alpaca Co-op,3,78.00,29.00,234.00,147.00,,N
6095,2025-05-20,Portland Pearl,Willamette,Basecamp 65L Pack,Camping,Olympic Down Works,1,229.00,96.00,229.00,133.00,1055,Y
6096,2025-05-20,Seattle Flagship,Puget Sound,Nimbus 20F Sleeping Bag,Camping,Olympic Down Works,1,259.00,104.00,259.00,155.00,1037,Y
6097,2025-05-20,Seattle Flagship,Puget Sound,Trail Convertible Pant,Apparel,Cascade Textiles,1,75.65,36.00,75.65,39.65,1053,Y
6098,2025-05-20,Bellingham,North Cascades,Headlamp 400,Camping,Sanko Technical,2,44.00,16.00,88.00,56.00,,N
6099,2025-05-20,Spokane,Inland,Basecamp 65L Pack,Camping,Olympic Down Works,1,194.65,96.00,194.65,98.65,1014,Y
6100,2025-05-20,Bellevue,Puget Sound,Alpine 45L Pack,Camping,Olympic Down Works,2,189.00,78.00,378.00,222.00,1056,Y
6101,2025-05-20,Eugene,Willamette,Alpine 45L Pack,Camping,Olympic Down Works,1,189.00,78.00,189.00,111.00,1050,Y
6102,2025-05-21,Boise,Inland,Cascade Camp Stove,Camping,Kitsap Forge,3,71.40,34.00,214.20,112.20,1001,Y
6103,2025-05-21,Tacoma,Puget Sound,Alpine 45L Pack,Camping,Olympic Down Works,1,160.65,78.00,160.65,82.65,1004,Y
6104,2025-05-21,Seattle Flagship,Puget Sound,Approach Shoe,Footwear,Fraser Valley Rubber,2,109.65,52.00,219.30,115.30,1015,Y
6105,2025-05-21,Bellevue,Puget Sound,Merino Hiking Socks,Apparel,Andes Alpaca Co-op,1,24.00,8.50,24.00,15.50,1052,Y
6106,2025-05-21,Tacoma,Puget Sound,Approach Shoe,Footwear,Fraser Valley Rubber,2,129.00,52.00,258.00,154.00,,N
6107,2025-05-21,Portland Pearl,Willamette,Paddle Carbon,Water,Sanko Technical,1,279.00,112.00,279.00,167.00,1051,Y
6108,2025-05-21,Spokane,Inland,Sun Hoody,Apparel,Cascade Textiles,1,52.70,24.00,52.70,28.70,1050,Y
6109,2025-05-22,Seattle Flagship,Puget Sound,Nimbus 20F Sleeping Bag,Camping,Olympic Down Works,1,259.00,104.00,259.00,155.00,1036,Y
6110,2025-05-22,Bellingham,North Cascades,Down Sweater,Apparel,Olympic Down Works,1,185.00,74.00,185.00,111.00,1046,Y
6111,2025-05-22,Portland Pearl,Willamette,Ridgeline 3P Tent,Camping,Cascade Textiles,1,356.15,168.00,356.15,188.15,1035,Y
6112,2025-05-22,Seattle Flagship,Puget Sound,Insulated Camp Bootie,Footwear,Andes Alpaca Co-op,2,50.15,22.00,100.30,56.30,1034,Y
6113,2025-05-22,Boise,Inland,Vertex Climbing Harness,Climbing,Kitsap Forge,3,105.00,43.00,315.00,186.00,,N
6114,2025-05-22,Boise,Inland,Stormbreak Rain Jacket,Apparel,Cascade Textiles,1,169.00,68.00,169.00,101.00,1001,Y
6115,2025-05-22,Portland Pearl,Willamette,Basecamp 65L Pack,Camping,Olympic Down Works,1,229.00,96.00,229.00,133.00,1020,Y
6116,2025-05-23,Boise,Inland,Headlamp 400,Camping,Sanko Technical,1,44.00,16.00,44.00,28.00,1023,Y
6117,2025-05-23,Portland Pearl,Willamette,Nimbus 0F Sleeping Bag,Camping,Olympic Down Works,1,339.00,138.00,339.00,201.00,,N
6118,2025-05-23,Seattle Flagship,Puget Sound,Basecamp 65L Pack,Camping,Olympic Down Works,1,229.00,96.00,229.00,133.00,1008,Y
6119,2025-05-23,Portland Pearl,Willamette,Ridgeline 2P Tent,Camping,Cascade Textiles,1,349.00,142.00,349.00,207.00,1008,Y
6120,2025-05-23,Bellingham,North Cascades,Basecamp 65L Pack,Camping,Olympic Down Works,1,229.00,96.00,229.00,133.00,1053,Y
6121,2025-05-24,Bellevue,Puget Sound,Dynamic Rope 60m,Climbing,Nordvik Outdoor,1,239.00,98.00,239.00,141.00,1014,Y
6122,2025-05-24,Bellevue,Puget Sound,Paddle Carbon,Water,Sanko Technical,1,279.00,112.00,279.00,167.00,1057,Y
6123,2025-05-24,Bellingham,North Cascades,Titanium Cook Set,Camping,Sanko Technical,2,115.00,47.00,230.00,136.00,,N
6124,2025-05-24,Bellingham,North Cascades,Approach Shoe,Footwear,Fraser Valley Rubber,2,129.00,52.00,258.00,154.00,1026,Y
6125,2025-05-24,Portland Pearl,Willamette,Cascade Camp Stove,Camping,Kitsap Forge,1,84.00,34.00,84.00,50.00,1003,Y
6126,2025-05-24,Spokane,Inland,Belay Device,Climbing,Kitsap Forge,1,49.00,19.00,49.00,30.00,1034,Y
6127,2025-05-24,Bellevue,Puget Sound,Nimbus 0F Sleeping Bag,Camping,Olympic Down Works,1,288.15,138.00,288.15,150.15,1038,Y
6128,2025-05-24,Eugene,Willamette,Ridgeline 3P Tent,Camping,Cascade Textiles,1,419.00,168.00,419.00,251.00,1017,Y
6129,2025-05-24,Spokane,Inland,Paddle Carbon,Water,Sanko Technical,1,279.00,112.00,279.00,167.00,1010,Y
6130,2025-05-24,Seattle Flagship,Puget Sound,Nimbus 20F Sleeping Bag,Camping,Olympic Down Works,1,259.00,104.00,259.00,155.00,1050,Y
6131,2025-05-24,Tacoma,Puget Sound,Trail Runner GTX,Footwear,Fraser Valley Rubber,3,149.00,61.00,447.00,264.00,1052,Y
6132,2025-05-24,Bellevue,Puget Sound,Trail Runner GTX,Footwear,Fraser Valley Rubber,1,149.00,61.00,149.00,88.00,1012,Y
6133,2025-05-24,Spokane,Inland,Approach Shoe,Footwear,Fraser Valley Rubber,2,129.00,52.00,258.00,154.00,1028,Y
6134,2025-05-25,Boise,Inland,Cascade Camp Stove,Camping,Kitsap Forge,2,84.00,34.00,168.00,100.00,1010,Y
6135,2025-05-25,Portland Pearl,Willamette,Insulated Camp Bootie,Footwear,Andes Alpaca Co-op,1,59.00,22.00,59.00,37.00,1041,Y
6136,2025-05-25,Bellingham,North Cascades,Trail Convertible Pant,Apparel,Cascade Textiles,2,89.00,36.00,178.00,106.00,1035,Y
6137,2025-05-26,Seattle Flagship,Puget Sound,Ridgeline 2P Tent,Camping,Cascade Textiles,1,349.00,142.00,349.00,207.00,1011,Y
6138,2025-05-26,Portland Pearl,Willamette,Titanium Cook Set,Camping,Sanko Technical,2,115.00,47.00,230.00,136.00,1027,Y
6139,2025-05-26,Seattle Flagship,Puget Sound,Headlamp 400,Camping,Sanko Technical,1,44.00,16.00,44.00,28.00,1022,Y
6140,2025-05-26,Portland Pearl,Willamette,Sun Hoody,Apparel,Cascade Textiles,3,62.00,24.00,186.00,114.00,1047,Y
6141,2025-05-26,Portland Pearl,Willamette,Paddle Carbon,Water,Sanko Technical,1,279.00,112.00,279.00,167.00,1021,Y
6142,2025-05-26,Bellingham,North Cascades,Cascade Camp Stove,Camping,Kitsap Forge,2,84.00,34.00,168.00,100.00,,N
6143,2025-05-26,Seattle Flagship,Puget Sound,Chalk Bag,Climbing,Kitsap Forge,1,26.00,9.00,26.00,17.00,1010,Y
6144,2025-05-27,Bellingham,North Cascades,Inflatable Kayak,Water,Fraser Valley Rubber,1,699.00,289.00,699.00,410.00,1055,Y
6145,2025-05-27,Bellingham,North Cascades,Down Sweater,Apparel,Olympic Down Works,1,185.00,74.00,185.00,111.00,,N
6146,2025-05-27,Seattle Flagship,Puget Sound,Headlamp 400,Camping,Sanko Technical,2,44.00,16.00,88.00,56.00,1019,Y
6147,2025-05-27,Spokane,Inland,Chalk Bag,Climbing,Kitsap Forge,1,26.00,9.00,26.00,17.00,1015,Y
6148,2025-05-27,Tacoma,Puget Sound,Nimbus 20F Sleeping Bag,Camping,Olympic Down Works,1,259.00,104.00,259.00,155.00,1049,Y
6149,2025-05-27,Portland Pearl,Willamette,Touring Ski Package,Snow,Nordvik Outdoor,1,949.00,412.00,949.00,537.00,1045,Y
6150,2025-05-27,Seattle Flagship,Puget Sound,Titanium Cook Set,Camping,Sanko Technical,3,115.00,47.00,345.00,204.00,1047,Y
6151,2025-05-27,Eugene,Willamette,Nimbus 20F Sleeping Bag,Camping,Olympic Down Works,1,259.00,104.00,259.00,155.00,1023,Y
6152,2025-05-27,Boise,Inland,Quickdraw Set of 6,Climbing,Nordvik Outdoor,3,155.00,62.00,465.00,279.00,1019,Y
6153,2025-05-27,Tacoma,Puget Sound,Trailhead Sleeping Pad,Camping,Sanko Technical,3,99.00,41.00,297.00,174.00,1028,Y
6154,2025-05-27,Tacoma,Puget Sound,Belay Device,Climbing,Kitsap Forge,1,49.00,19.00,49.00,30.00,1035,Y
6155,2025-05-27,Eugene,Willamette,Alpine 45L Pack,Camping,Olympic Down Works,1,189.00,78.00,189.00,111.00,1003,Y
6156,2025-05-27,Spokane,Inland,Inflatable Kayak,Water,Fraser Valley Rubber,1,699.00,289.00,699.00,410.00,,N
6157,2025-05-27,Bellevue,Puget Sound,Ridgeline 3P Tent,Camping,Cascade Textiles,1,419.00,168.00,419.00,251.00,1020,Y
6158,2025-05-28,Boise,Inland,Inflatable Kayak,Water,Fraser Valley Rubber,1,699.00,289.00,699.00,410.00,1030,Y
6159,2025-05-28,Tacoma,Puget Sound,Ridgeline 3P Tent,Camping,Cascade Textiles,1,419.00,168.00,419.00,251.00,1054,Y
6160,2025-05-28,Portland Pearl,Willamette,Headlamp 400,Camping,Sanko Technical,1,44.00,16.00,44.00,28.00,1058,Y
6161,2025-05-28,Tacoma,Puget Sound,Approach Shoe,Footwear,Fraser Valley Rubber,1,129.00,52.00,129.00,77.00,,N
6162,2025-05-29,Bellevue,Puget Sound,Down Sweater,Apparel,Olympic Down Works,1,185.00,74.00,185.00,111.00,1058,Y
6163,2025-05-29,Eugene,Willamette,Approach Shoe,Footwear,Fraser Valley Rubber,1,129.00,52.00,129.00,77.00,1031,Y
6164,2025-05-29,Seattle Flagship,Puget Sound,Approach Shoe,Footwear,Fraser Valley Rubber,1,129.00,52.00,129.00,77.00,1028,Y
6165,2025-05-29,Boise,Inland,Fleece Quarter-Zip,Apparel,Cascade Textiles,2,67.15,31.00,134.30,72.30,1042,Y
6166,2025-05-29,Portland Pearl,Willamette,Quickdraw Set of 6,Climbing,Nordvik Outdoor,1,155.00,62.00,155.00,93.00,,N
6167,2025-05-29,Tacoma,Puget Sound,Ridgeline 2P Tent,Camping,Cascade Textiles,1,349.00,142.00,349.00,207.00,1048,Y
6168,2025-05-29,Portland Pearl,Willamette,Inflatable Kayak,Water,Fraser Valley Rubber,1,699.00,289.00,699.00,410.00,1031,Y
6169,2025-05-29,Bellingham,North Cascades,Titanium Cook Set,Camping,Sanko Technical,2,97.75,47.00,195.50,101.50,,N
6170,2025-05-29,Bellevue,Puget Sound,Stormbreak Rain Jacket,Apparel,Cascade Textiles,2,169.00,68.00,338.00,202.00,1057,Y
6171,2025-05-30,Bellevue,Puget Sound,Sun Hoody,Apparel,Cascade Textiles,1,52.70,24.00,52.70,28.70,1060,Y
6172,2025-05-30,Spokane,Inland,PFD Vest,Water,Kitsap Forge,2,95.00,38.00,190.00,114.00,1013,Y
6173,2025-05-30,Portland Pearl,Willamette,Cascade Camp Stove,Camping,Kitsap Forge,2,84.00,34.00,168.00,100.00,1038,Y
6174,2025-05-30,Portland Pearl,Willamette,Trail Convertible Pant,Apparel,Cascade Textiles,1,89.00,36.00,89.00,53.00,1025,Y
6175,2025-05-30,Portland Pearl,Willamette,Nimbus 20F Sleeping Bag,Camping,Olympic Down Works,1,259.00,104.00,259.00,155.00,1042,Y
6176,2025-05-31,Tacoma,Puget Sound,Summit Shell Jacket,Apparel,Cascade Textiles,1,299.00,121.00,299.00,178.00,1034,Y
6177,2025-05-31,Spokane,Inland,Fleece Quarter-Zip,Apparel,Cascade Textiles,1,79.00,31.00,79.00,48.00,1007,Y
6178,2025-05-31,Portland Pearl,Willamette,Quickdraw Set of 6,Climbing,Nordvik Outdoor,1,155.00,62.00,155.00,93.00,1032,Y
6179,2025-05-31,Portland Pearl,Willamette,Trail Runner GTX,Footwear,Fraser Valley Rubber,2,126.65,61.00,253.30,131.30,,N
6180,2025-06-01,Portland Pearl,Willamette,Trailhead Sleeping Pad,Camping,Sanko Technical,2,99.00,41.00,198.00,116.00,1044,Y
6181,2025-06-01,Bellingham,North Cascades,Merino Hiking Socks,Apparel,Andes Alpaca Co-op,3,24.00,8.50,72.00,46.50,,N
6182,2025-06-01,Spokane,Inland,Approach Shoe,Footwear,Fraser Valley Rubber,2,129.00,52.00,258.00,154.00,,N
6183,2025-06-01,Seattle Flagship,Puget Sound,Approach Shoe,Footwear,Fraser Valley Rubber,1,129.00,52.00,129.00,77.00,1004,Y
6184,2025-06-01,Bellevue,Puget Sound,Paddle Carbon,Water,Sanko Technical,1,279.00,112.00,279.00,167.00,1042,Y
6185,2025-06-01,Bellevue,Puget Sound,Titanium Cook Set,Camping,Sanko Technical,1,115.00,47.00,115.00,68.00,1008,Y
6186,2025-06-01,Boise,Inland,Fleece Quarter-Zip,Apparel,Cascade Textiles,2,79.00,31.00,158.00,96.00,1008,Y
6187,2025-06-02,Seattle Flagship,Puget Sound,Trailhead Sleeping Pad,Camping,Sanko Technical,1,99.00,41.00,99.00,58.00,1012,Y
6188,2025-06-02,Seattle Flagship,Puget Sound,Trailhead Sleeping Pad,Camping,Sanko Technical,2,99.00,41.00,198.00,116.00,1048,Y
6189,2025-06-02,Boise,Inland,Quickdraw Set of 6,Climbing,Nordvik Outdoor,3,155.00,62.00,465.00,279.00,1035,Y
6190,2025-06-02,Eugene,Willamette,Headlamp 400,Camping,Sanko Technical,2,44.00,16.00,88.00,56.00,1046,Y
6191,2025-06-02,Seattle Flagship,Puget Sound,Trail Convertible Pant,Apparel,Cascade Textiles,3,89.00,36.00,267.00,159.00,,N
6192,2025-06-02,Spokane,Inland,Stormbreak Rain Jacket,Apparel,Cascade Textiles,2,143.65,68.00,287.30,151.30,1023,Y
6193,2025-06-02,Tacoma,Puget Sound,Fleece Quarter-Zip,Apparel,Cascade Textiles,3,79.00,31.00,237.00,144.00,1052,Y
6194,2025-06-02,Seattle Flagship,Puget Sound,Quickdraw Set of 6,Climbing,Nordvik Outdoor,1,155.00,62.00,155.00,93.00,1004,Y
6195,2025-06-02,Boise,Inland,Dynamic Rope 60m,Climbing,Nordvik Outdoor,1,203.15,98.00,203.15,105.15,1033,Y
6196,2025-06-02,Tacoma,Puget Sound,Cascade Camp Stove,Camping,Kitsap Forge,1,84.00,34.00,84.00,50.00,,N
6197,2025-06-02,Portland Pearl,Willamette,Trailhead Sleeping Pad,Camping,Sanko Technical,3,99.00,41.00,297.00,174.00,1026,Y
6198,2025-06-02,Seattle Flagship,Puget Sound,Approach Shoe,Footwear,Fraser Valley Rubber,3,129.00,52.00,387.00,231.00,1025,Y
6199,2025-06-03,Portland Pearl,Willamette,Sun Hoody,Apparel,Cascade Textiles,2,62.00,24.00,124.00,76.00,1054,Y
6200,2025-06-03,Bellevue,Puget Sound,Sun Hoody,Apparel,Cascade Textiles,1,62.00,24.00,62.00,38.00,1051,Y
6201,2025-06-03,Spokane,Inland,Approach Shoe,Footwear,Fraser Valley Rubber,2,129.00,52.00,258.00,154.00,1047,Y
6202,2025-06-03,Tacoma,Puget Sound,Stormbreak Rain Jacket,Apparel,Cascade Textiles,2,169.00,68.00,338.00,202.00,1023,Y
6203,2025-06-03,Seattle Flagship,Puget Sound,Nimbus 20F Sleeping Bag,Camping,Olympic Down Works,1,259.00,104.00,259.00,155.00,1014,Y
6204,2025-06-04,Bellevue,Puget Sound,Approach Shoe,Footwear,Fraser Valley Rubber,3,129.00,52.00,387.00,231.00,1027,Y
6205,2025-06-04,Eugene,Willamette,Basecamp 65L Pack,Camping,Olympic Down Works,1,229.00,96.00,229.00,133.00,,N
6206,2025-06-04,Bellevue,Puget Sound,Dry Bag 30L,Water,Fraser Valley Rubber,1,42.00,17.00,42.00,25.00,,N
6207,2025-06-04,Bellevue,Puget Sound,Quickdraw Set of 6,Climbing,Nordvik Outdoor,1,155.00,62.00,155.00,93.00,1058,Y
6208,2025-06-04,Seattle Flagship,Puget Sound,Dynamic Rope 60m,Climbing,Nordvik Outdoor,1,239.00,98.00,239.00,141.00,1036,Y
6209,2025-06-04,Eugene,Willamette,Dry Bag 30L,Water,Fraser Valley Rubber,1,42.00,17.00,42.00,25.00,,N
6210,2025-06-04,Portland Pearl,Willamette,Vertex Climbing Harness,Climbing,Kitsap Forge,1,105.00,43.00,105.00,62.00,1034,Y
6211,2025-06-05,Seattle Flagship,Puget Sound,Trail Convertible Pant,Apparel,Cascade Textiles,2,89.00,36.00,178.00,106.00,1044,Y
6212,2025-06-05,Bellevue,Puget Sound,Approach Shoe,Footwear,Fraser Valley Rubber,2,109.65,52.00,219.30,115.30,1052,Y
6213,2025-06-05,Bellingham,North Cascades,Nimbus 20F Sleeping Bag,Camping,Olympic Down Works,1,259.00,104.00,259.00,155.00,,N
6214,2025-06-05,Bellingham,North Cascades,Quickdraw Set of 6,Climbing,Nordvik Outdoor,1,155.00,62.00,155.00,93.00,1010,Y
6215,2025-06-05,Seattle Flagship,Puget Sound,PFD Vest,Water,Kitsap Forge,1,95.00,38.00,95.00,57.00,1035,Y
6216,2025-06-05,Bellingham,North Cascades,Trail Convertible Pant,Apparel,Cascade Textiles,1,89.00,36.00,89.00,53.00,1034,Y
6217,2025-06-06,Bellevue,Puget Sound,Trailhead Sleeping Pad,Camping,Sanko Technical,1,99.00,41.00,99.00,58.00,1036,Y
6218,2025-06-06,Bellevue,Puget Sound,Dry Bag 30L,Water,Fraser Valley Rubber,1,42.00,17.00,42.00,25.00,1019,Y
6219,2025-06-06,Bellevue,Puget Sound,Merino Hiking Socks,Apparel,Andes Alpaca Co-op,1,20.40,8.50,20.40,11.90,1009,Y
6220,2025-06-06,Portland Pearl,Willamette,Backcountry Boot,Footwear,Fraser Valley Rubber,1,219.00,88.00,219.00,131.00,1056,Y
6221,2025-06-06,Portland Pearl,Willamette,Chalk Bag,Climbing,Kitsap Forge,1,26.00,9.00,26.00,17.00,1004,Y
6222,2025-06-06,Tacoma,Puget Sound,Fleece Quarter-Zip,Apparel,Cascade Textiles,1,79.00,31.00,79.00,48.00,1041,Y
6223,2025-06-06,Portland Pearl,Willamette,Trail Runner GTX,Footwear,Fraser Valley Rubber,3,149.00,61.00,447.00,264.00,1002,Y
6224,2025-06-06,Bellingham,North Cascades,Trail Convertible Pant,Apparel,Cascade Textiles,2,89.00,36.00,178.00,106.00,1020,Y
6225,2025-06-06,Bellevue,Puget Sound,Sun Hoody,Apparel,Cascade Textiles,2,62.00,24.00,124.00,76.00,1033,Y
6226,2025-06-06,Eugene,Willamette,Dynamic Rope 60m,Climbing,Nordvik Outdoor,1,203.15,98.00,203.15,105.15,1034,Y
6227,2025-06-07,Portland Pearl,Willamette,Snowshoe Kit,Snow,Kitsap Forge,1,179.00,76.00,179.00,103.00,1021,Y
6228,2025-06-07,Eugene,Willamette,Trailhead Sleeping Pad,Camping,Sanko Technical,1,99.00,41.00,99.00,58.00,1024,Y
6229,2025-06-07,Portland Pearl,Willamette,Stormbreak Rain Jacket,Apparel,Cascade Textiles,2,169.00,68.00,338.00,202.00,1016,Y
6230,2025-06-07,Portland Pearl,Willamette,Alpine 45L Pack,Camping,Olympic Down Works,2,189.00,78.00,378.00,222.00,1035,Y
6231,2025-06-07,Tacoma,Puget Sound,Trailhead Sleeping Pad,Camping,Sanko Technical,2,99.00,41.00,198.00,116.00,1002,Y
6232,2025-06-07,Portland Pearl,Willamette,Ridgeline 2P Tent,Camping,Cascade Textiles,1,296.65,142.00,296.65,154.65,1010,Y
6233,2025-06-07,Bellingham,North Cascades,Ridgeline 2P Tent,Camping,Cascade Textiles,1,349.00,142.00,349.00,207.00,1010,Y
6234,2025-06-07,Bellevue,Puget Sound,Alpine 45L Pack,Camping,Olympic Down Works,1,189.00,78.00,189.00,111.00,1038,Y
6235,2025-06-08,Boise,Inland,Nimbus 20F Sleeping Bag,Camping,Olympic Down Works,1,259.00,104.00,259.00,155.00,1027,Y
6236,2025-06-08,Spokane,Inland,Headlamp 400,Camping,Sanko Technical,2,44.00,16.00,88.00,56.00,1021,Y
6237,2025-06-08,Seattle Flagship,Puget Sound,Sun Hoody,Apparel,Cascade Textiles,2,62.00,24.00,124.00,76.00,1030,Y
6238,2025-06-08,Boise,Inland,Trail Convertible Pant,Apparel,Cascade Textiles,1,89.00,36.00,89.00,53.00,1052,Y
6239,2025-06-08,Eugene,Willamette,Chalk Bag,Climbing,Kitsap Forge,1,26.00,9.00,26.00,17.00,1045,Y
6240,2025-06-08,Seattle Flagship,Puget Sound,Alpine 45L Pack,Camping,Olympic Down Works,2,189.00,78.00,378.00,222.00,1047,Y
6241,2025-06-08,Seattle Flagship,Puget Sound,Trail Convertible Pant,Apparel,Cascade Textiles,2,89.00,36.00,178.00,106.00,1038,Y
6242,2025-06-09,Boise,Inland,Dynamic Rope 60m,Climbing,Nordvik Outdoor,1,239.00,98.00,239.00,141.00,1050,Y
6243,2025-06-09,Boise,Inland,Titanium Cook Set,Camping,Sanko Technical,1,115.00,47.00,115.00,68.00,1004,Y
6244,2025-06-09,Bellevue,Puget Sound,Cascade Camp Stove,Camping,Kitsap Forge,1,84.00,34.00,84.00,50.00,1043,Y
6245,2025-06-09,Eugene,Willamette,Quickdraw Set of 6,Climbing,Nordvik Outdoor,2,131.75,62.00,263.50,139.50,1041,Y
6246,2025-06-09,Portland Pearl,Willamette,Basecamp 65L Pack,Camping,Olympic Down Works,1,229.00,96.00,229.00,133.00,1022,Y
6247,2025-06-09,Eugene,Willamette,Inflatable Kayak,Water,Fraser Valley Rubber,1,699.00,289.00,699.00,410.00,1010,Y
6248,2025-06-09,Portland Pearl,Willamette,Cascade Camp Stove,Camping,Kitsap Forge,3,84.00,34.00,252.00,150.00,1022,Y
6249,2025-06-09,Bellingham,North Cascades,Chalk Bag,Climbing,Kitsap Forge,1,26.00,9.00,26.00,17.00,,N
6250,2025-06-10,Bellingham,North Cascades,Belay Device,Climbing,Kitsap Forge,2,49.00,19.00,98.00,60.00,1015,Y
6251,2025-06-10,Seattle Flagship,Puget Sound,Sun Hoody,Apparel,Cascade Textiles,2,62.00,24.00,124.00,76.00,1020,Y
6252,2025-06-10,Eugene,Willamette,Inflatable Kayak,Water,Fraser Valley Rubber,1,699.00,289.00,699.00,410.00,1030,Y
6253,2025-06-10,Seattle Flagship,Puget Sound,Approach Shoe,Footwear,Fraser Valley Rubber,1,129.00,52.00,129.00,77.00,1044,Y
6254,2025-06-10,Spokane,Inland,Basecamp 65L Pack,Camping,Olympic Down Works,1,229.00,96.00,229.00,133.00,1016,Y
6255,2025-06-11,Spokane,Inland,PFD Vest,Water,Kitsap Forge,1,95.00,38.00,95.00,57.00,1032,Y
6256,2025-06-11,Bellingham,North Cascades,Alpine 45L Pack,Camping,Olympic Down Works,1,189.00,78.00,189.00,111.00,,N
6257,2025-06-11,Tacoma,Puget Sound,Sun Hoody,Apparel,Cascade Textiles,1,52.70,24.00,52.70,28.70,1006,Y
6258,2025-06-11,Boise,Inland,Trail Runner GTX,Footwear,Fraser Valley Rubber,2,149.00,61.00,298.00,176.00,1046,Y
6259,2025-06-11,Seattle Flagship,Puget Sound,Trail Convertible Pant,Apparel,Cascade Textiles,2,89.00,36.00,178.00,106.00,1009,Y
6260,2025-06-11,Boise,Inland,Dry Bag 30L,Water,Fraser Valley Rubber,1,42.00,17.00,42.00,25.00,1030,Y
6261,2025-06-12,Portland Pearl,Willamette,Trailhead Sleeping Pad,Camping,Sanko Technical,1,99.00,41.00,99.00,58.00,1024,Y
6262,2025-06-12,Bellingham,North Cascades,Fleece Quarter-Zip,Apparel,Cascade Textiles,1,79.00,31.00,79.00,48.00,,N
6263,2025-06-12,Bellingham,North Cascades,Approach Shoe,Footwear,Fraser Valley Rubber,1,129.00,52.00,129.00,77.00,,N
6264,2025-06-12,Eugene,Willamette,Ridgeline 3P Tent,Camping,Cascade Textiles,1,419.00,168.00,419.00,251.00,1036,Y
6265,2025-06-12,Bellingham,North Cascades,Titanium Cook Set,Camping,Sanko Technical,2,115.00,47.00,230.00,136.00,1040,Y
6266,2025-06-12,Bellevue,Puget Sound,Down Sweater,Apparel,Olympic Down Works,1,157.25,74.00,157.25,83.25,1012,Y
6267,2025-06-12,Tacoma,Puget Sound,Sun Hoody,Apparel,Cascade Textiles,2,62.00,24.00,124.00,76.00,1015,Y
6268,2025-06-12,Tacoma,Puget Sound,Ridgeline 3P Tent,Camping,Cascade Textiles,1,419.00,168.00,419.00,251.00,1025,Y
6269,2025-06-12,Spokane,Inland,Dry Bag 30L,Water,Fraser Valley Rubber,2,42.00,17.00,84.00,50.00,1019,Y
6270,2025-06-12,Seattle Flagship,Puget Sound,Inflatable Kayak,Water,Fraser Valley Rubber,1,699.00,289.00,699.00,410.00,1027,Y
6271,2025-06-13,Seattle Flagship,Puget Sound,Trail Runner GTX,Footwear,Fraser Valley Rubber,1,149.00,61.00,149.00,88.00,1021,Y
6272,2025-06-13,Portland Pearl,Willamette,Cascade Camp Stove,Camping,Kitsap Forge,3,84.00,34.00,252.00,150.00,1044,Y
6273,2025-06-13,Seattle Flagship,Puget Sound,Trail Runner GTX,Footwear,Fraser Valley Rubber,2,149.00,61.00,298.00,176.00,1047,Y
6274,2025-06-13,Spokane,Inland,Nimbus 0F Sleeping Bag,Camping,Olympic Down Works,1,339.00,138.00,339.00,201.00,1052,Y
6275,2025-06-13,Seattle Flagship,Puget Sound,Paddle Carbon,Water,Sanko Technical,1,237.15,112.00,237.15,125.15,1001,Y
6276,2025-06-13,Bellevue,Puget Sound,Titanium Cook Set,Camping,Sanko Technical,1,115.00,47.00,115.00,68.00,1044,Y
6277,2025-06-13,Seattle Flagship,Puget Sound,Sun Hoody,Apparel,Cascade Textiles,2,62.00,24.00,124.00,76.00,1006,Y
6278,2025-06-14,Boise,Inland,Cascade Camp Stove,Camping,Kitsap Forge,3,84.00,34.00,252.00,150.00,1023,Y
6279,2025-06-14,Seattle Flagship,Puget Sound,Dry Bag 30L,Water,Fraser Valley Rubber,1,42.00,17.00,42.00,25.00,1021,Y
6280,2025-06-14,Tacoma,Puget Sound,Ridgeline 2P Tent,Camping,Cascade Textiles,1,349.00,142.00,349.00,207.00,1042,Y
6281,2025-06-14,Boise,Inland,Quickdraw Set of 6,Climbing,Nordvik Outdoor,2,155.00,62.00,310.00,186.00,1007,Y
6282,2025-06-14,Seattle Flagship,Puget Sound,Basecamp 65L Pack,Camping,Olympic Down Works,1,229.00,96.00,229.00,133.00,1021,Y
6283,2025-06-14,Bellevue,Puget Sound,Dry Bag 30L,Water,Fraser Valley Rubber,2,42.00,17.00,84.00,50.00,1028,Y
6284,2025-06-14,Bellevue,Puget Sound,Trailhead Sleeping Pad,Camping,Sanko Technical,2,99.00,41.00,198.00,116.00,1026,Y
6285,2025-06-15,Seattle Flagship,Puget Sound,Alpine 45L Pack,Camping,Olympic Down Works,3,189.00,78.00,567.00,333.00,1021,Y
6286,2025-06-15,Eugene,Willamette,Inflatable Kayak,Water,Fraser Valley Rubber,1,699.00,289.00,699.00,410.00,1053,Y
6287,2025-06-15,Eugene,Willamette,Cascade Camp Stove,Camping,Kitsap Forge,3,84.00,34.00,252.00,150.00,1038,Y
6288,2025-06-15,Seattle Flagship,Puget Sound,Merino Hiking Socks,Apparel,Andes Alpaca Co-op,2,24.00,8.50,48.00,31.00,1043,Y
6289,2025-06-15,Portland Pearl,Willamette,Chalk Bag,Climbing,Kitsap Forge,2,26.00,9.00,52.00,34.00,1058,Y
6290,2025-06-15,Tacoma,Puget Sound,Dynamic Rope 60m,Climbing,Nordvik Outdoor,1,239.00,98.00,239.00,141.00,1048,Y
6291,2025-06-15,Bellingham,North Cascades,Dry Bag 30L,Water,Fraser Valley Rubber,1,42.00,17.00,42.00,25.00,1022,Y
6292,2025-06-15,Eugene,Willamette,Snowshoe Kit,Snow,Kitsap Forge,1,179.00,76.00,179.00,103.00,1021,Y
6293,2025-06-16,Spokane,Inland,Cascade Camp Stove,Camping,Kitsap Forge,1,84.00,34.00,84.00,50.00,1050,Y
6294,2025-06-16,Tacoma,Puget Sound,Inflatable Kayak,Water,Fraser Valley Rubber,1,699.00,289.00,699.00,410.00,1038,Y
6295,2025-06-16,Bellevue,Puget Sound,Ridgeline 3P Tent,Camping,Cascade Textiles,1,419.00,168.00,419.00,251.00,,N
6296,2025-06-16,Boise,Inland,Backcountry Boot,Footwear,Fraser Valley Rubber,1,219.00,88.00,219.00,131.00,1046,Y
6297,2025-06-16,Seattle Flagship,Puget Sound,Ridgeline 3P Tent,Camping,Cascade Textiles,1,419.00,168.00,419.00,251.00,1035,Y
6298,2025-06-16,Spokane,Inland,Quickdraw Set of 6,Climbing,Nordvik Outdoor,2,155.00,62.00,310.00,186.00,1057,Y
6299,2025-06-16,Portland Pearl,Willamette,Nimbus 0F Sleeping Bag,Camping,Olympic Down Works,1,339.00,138.00,339.00,201.00,1050,Y
6300,2025-06-16,Tacoma,Puget Sound,Approach Shoe,Footwear,Fraser Valley Rubber,1,129.00,52.00,129.00,77.00,1059,Y
6301,2025-06-17,Boise,Inland,Avalanche Beacon,Snow,Nordvik Outdoor,1,399.00,178.00,399.00,221.00,1055,Y
6302,2025-06-17,Spokane,Inland,Ridgeline 3P Tent,Camping,Cascade Textiles,1,419.00,168.00,419.00,251.00,1019,Y
6303,2025-06-17,Portland Pearl,Willamette,Vertex Climbing Harness,Climbing,Kitsap Forge,1,89.25,43.00,89.25,46.25,1045,Y
6304,2025-06-17,Bellingham,North Cascades,Paddle Carbon,Water,Sanko Technical,1,279.00,112.00,279.00,167.00,,N
6305,2025-06-17,Spokane,Inland,Titanium Cook Set,Camping,Sanko Technical,1,97.75,47.00,97.75,50.75,1023,Y
6306,2025-06-17,Eugene,Willamette,Chalk Bag,Climbing,Kitsap Forge,1,22.10,9.00,22.10,13.10,1036,Y
6307,2025-06-17,Portland Pearl,Willamette,Trail Runner GTX,Footwear,Fraser Valley Rubber,3,149.00,61.00,447.00,264.00,1010,Y
6308,2025-06-17,Seattle Flagship,Puget Sound,Ridgeline 3P Tent,Camping,Cascade Textiles,1,419.00,168.00,419.00,251.00,,N
6309,2025-06-18,Boise,Inland,Vertex Climbing Harness,Climbing,Kitsap Forge,2,105.00,43.00,210.00,124.00,1020,Y
6310,2025-06-18,Seattle Flagship,Puget Sound,Approach Shoe,Footwear,Fraser Valley Rubber,2,129.00,52.00,258.00,154.00,1042,Y
6311,2025-06-18,Portland Pearl,Willamette,Backcountry Boot,Footwear,Fraser Valley Rubber,1,219.00,88.00,219.00,131.00,1033,Y
6312,2025-06-18,Seattle Flagship,Puget Sound,PFD Vest,Water,Kitsap Forge,3,95.00,38.00,285.00,171.00,1031,Y
6313,2025-06-18,Seattle Flagship,Puget Sound,Belay Device,Climbing,Kitsap Forge,3,49.00,19.00,147.00,90.00,1045,Y
6314,2025-06-18,Portland Pearl,Willamette,Sun Hoody,Apparel,Cascade Textiles,1,62.00,24.00,62.00,38.00,1030,Y
6315,2025-06-18,Eugene,Willamette,Trailhead Sleeping Pad,Camping,Sanko Technical,2,99.00,41.00,198.00,116.00,1015,Y
6316,2025-06-18,Tacoma,Puget Sound,Titanium Cook Set,Camping,Sanko Technical,1,115.00,47.00,115.00,68.00,1003,Y
6317,2025-06-18,Portland Pearl,Willamette,Inflatable Kayak,Water,Fraser Valley Rubber,1,699.00,289.00,699.00,410.00,1052,Y
6318,2025-06-18,Eugene,Willamette,PFD Vest,Water,Kitsap Forge,3,80.75,38.00,242.25,128.25,1025,Y
6319,2025-06-18,Spokane,Inland,Headlamp 400,Camping,Sanko Technical,2,44.00,16.00,88.00,56.00,,N
6320,2025-06-19,Tacoma,Puget Sound,Basecamp 65L Pack,Camping,Olympic Down Works,1,229.00,96.00,229.00,133.00,,N
6321,2025-06-19,Spokane,Inland,Vertex Climbing Harness,Climbing,Kitsap Forge,2,105.00,43.00,210.00,124.00,1048,Y
6322,2025-06-19,Portland Pearl,Willamette,Trail Runner GTX,Footwear,Fraser Valley Rubber,2,149.00,61.00,298.00,176.00,,N
6323,2025-06-19,Tacoma,Puget Sound,Quickdraw Set of 6,Climbing,Nordvik Outdoor,2,155.00,62.00,310.00,186.00,1039,Y
6324,2025-06-20,Boise,Inland,Nimbus 20F Sleeping Bag,Camping,Olympic Down Works,1,259.00,104.00,259.00,155.00,1039,Y
6325,2025-06-20,Eugene,Willamette,Titanium Cook Set,Camping,Sanko Technical,1,97.75,47.00,97.75,50.75,1044,Y
6326,2025-06-20,Portland Pearl,Willamette,Inflatable Kayak,Water,Fraser Valley Rubber,1,699.00,289.00,699.00,410.00,1060,Y
6327,2025-06-20,Seattle Flagship,Puget Sound,Inflatable Kayak,Water,Fraser Valley Rubber,1,699.00,289.00,699.00,410.00,1003,Y
6328,2025-06-20,Bellingham,North Cascades,Ridgeline 2P Tent,Camping,Cascade Textiles,1,349.00,142.00,349.00,207.00,,N
6329,2025-06-20,Spokane,Inland,Trail Runner GTX,Footwear,Fraser Valley Rubber,2,149.00,61.00,298.00,176.00,1038,Y
6330,2025-06-20,Seattle Flagship,Puget Sound,Quickdraw Set of 6,Climbing,Nordvik Outdoor,1,155.00,62.00,155.00,93.00,1020,Y
6331,2025-06-20,Tacoma,Puget Sound,Basecamp 65L Pack,Camping,Olympic Down Works,1,229.00,96.00,229.00,133.00,1016,Y
6332,2025-06-20,Seattle Flagship,Puget Sound,Ridgeline 2P Tent,Camping,Cascade Textiles,1,349.00,142.00,349.00,207.00,1027,Y
6333,2025-06-20,Portland Pearl,Willamette,PFD Vest,Water,Kitsap Forge,1,95.00,38.00,95.00,57.00,1057,Y
6334,2025-06-20,Boise,Inland,Trailhead Sleeping Pad,Camping,Sanko Technical,2,99.00,41.00,198.00,116.00,1033,Y
6335,2025-06-21,Portland Pearl,Willamette,Alpine 45L Pack,Camping,Olympic Down Works,2,189.00,78.00,378.00,222.00,1005,Y
6336,2025-06-21,Tacoma,Puget Sound,Dry Bag 30L,Water,Fraser Valley Rubber,1,42.00,17.00,42.00,25.00,1013,Y
6337,2025-06-21,Spokane,Inland,Approach Shoe,Footwear,Fraser Valley Rubber,3,129.00,52.00,387.00,231.00,1050,Y
6338,2025-06-21,Spokane,Inland,Alpine 45L Pack,Camping,Olympic Down Works,1,189.00,78.00,189.00,111.00,1046,Y
6339,2025-06-21,Eugene,Willamette,Headlamp 400,Camping,Sanko Technical,1,44.00,16.00,44.00,28.00,1002,Y
6340,2025-06-21,Tacoma,Puget Sound,Trailhead Sleeping Pad,Camping,Sanko Technical,3,99.00,41.00,297.00,174.00,,N
6341,2025-06-21,Tacoma,Puget Sound,Insulated Camp Bootie,Footwear,Andes Alpaca Co-op,2,50.15,22.00,100.30,56.30,,N
6342,2025-06-21,Bellingham,North Cascades,Dry Bag 30L,Water,Fraser Valley Rubber,1,35.70,17.00,35.70,18.70,,N
6343,2025-06-21,Boise,Inland,Ridgeline 2P Tent,Camping,Cascade Textiles,1,349.00,142.00,349.00,207.00,1014,Y
6344,2025-06-21,Spokane,Inland,Paddle Carbon,Water,Sanko Technical,1,279.00,112.00,279.00,167.00,1043,Y
6345,2025-06-21,Portland Pearl,Willamette,Nimbus 20F Sleeping Bag,Camping,Olympic Down Works,1,259.00,104.00,259.00,155.00,1010,Y
6346,2025-06-22,Bellingham,North Cascades,Alpine 45L Pack,Camping,Olympic Down Works,3,189.00,78.00,567.00,333.00,,N
6347,2025-06-22,Bellevue,Puget Sound,Trail Convertible Pant,Apparel,Cascade Textiles,1,89.00,36.00,89.00,53.00,1033,Y
6348,2025-06-22,Seattle Flagship,Puget Sound,Inflatable Kayak,Water,Fraser Valley Rubber,1,699.00,289.00,699.00,410.00,1017,Y
6349,2025-06-22,Seattle Flagship,Puget Sound,Cascade Camp Stove,Camping,Kitsap Forge,3,84.00,34.00,252.00,150.00,1041,Y
6350,2025-06-22,Bellingham,North Cascades,Down Sweater,Apparel,Olympic Down Works,3,185.00,74.00,555.00,333.00,,N
6351,2025-06-22,Bellevue,Puget Sound,Sun Hoody,Apparel,Cascade Textiles,1,62.00,24.00,62.00,38.00,1053,Y
6352,2025-06-22,Seattle Flagship,Puget Sound,Trail Runner GTX,Footwear,Fraser Valley Rubber,1,149.00,61.00,149.00,88.00,1029,Y
6353,2025-06-22,Portland Pearl,Willamette,Sun Hoody,Apparel,Cascade Textiles,1,62.00,24.00,62.00,38.00,1019,Y
6354,2025-06-23,Bellingham,North Cascades,Alpine 45L Pack,Camping,Olympic Down Works,2,189.00,78.00,378.00,222.00,1026,Y
6355,2025-06-23,Portland Pearl,Willamette,Cascade Camp Stove,Camping,Kitsap Forge,1,84.00,34.00,84.00,50.00,1043,Y
6356,2025-06-23,Portland Pearl,Willamette,Paddle Carbon,Water,Sanko Technical,1,279.00,112.00,279.00,167.00,1014,Y
6357,2025-06-23,Bellevue,Puget Sound,Alpine 45L Pack,Camping,Olympic Down Works,2,189.00,78.00,378.00,222.00,1058,Y
6358,2025-06-23,Bellevue,Puget Sound,Touring Ski Package,Snow,Nordvik Outdoor,1,949.00,412.00,949.00,537.00,1019,Y
6359,2025-06-23,Tacoma,Puget Sound,Alpaca Base Layer,Apparel,Andes Alpaca Co-op,1,78.00,29.00,78.00,49.00,1034,Y
6360,2025-06-23,Eugene,Willamette,Quickdraw Set of 6,Climbing,Nordvik Outdoor,2,155.00,62.00,310.00,186.00,1004,Y
6361,2025-06-23,Portland Pearl,Willamette,PFD Vest,Water,Kitsap Forge,1,95.00,38.00,95.00,57.00,1045,Y
6362,2025-06-23,Bellevue,Puget Sound,Dry Bag 30L,Water,Fraser Valley Rubber,3,42.00,17.00,126.00,75.00,1042,Y
6363,2025-06-24,Portland Pearl,Willamette,Ridgeline 2P Tent,Camping,Cascade Textiles,1,349.00,142.00,349.00,207.00,1006,Y
6364,2025-06-24,Bellevue,Puget Sound,Vertex Climbing Harness,Climbing,Kitsap Forge,1,105.00,43.00,105.00,62.00,1026,Y
6365,2025-06-24,Tacoma,Puget Sound,Ridgeline 2P Tent,Camping,Cascade Textiles,1,349.00,142.00,349.00,207.00,1021,Y
6366,2025-06-24,Bellingham,North Cascades,Chalk Bag,Climbing,Kitsap Forge,2,26.00,9.00,52.00,34.00,1045,Y
6367,2025-06-24,Seattle Flagship,Puget Sound,Ridgeline 3P Tent,Camping,Cascade Textiles,1,419.00,168.00,419.00,251.00,1052,Y
6368,2025-06-25,Seattle Flagship,Puget Sound,Dynamic Rope 60m,Climbing,Nordvik Outdoor,1,239.00,98.00,239.00,141.00,1054,Y
6369,2025-06-25,Portland Pearl,Willamette,Ridgeline 3P Tent,Camping,Cascade Textiles,1,419.00,168.00,419.00,251.00,1018,Y
6370,2025-06-25,Portland Pearl,Willamette,Cascade Camp Stove,Camping,Kitsap Forge,2,84.00,34.00,168.00,100.00,1005,Y
6371,2025-06-25,Seattle Flagship,Puget Sound,Fleece Quarter-Zip,Apparel,Cascade Textiles,2,79.00,31.00,158.00,96.00,1028,Y
6372,2025-06-25,Seattle Flagship,Puget Sound,Snowshoe Kit,Snow,Kitsap Forge,3,179.00,76.00,537.00,309.00,1020,Y
6373,2025-06-25,Seattle Flagship,Puget Sound,Merino Hiking Socks,Apparel,Andes Alpaca Co-op,2,24.00,8.50,48.00,31.00,1020,Y
6374,2025-06-25,Seattle Flagship,Puget Sound,Sun Hoody,Apparel,Cascade Textiles,1,62.00,24.00,62.00,38.00,,N
6375,2025-06-25,Spokane,Inland,Approach Shoe,Footwear,Fraser Valley Rubber,2,129.00,52.00,258.00,154.00,1017,Y
6376,2025-06-25,Spokane,Inland,Approach Shoe,Footwear,Fraser Valley Rubber,1,129.00,52.00,129.00,77.00,1050,Y
6377,2025-06-26,Portland Pearl,Willamette,Chalk Bag,Climbing,Kitsap Forge,3,26.00,9.00,78.00,51.00,1016,Y
6378,2025-06-26,Bellevue,Puget Sound,Vertex Climbing Harness,Climbing,Kitsap Forge,1,89.25,43.00,89.25,46.25,,N
6379,2025-06-26,Seattle Flagship,Puget Sound,Down Sweater,Apparel,Olympic Down Works,1,185.00,74.00,185.00,111.00,1007,Y
6380,2025-06-26,Bellingham,North Cascades,Quickdraw Set of 6,Climbing,Nordvik Outdoor,1,155.00,62.00,155.00,93.00,,N
6381,2025-06-26,Eugene,Willamette,Cascade Camp Stove,Camping,Kitsap Forge,2,84.00,34.00,168.00,100.00,1052,Y
6382,2025-06-26,Bellingham,North Cascades,Ridgeline 3P Tent,Camping,Cascade Textiles,1,419.00,168.00,419.00,251.00,1043,Y
6383,2025-06-27,Eugene,Willamette,Cascade Camp Stove,Camping,Kitsap Forge,2,84.00,34.00,168.00,100.00,1044,Y
6384,2025-06-27,Eugene,Willamette,Belay Device,Climbing,Kitsap Forge,1,41.65,19.00,41.65,22.65,1026,Y
6385,2025-06-27,Tacoma,Puget Sound,Basecamp 65L Pack,Camping,Olympic Down Works,1,229.00,96.00,229.00,133.00,1017,Y
6386,2025-06-27,Tacoma,Puget Sound,Stormbreak Rain Jacket,Apparel,Cascade Textiles,2,169.00,68.00,338.00,202.00,1019,Y
6387,2025-06-27,Bellevue,Puget Sound,Trail Convertible Pant,Apparel,Cascade Textiles,3,89.00,36.00,267.00,159.00,1009,Y
6388,2025-06-27,Boise,Inland,Ridgeline 3P Tent,Camping,Cascade Textiles,1,419.00,168.00,419.00,251.00,,N
6389,2025-06-27,Eugene,Willamette,Alpine 45L Pack,Camping,Olympic Down Works,1,189.00,78.00,189.00,111.00,1037,Y
6390,2025-06-27,Seattle Flagship,Puget Sound,Nimbus 0F Sleeping Bag,Camping,Olympic Down Works,1,339.00,138.00,339.00,201.00,1048,Y
6391,2025-06-28,Portland Pearl,Willamette,Sun Hoody,Apparel,Cascade Textiles,2,62.00,24.00,124.00,76.00,1049,Y
6392,2025-06-28,Seattle Flagship,Puget Sound,Cascade Camp Stove,Camping,Kitsap Forge,1,84.00,34.00,84.00,50.00,1015,Y
6393,2025-06-28,Bellevue,Puget Sound,Approach Shoe,Footwear,Fraser Valley Rubber,3,129.00,52.00,387.00,231.00,1029,Y
6394,2025-06-28,Bellingham,North Cascades,Trailhead Sleeping Pad,Camping,Sanko Technical,2,99.00,41.00,198.00,116.00,1027,Y
6395,2025-06-28,Portland Pearl,Willamette,Trail Convertible Pant,Apparel,Cascade Textiles,1,89.00,36.00,89.00,53.00,,N
6396,2025-06-28,Boise,Inland,Trail Convertible Pant,Apparel,Cascade Textiles,1,89.00,36.00,89.00,53.00,1058,Y
6397,2025-06-28,Bellingham,North Cascades,Quickdraw Set of 6,Climbing,Nordvik Outdoor,1,155.00,62.00,155.00,93.00,1013,Y
6398,2025-06-28,Bellingham,North Cascades,Approach Shoe,Footwear,Fraser Valley Rubber,1,129.00,52.00,129.00,77.00,,N
6399,2025-06-28,Eugene,Willamette,Trailhead Sleeping Pad,Camping,Sanko Technical,2,99.00,41.00,198.00,116.00,1041,Y
6400,2025-06-29,Seattle Flagship,Puget Sound,Approach Shoe,Footwear,Fraser Valley Rubber,1,109.65,52.00,109.65,57.65,1007,Y
6401,2025-06-29,Bellingham,North Cascades,Cascade Camp Stove,Camping,Kitsap Forge,1,84.00,34.00,84.00,50.00,1041,Y
6402,2025-06-29,Eugene,Willamette,PFD Vest,Water,Kitsap Forge,1,95.00,38.00,95.00,57.00,1025,Y
6403,2025-06-29,Seattle Flagship,Puget Sound,Headlamp 400,Camping,Sanko Technical,2,44.00,16.00,88.00,56.00,,N
6404,2025-06-29,Bellevue,Puget Sound,Merino Hiking Socks,Apparel,Andes Alpaca Co-op,2,24.00,8.50,48.00,31.00,1058,Y
6405,2025-06-30,Spokane,Inland,Ridgeline 3P Tent,Camping,Cascade Textiles,1,419.00,168.00,419.00,251.00,1042,Y
6406,2025-06-30,Eugene,Willamette,Inflatable Kayak,Water,Fraser Valley Rubber,1,699.00,289.00,699.00,410.00,,N
6407,2025-06-30,Eugene,Willamette,Basecamp 65L Pack,Camping,Olympic Down Works,1,229.00,96.00,229.00,133.00,1050,Y
6408,2025-06-30,Bellingham,North Cascades,Alpine 45L Pack,Camping,Olympic Down Works,1,189.00,78.00,189.00,111.00,1027,Y
6409,2025-06-30,Seattle Flagship,Puget Sound,Ridgeline 2P Tent,Camping,Cascade Textiles,1,349.00,142.00,349.00,207.00,1017,Y
6410,2025-06-30,Portland Pearl,Willamette,Dynamic Rope 60m,Climbing,Nordvik Outdoor,1,239.00,98.00,239.00,141.00,1023,Y
6411,2025-06-30,Boise,Inland,Basecamp 65L Pack,Camping,Olympic Down Works,1,229.00,96.00,229.00,133.00,1001,Y
6412,2025-06-30,Bellingham,North Cascades,Chalk Bag,Climbing,Kitsap Forge,3,26.00,9.00,78.00,51.00,1038,Y
6413,2025-06-30,Seattle Flagship,Puget Sound,Approach Shoe,Footwear,Fraser Valley Rubber,1,129.00,52.00,129.00,77.00,1026,Y
6414,2025-06-30,Boise,Inland,Belay Device,Climbing,Kitsap Forge,1,49.00,19.00,49.00,30.00,1017,Y
6415,2025-06-30,Seattle Flagship,Puget Sound,Ridgeline 3P Tent,Camping,Cascade Textiles,1,356.15,168.00,356.15,188.15,1007,Y
6416,2025-07-01,Seattle Flagship,Puget Sound,Ridgeline 3P Tent,Camping,Cascade Textiles,1,419.00,168.00,419.00,251.00,1037,Y
6417,2025-07-01,Tacoma,Puget Sound,PFD Vest,Water,Kitsap Forge,1,95.00,38.00,95.00,57.00,1021,Y
6418,2025-07-01,Bellevue,Puget Sound,Basecamp 65L Pack,Camping,Olympic Down Works,1,229.00,96.00,229.00,133.00,1048,Y
6419,2025-07-01,Bellingham,North Cascades,Titanium Cook Set,Camping,Sanko Technical,1,115.00,47.00,115.00,68.00,,N
6420,2025-07-01,Eugene,Willamette,Nimbus 20F Sleeping Bag,Camping,Olympic Down Works,1,259.00,104.00,259.00,155.00,,N
6421,2025-07-01,Boise,Inland,Avalanche Beacon,Snow,Nordvik Outdoor,1,339.15,178.00,339.15,161.15,1049,Y
6422,2025-07-01,Portland Pearl,Willamette,Chalk Bag,Climbing,Kitsap Forge,1,22.10,9.00,22.10,13.10,1028,Y
6423,2025-07-01,Portland Pearl,Willamette,Basecamp 65L Pack,Camping,Olympic Down Works,1,229.00,96.00,229.00,133.00,1050,Y
6424,2025-07-01,Seattle Flagship,Puget Sound,Basecamp 65L Pack,Camping,Olympic Down Works,1,229.00,96.00,229.00,133.00,1007,Y
6425,2025-07-01,Boise,Inland,Inflatable Kayak,Water,Fraser Valley Rubber,1,699.00,289.00,699.00,410.00,1047,Y
6426,2025-07-01,Eugene,Willamette,Inflatable Kayak,Water,Fraser Valley Rubber,1,699.00,289.00,699.00,410.00,1024,Y
6427,2025-07-02,Spokane,Inland,Trail Convertible Pant,Apparel,Cascade Textiles,2,89.00,36.00,178.00,106.00,,N
6428,2025-07-02,Portland Pearl,Willamette,Ridgeline 2P Tent,Camping,Cascade Textiles,1,349.00,142.00,349.00,207.00,1037,Y
6429,2025-07-02,Seattle Flagship,Puget Sound,Dry Bag 30L,Water,Fraser Valley Rubber,1,42.00,17.00,42.00,25.00,1017,Y
6430,2025-07-02,Boise,Inland,Trail Convertible Pant,Apparel,Cascade Textiles,2,89.00,36.00,178.00,106.00,1033,Y
6431,2025-07-02,Portland Pearl,Willamette,Merino Hiking Socks,Apparel,Andes Alpaca Co-op,2,20.40,8.50,40.80,23.80,1045,Y
6432,2025-07-02,Seattle Flagship,Puget Sound,Basecamp 65L Pack,Camping,Olympic Down Works,1,229.00,96.00,229.00,133.00,1059,Y
6433,2025-07-02,Bellingham,North Cascades,Dynamic Rope 60m,Climbing,Nordvik Outdoor,1,203.15,98.00,203.15,105.15,,N
6434,2025-07-02,Bellingham,North Cascades,Trailhead Sleeping Pad,Camping,Sanko Technical,3,99.00,41.00,297.00,174.00,1059,Y
6435,2025-07-02,Portland Pearl,Willamette,PFD Vest,Water,Kitsap Forge,3,95.00,38.00,285.00,171.00,1021,Y
6436,2025-07-02,Eugene,Willamette,Trail Convertible Pant,Apparel,Cascade Textiles,2,89.00,36.00,178.00,106.00,1028,Y
6437,2025-07-02,Seattle Flagship,Puget Sound,Insulated Camp Bootie,Footwear,Andes Alpaca Co-op,1,59.00,22.00,59.00,37.00,1042,Y
6438,2025-07-02,Eugene,Willamette,Alpine 45L Pack,Camping,Olympic Down Works,3,189.00,78.00,567.00,333.00,1041,Y
6439,2025-07-03,Bellingham,North Cascades,Down Sweater,Apparel,Olympic Down Works,3,185.00,74.00,555.00,333.00,1027,Y
6440,2025-07-03,Bellevue,Puget Sound,Cascade Camp Stove,Camping,Kitsap Forge,2,84.00,34.00,168.00,100.00,1045,Y
6441,2025-07-03,Seattle Flagship,Puget Sound,Chalk Bag,Climbing,Kitsap Forge,3,26.00,9.00,78.00,51.00,1056,Y
6442,2025-07-03,Boise,Inland,Paddle Carbon,Water,Sanko Technical,1,279.00,112.00,279.00,167.00,1051,Y
6443,2025-07-03,Tacoma,Puget Sound,Ridgeline 3P Tent,Camping,Cascade Textiles,1,419.00,168.00,419.00,251.00,1024,Y
6444,2025-07-03,Portland Pearl,Willamette,Quickdraw Set of 6,Climbing,Nordvik Outdoor,2,155.00,62.00,310.00,186.00,1045,Y
6445,2025-07-03,Tacoma,Puget Sound,Paddle Carbon,Water,Sanko Technical,1,279.00,112.00,279.00,167.00,1046,Y
6446,2025-07-03,Seattle Flagship,Puget Sound,Trail Convertible Pant,Apparel,Cascade Textiles,2,89.00,36.00,178.00,106.00,1027,Y
6447,2025-07-03,Portland Pearl,Willamette,Vertex Climbing Harness,Climbing,Kitsap Forge,1,105.00,43.00,105.00,62.00,1022,Y
6448,2025-07-04,Eugene,Willamette,Ridgeline 2P Tent,Camping,Cascade Textiles,1,349.00,142.00,349.00,207.00,1014,Y
6449,2025-07-04,Portland Pearl,Willamette,Nimbus 20F Sleeping Bag,Camping,Olympic Down Works,1,259.00,104.00,259.00,155.00,1029,Y
6450,2025-07-04,Spokane,Inland,Titanium Cook Set,Camping,Sanko Technical,1,115.00,47.00,115.00,68.00,,N
6451,2025-07-04,Spokane,Inland,Chalk Bag,Climbing,Kitsap Forge,1,26.00,9.00,26.00,17.00,1060,Y
6452,2025-07-04,Bellevue,Puget Sound,Ridgeline 2P Tent,Camping,Cascade Textiles,1,349.00,142.00,349.00,207.00,1029,Y
6453,2025-07-04,Bellevue,Puget Sound,Titanium Cook Set,Camping,Sanko Technical,1,115.00,47.00,115.00,68.00,1057,Y
6454,2025-07-04,Portland Pearl,Willamette,Trail Runner GTX,Footwear,Fraser Valley Rubber,3,149.00,61.00,447.00,264.00,1055,Y
6455,2025-07-05,Seattle Flagship,Puget Sound,PFD Vest,Water,Kitsap Forge,2,95.00,38.00,190.00,114.00,1027,Y
6456,2025-07-05,Boise,Inland,Sun Hoody,Apparel,Cascade Textiles,1,62.00,24.00,62.00,38.00,1012,Y
6457,2025-07-05,Portland Pearl,Willamette,Ridgeline 3P Tent,Camping,Cascade Textiles,1,419.00,168.00,419.00,251.00,1048,Y
6458,2025-07-05,Bellingham,North Cascades,Ridgeline 3P Tent,Camping,Cascade Textiles,1,419.00,168.00,419.00,251.00,1032,Y
6459,2025-07-06,Boise,Inland,Headlamp 400,Camping,Sanko Technical,3,44.00,16.00,132.00,84.00,1036,Y
6460,2025-07-06,Bellevue,Puget Sound,Paddle Carbon,Water,Sanko Technical,1,279.00,112.00,279.00,167.00,1023,Y
6461,2025-07-06,Seattle Flagship,Puget Sound,PFD Vest,Water,Kitsap Forge,1,95.00,38.00,95.00,57.00,1058,Y
6462,2025-07-06,Tacoma,Puget Sound,PFD Vest,Water,Kitsap Forge,1,95.00,38.00,95.00,57.00,1031,Y
6463,2025-07-06,Tacoma,Puget Sound,Avalanche Beacon,Snow,Nordvik Outdoor,1,339.15,178.00,339.15,161.15,1007,Y
6464,2025-07-06,Spokane,Inland,PFD Vest,Water,Kitsap Forge,2,95.00,38.00,190.00,114.00,1048,Y
6465,2025-07-06,Spokane,Inland,Chalk Bag,Climbing,Kitsap Forge,1,22.10,9.00,22.10,13.10,1049,Y
6466,2025-07-06,Boise,Inland,Paddle Carbon,Water,Sanko Technical,1,279.00,112.00,279.00,167.00,1045,Y
6467,2025-07-06,Eugene,Willamette,Cascade Camp Stove,Camping,Kitsap Forge,1,84.00,34.00,84.00,50.00,1051,Y
6468,2025-07-06,Boise,Inland,Approach Shoe,Footwear,Fraser Valley Rubber,2,129.00,52.00,258.00,154.00,1032,Y
6469,2025-07-06,Tacoma,Puget Sound,Vertex Climbing Harness,Climbing,Kitsap Forge,1,105.00,43.00,105.00,62.00,1041,Y
6470,2025-07-06,Spokane,Inland,Basecamp 65L Pack,Camping,Olympic Down Works,1,229.00,96.00,229.00,133.00,1027,Y
6471,2025-07-06,Tacoma,Puget Sound,Belay Device,Climbing,Kitsap Forge,1,49.00,19.00,49.00,30.00,1026,Y
6472,2025-07-06,Tacoma,Puget Sound,Alpine 45L Pack,Camping,Olympic Down Works,1,189.00,78.00,189.00,111.00,1031,Y
6473,2025-07-07,Bellevue,Puget Sound,Dry Bag 30L,Water,Fraser Valley Rubber,3,42.00,17.00,126.00,75.00,1017,Y
6474,2025-07-07,Tacoma,Puget Sound,Titanium Cook Set,Camping,Sanko Technical,2,115.00,47.00,230.00,136.00,1019,Y
6475,2025-07-07,Boise,Inland,Dynamic Rope 60m,Climbing,Nordvik Outdoor,1,239.00,98.00,239.00,141.00,1028,Y
6476,2025-07-07,Bellevue,Puget Sound,Sun Hoody,Apparel,Cascade Textiles,2,62.00,24.00,124.00,76.00,1058,Y
6477,2025-07-07,Spokane,Inland,Cascade Camp Stove,Camping,Kitsap Forge,1,84.00,34.00,84.00,50.00,1020,Y
6478,2025-07-07,Bellevue,Puget Sound,Vertex Climbing Harness,Climbing,Kitsap Forge,1,105.00,43.00,105.00,62.00,1028,Y
6479,2025-07-07,Bellevue,Puget Sound,Alpine 45L Pack,Camping,Olympic Down Works,3,189.00,78.00,567.00,333.00,1050,Y
6480,2025-07-08,Bellingham,North Cascades,Nimbus 20F Sleeping Bag,Camping,Olympic Down Works,1,259.00,104.00,259.00,155.00,1010,Y
6481,2025-07-08,Boise,Inland,Alpine 45L Pack,Camping,Olympic Down Works,2,189.00,78.00,378.00,222.00,1042,Y
6482,2025-07-08,Portland Pearl,Willamette,Belay Device,Climbing,Kitsap Forge,2,49.00,19.00,98.00,60.00,1038,Y
6483,2025-07-08,Portland Pearl,Willamette,Merino Hiking Socks,Apparel,Andes Alpaca Co-op,3,24.00,8.50,72.00,46.50,1049,Y
6484,2025-07-08,Portland Pearl,Willamette,Approach Shoe,Footwear,Fraser Valley Rubber,1,109.65,52.00,109.65,57.65,1040,Y
6485,2025-07-08,Portland Pearl,Willamette,Dry Bag 30L,Water,Fraser Valley Rubber,3,42.00,17.00,126.00,75.00,1012,Y
6486,2025-07-08,Bellevue,Puget Sound,Cascade Camp Stove,Camping,Kitsap Forge,1,84.00,34.00,84.00,50.00,1040,Y
6487,2025-07-08,Seattle Flagship,Puget Sound,Belay Device,Climbing,Kitsap Forge,2,49.00,19.00,98.00,60.00,1044,Y
6488,2025-07-08,Seattle Flagship,Puget Sound,Chalk Bag,Climbing,Kitsap Forge,3,26.00,9.00,78.00,51.00,1035,Y
6489,2025-07-09,Portland Pearl,Willamette,Paddle Carbon,Water,Sanko Technical,1,279.00,112.00,279.00,167.00,1050,Y
6490,2025-07-09,Tacoma,Puget Sound,Ridgeline 2P Tent,Camping,Cascade Textiles,1,349.00,142.00,349.00,207.00,1042,Y
6491,2025-07-09,Portland Pearl,Willamette,Approach Shoe,Footwear,Fraser Valley Rubber,3,129.00,52.00,387.00,231.00,1044,Y
6492,2025-07-09,Portland Pearl,Willamette,Sun Hoody,Apparel,Cascade Textiles,2,62.00,24.00,124.00,76.00,1034,Y
6493,2025-07-09,Portland Pearl,Willamette,Basecamp 65L Pack,Camping,Olympic Down Works,1,229.00,96.00,229.00,133.00,1010,Y
6494,2025-07-09,Seattle Flagship,Puget Sound,Vertex Climbing Harness,Climbing,Kitsap Forge,1,105.00,43.00,105.00,62.00,1050,Y
6495,2025-07-09,Bellevue,Puget Sound,Trailhead Sleeping Pad,Camping,Sanko Technical,1,99.00,41.00,99.00,58.00,1002,Y
6496,2025-07-09,Portland Pearl,Willamette,Vertex Climbing Harness,Climbing,Kitsap Forge,2,105.00,43.00,210.00,124.00,1015,Y
6497,2025-07-09,Eugene,Willamette,Stormbreak Rain Jacket,Apparel,Cascade Textiles,3,169.00,68.00,507.00,303.00,1052,Y
6498,2025-07-10,Tacoma,Puget Sound,Cascade Camp Stove,Camping,Kitsap Forge,1,84.00,34.00,84.00,50.00,1051,Y
6499,2025-07-10,Portland Pearl,Willamette,Dry Bag 30L,Water,Fraser Valley Rubber,3,42.00,17.00,126.00,75.00,1048,Y
6500,2025-07-10,Portland Pearl,Willamette,Down Sweater,Apparel,Olympic Down Works,2,185.00,74.00,370.00,222.00,1020,Y
6501,2025-07-10,Seattle Flagship,Puget Sound,Headlamp 400,Camping,Sanko Technical,2,44.00,16.00,88.00,56.00,1008,Y
6502,2025-07-10,Spokane,Inland,Dry Bag 30L,Water,Fraser Valley Rubber,1,42.00,17.00,42.00,25.00,1003,Y
6503,2025-07-10,Boise,Inland,Paddle Carbon,Water,Sanko Technical,1,237.15,112.00,237.15,125.15,1008,Y
6504,2025-07-10,Tacoma,Puget Sound,Trail Runner GTX,Footwear,Fraser Valley Rubber,3,149.00,61.00,447.00,264.00,1012,Y
6505,2025-07-10,Boise,Inland,Ridgeline 2P Tent,Camping,Cascade Textiles,1,349.00,142.00,349.00,207.00,1024,Y
6506,2025-07-10,Tacoma,Puget Sound,Dynamic Rope 60m,Climbing,Nordvik Outdoor,1,239.00,98.00,239.00,141.00,1051,Y
6507,2025-07-11,Boise,Inland,Paddle Carbon,Water,Sanko Technical,1,279.00,112.00,279.00,167.00,,N
6508,2025-07-11,Bellingham,North Cascades,Sun Hoody,Apparel,Cascade Textiles,1,62.00,24.00,62.00,38.00,1043,Y
6509,2025-07-11,Seattle Flagship,Puget Sound,Inflatable Kayak,Water,Fraser Valley Rubber,1,699.00,289.00,699.00,410.00,1020,Y
6510,2025-07-11,Bellevue,Puget Sound,Approach Shoe,Footwear,Fraser Valley Rubber,1,129.00,52.00,129.00,77.00,1007,Y
6511,2025-07-11,Bellevue,Puget Sound,Cascade Camp Stove,Camping,Kitsap Forge,1,84.00,34.00,84.00,50.00,1055,Y
6512,2025-07-11,Boise,Inland,Trail Convertible Pant,Apparel,Cascade Textiles,1,89.00,36.00,89.00,53.00,1008,Y
6513,2025-07-12,Bellevue,Puget Sound,Basecamp 65L Pack,Camping,Olympic Down Works,1,229.00,96.00,229.00,133.00,1057,Y
6514,2025-07-12,Tacoma,Puget Sound,Basecamp 65L Pack,Camping,Olympic Down Works,1,229.00,96.00,229.00,133.00,,N
6515,2025-07-12,Spokane,Inland,Ridgeline 3P Tent,Camping,Cascade Textiles,1,419.00,168.00,419.00,251.00,1056,Y
6516,2025-07-12,Bellevue,Puget Sound,Paddle Carbon,Water,Sanko Technical,1,279.00,112.00,279.00,167.00,1020,Y
6517,2025-07-12,Spokane,Inland,Ridgeline 3P Tent,Camping,Cascade Textiles,1,419.00,168.00,419.00,251.00,1002,Y
6518,2025-07-12,Portland Pearl,Willamette,Ridgeline 2P Tent,Camping,Cascade Textiles,1,349.00,142.00,349.00,207.00,1002,Y
6519,2025-07-12,Bellingham,North Cascades,Cascade Camp Stove,Camping,Kitsap Forge,2,84.00,34.00,168.00,100.00,1048,Y
6520,2025-07-12,Tacoma,Puget Sound,Cascade Camp Stove,Camping,Kitsap Forge,3,71.40,34.00,214.20,112.20,1043,Y
6521,2025-07-12,Bellevue,Puget Sound,Trailhead Sleeping Pad,Camping,Sanko Technical,3,99.00,41.00,297.00,174.00,1027,Y
6522,2025-07-13,Seattle Flagship,Puget Sound,Chalk Bag,Climbing,Kitsap Forge,2,26.00,9.00,52.00,34.00,1034,Y
6523,2025-07-13,Spokane,Inland,Trailhead Sleeping Pad,Camping,Sanko Technical,2,99.00,41.00,198.00,116.00,1049,Y
6524,2025-07-13,Spokane,Inland,Nimbus 20F Sleeping Bag,Camping,Olympic Down Works,1,259.00,104.00,259.00,155.00,1052,Y
6525,2025-07-13,Bellingham,North Cascades,Inflatable Kayak,Water,Fraser Valley Rubber,1,699.00,289.00,699.00,410.00,1027,Y
6526,2025-07-13,Bellevue,Puget Sound,Dry Bag 30L,Water,Fraser Valley Rubber,1,42.00,17.00,42.00,25.00,1050,Y
6527,2025-07-13,Tacoma,Puget Sound,PFD Vest,Water,Kitsap Forge,2,95.00,38.00,190.00,114.00,1008,Y
6528,2025-07-13,Bellingham,North Cascades,Sun Hoody,Apparel,Cascade Textiles,1,62.00,24.00,62.00,38.00,,N
6529,2025-07-13,Bellingham,North Cascades,Trailhead Sleeping Pad,Camping,Sanko Technical,2,99.00,41.00,198.00,116.00,,N
6530,2025-07-13,Spokane,Inland,Trail Convertible Pant,Apparel,Cascade Textiles,2,89.00,36.00,178.00,106.00,,N
6531,2025-07-13,Portland Pearl,Willamette,Sun Hoody,Apparel,Cascade Textiles,3,62.00,24.00,186.00,114.00,1008,Y
6532,2025-07-14,Portland Pearl,Willamette,PFD Vest,Water,Kitsap Forge,2,95.00,38.00,190.00,114.00,1023,Y
6533,2025-07-14,Eugene,Willamette,Approach Shoe,Footwear,Fraser Valley Rubber,1,129.00,52.00,129.00,77.00,1045,Y
6534,2025-07-14,Tacoma,Puget Sound,Alpine 45L Pack,Camping,Olympic Down Works,2,189.00,78.00,378.00,222.00,1027,Y
6535,2025-07-14,Boise,Inland,Inflatable Kayak,Water,Fraser Valley Rubber,1,594.15,289.00,594.15,305.15,1010,Y
6536,2025-07-14,Portland Pearl,Willamette,Alpine 45L Pack,Camping,Olympic Down Works,1,189.00,78.00,189.00,111.00,1006,Y
6537,2025-07-14,Portland Pearl,Willamette,Trail Convertible Pant,Apparel,Cascade Textiles,3,89.00,36.00,267.00,159.00,1042,Y
6538,2025-07-14,Eugene,Willamette,Approach Shoe,Footwear,Fraser Valley Rubber,2,129.00,52.00,258.00,154.00,1003,Y
6539,2025-07-14,Seattle Flagship,Puget Sound,Quickdraw Set of 6,Climbing,Nordvik Outdoor,1,155.00,62.00,155.00,93.00,1017,Y
6540,2025-07-14,Bellevue,Puget Sound,Ridgeline 3P Tent,Camping,Cascade Textiles,1,419.00,168.00,419.00,251.00,1045,Y
6541,2025-07-15,Spokane,Inland,Dry Bag 30L,Water,Fraser Valley Rubber,1,42.00,17.00,42.00,25.00,1042,Y
6542,2025-07-15,Portland Pearl,Willamette,Titanium Cook Set,Camping,Sanko Technical,2,97.75,47.00,195.50,101.50,1005,Y
6543,2025-07-15,Bellevue,Puget Sound,Chalk Bag,Climbing,Kitsap Forge,2,22.10,9.00,44.20,26.20,1048,Y
6544,2025-07-15,Seattle Flagship,Puget Sound,Cascade Camp Stove,Camping,Kitsap Forge,1,84.00,34.00,84.00,50.00,1029,Y
6545,2025-07-15,Portland Pearl,Willamette,Inflatable Kayak,Water,Fraser Valley Rubber,1,699.00,289.00,699.00,410.00,1059,Y
6546,2025-07-15,Boise,Inland,Alpine 45L Pack,Camping,Olympic Down Works,1,189.00,78.00,189.00,111.00,1051,Y
6547,2025-07-15,Bellevue,Puget Sound,Inflatable Kayak,Water,Fraser Valley Rubber,1,594.15,289.00,594.15,305.15,1024,Y
6548,2025-07-15,Boise,Inland,Cascade Camp Stove,Camping,Kitsap Forge,2,84.00,34.00,168.00,100.00,1056,Y
6549,2025-07-15,Boise,Inland,Dry Bag 30L,Water,Fraser Valley Rubber,2,42.00,17.00,84.00,50.00,,N
6550,2025-07-15,Bellevue,Puget Sound,Dry Bag 30L,Water,Fraser Valley Rubber,2,42.00,17.00,84.00,50.00,1023,Y
6551,2025-07-15,Portland Pearl,Willamette,Trail Runner GTX,Footwear,Fraser Valley Rubber,1,149.00,61.00,149.00,88.00,1036,Y
6552,2025-07-16,Bellingham,North Cascades,Nimbus 20F Sleeping Bag,Camping,Olympic Down Works,1,259.00,104.00,259.00,155.00,,N
6553,2025-07-16,Bellingham,North Cascades,Quickdraw Set of 6,Climbing,Nordvik Outdoor,1,155.00,62.00,155.00,93.00,1048,Y
6554,2025-07-16,Boise,Inland,Paddle Carbon,Water,Sanko Technical,1,279.00,112.00,279.00,167.00,1035,Y
6555,2025-07-16,Tacoma,Puget Sound,Belay Device,Climbing,Kitsap Forge,1,49.00,19.00,49.00,30.00,1009,Y
6556,2025-07-16,Bellevue,Puget Sound,Fleece Quarter-Zip,Apparel,Cascade Textiles,1,79.00,31.00,79.00,48.00,1057,Y
6557,2025-07-16,Portland Pearl,Willamette,Vertex Climbing Harness,Climbing,Kitsap Forge,1,105.00,43.00,105.00,62.00,1057,Y
6558,2025-07-16,Bellingham,North Cascades,Titanium Cook Set,Camping,Sanko Technical,2,115.00,47.00,230.00,136.00,1036,Y
6559,2025-07-17,Portland Pearl,Willamette,Dry Bag 30L,Water,Fraser Valley Rubber,1,42.00,17.00,42.00,25.00,1002,Y
6560,2025-07-17,Seattle Flagship,Puget Sound,PFD Vest,Water,Kitsap Forge,2,95.00,38.00,190.00,114.00,1057,Y
6561,2025-07-17,Spokane,Inland,Trail Convertible Pant,Apparel,Cascade Textiles,1,89.00,36.00,89.00,53.00,1009,Y
6562,2025-07-17,Portland Pearl,Willamette,Titanium Cook Set,Camping,Sanko Technical,1,97.75,47.00,97.75,50.75,1048,Y
6563,2025-07-17,Portland Pearl,Willamette,Approach Shoe,Footwear,Fraser Valley Rubber,1,109.65,52.00,109.65,57.65,1019,Y
6564,2025-07-17,Bellingham,North Cascades,Cascade Camp Stove,Camping,Kitsap Forge,1,71.40,34.00,71.40,37.40,1023,Y
6565,2025-07-17,Tacoma,Puget Sound,Paddle Carbon,Water,Sanko Technical,1,279.00,112.00,279.00,167.00,1002,Y
6566,2025-07-17,Spokane,Inland,Inflatable Kayak,Water,Fraser Valley Rubber,1,699.00,289.00,699.00,410.00,1041,Y
6567,2025-07-17,Spokane,Inland,Chalk Bag,Climbing,Kitsap Forge,3,26.00,9.00,78.00,51.00,1043,Y
6568,2025-07-17,Bellevue,Puget Sound,Approach Shoe,Footwear,Fraser Valley Rubber,1,129.00,52.00,129.00,77.00,1006,Y
6569,2025-07-18,Seattle Flagship,Puget Sound,Alpine 45L Pack,Camping,Olympic Down Works,1,189.00,78.00,189.00,111.00,1049,Y
6570,2025-07-18,Portland Pearl,Willamette,Titanium Cook Set,Camping,Sanko Technical,2,115.00,47.00,230.00,136.00,1059,Y
6571,2025-07-18,Seattle Flagship,Puget Sound,Merino Hiking Socks,Apparel,Andes Alpaca Co-op,2,20.40,8.50,40.80,23.80,1027,Y
6572,2025-07-18,Bellevue,Puget Sound,Dynamic Rope 60m,Climbing,Nordvik Outdoor,1,239.00,98.00,239.00,141.00,1015,Y
6573,2025-07-18,Spokane,Inland,Merino Hiking Socks,Apparel,Andes Alpaca Co-op,3,24.00,8.50,72.00,46.50,1012,Y
6574,2025-07-18,Bellevue,Puget Sound,Quickdraw Set of 6,Climbing,Nordvik Outdoor,2,155.00,62.00,310.00,186.00,1058,Y
6575,2025-07-19,Tacoma,Puget Sound,Trail Convertible Pant,Apparel,Cascade Textiles,1,89.00,36.00,89.00,53.00,1007,Y
6576,2025-07-19,Seattle Flagship,Puget Sound,Belay Device,Climbing,Kitsap Forge,1,49.00,19.00,49.00,30.00,1022,Y
6577,2025-07-19,Seattle Flagship,Puget Sound,Dynamic Rope 60m,Climbing,Nordvik Outdoor,1,239.00,98.00,239.00,141.00,1008,Y
6578,2025-07-19,Bellingham,North Cascades,Inflatable Kayak,Water,Fraser Valley Rubber,1,699.00,289.00,699.00,410.00,,N
6579,2025-07-19,Tacoma,Puget Sound,Dry Bag 30L,Water,Fraser Valley Rubber,2,35.70,17.00,71.40,37.40,1047,Y
6580,2025-07-19,Spokane,Inland,Approach Shoe,Footwear,Fraser Valley Rubber,1,129.00,52.00,129.00,77.00,1038,Y
6581,2025-07-19,Seattle Flagship,Puget Sound,Quickdraw Set of 6,Climbing,Nordvik Outdoor,2,155.00,62.00,310.00,186.00,1037,Y
6582,2025-07-19,Seattle Flagship,Puget Sound,Headlamp 400,Camping,Sanko Technical,1,44.00,16.00,44.00,28.00,1059,Y
6583,2025-07-19,Bellevue,Puget Sound,Trail Convertible Pant,Apparel,Cascade Textiles,1,89.00,36.00,89.00,53.00,1015,Y
6584,2025-07-19,Boise,Inland,Cascade Camp Stove,Camping,Kitsap Forge,1,84.00,34.00,84.00,50.00,1037,Y
6585,2025-07-20,Portland Pearl,Willamette,Inflatable Kayak,Water,Fraser Valley Rubber,1,699.00,289.00,699.00,410.00,1002,Y
6586,2025-07-20,Boise,Inland,Quickdraw Set of 6,Climbing,Nordvik Outdoor,1,155.00,62.00,155.00,93.00,1018,Y
6587,2025-07-20,Bellingham,North Cascades,Nimbus 20F Sleeping Bag,Camping,Olympic Down Works,1,220.15,104.00,220.15,116.15,,N
6588,2025-07-20,Bellevue,Puget Sound,Trail Runner GTX,Footwear,Fraser Valley Rubber,1,149.00,61.00,149.00,88.00,1010,Y
6589,2025-07-20,Eugene,Willamette,Vertex Climbing Harness,Climbing,Kitsap Forge,1,105.00,43.00,105.00,62.00,1058,Y
6590,2025-07-20,Bellingham,North Cascades,Snowshoe Kit,Snow,Kitsap Forge,3,179.00,76.00,537.00,309.00,1040,Y
6591,2025-07-21,Bellevue,Puget Sound,Trail Runner GTX,Footwear,Fraser Valley Rubber,3,149.00,61.00,447.00,264.00,1032,Y
6592,2025-07-22,Seattle Flagship,Puget Sound,Trail Convertible Pant,Apparel,Cascade Textiles,1,89.00,36.00,89.00,53.00,,N
6593,2025-07-22,Bellevue,Puget Sound,Chalk Bag,Climbing,Kitsap Forge,1,26.00,9.00,26.00,17.00,1057,Y
6594,2025-07-22,Boise,Inland,Cascade Camp Stove,Camping,Kitsap Forge,1,84.00,34.00,84.00,50.00,1030,Y
6595,2025-07-22,Bellingham,North Cascades,PFD Vest,Water,Kitsap Forge,1,95.00,38.00,95.00,57.00,1017,Y
6596,2025-07-22,Spokane,Inland,Touring Ski Package,Snow,Nordvik Outdoor,1,949.00,412.00,949.00,537.00,1051,Y
6597,2025-07-22,Portland Pearl,Willamette,Ridgeline 3P Tent,Camping,Cascade Textiles,1,419.00,168.00,419.00,251.00,1047,Y
6598,2025-07-22,Boise,Inland,Sun Hoody,Apparel,Cascade Textiles,1,62.00,24.00,62.00,38.00,1045,Y
6599,2025-07-23,Bellingham,North Cascades,Ridgeline 2P Tent,Camping,Cascade Textiles,1,349.00,142.00,349.00,207.00,1026,Y
6600,2025-07-23,Spokane,Inland,Headlamp 400,Camping,Sanko Technical,1,44.00,16.00,44.00,28.00,1051,Y
6601,2025-07-23,Bellingham,North Cascades,Insulated Camp Bootie,Footwear,Andes Alpaca Co-op,1,59.00,22.00,59.00,37.00,1013,Y
6602,2025-07-23,Eugene,Willamette,Cascade Camp Stove,Camping,Kitsap Forge,2,84.00,34.00,168.00,100.00,1009,Y
6603,2025-07-23,Portland Pearl,Willamette,Inflatable Kayak,Water,Fraser Valley Rubber,1,699.00,289.00,699.00,410.00,1043,Y
6604,2025-07-23,Eugene,Willamette,Touring Ski Package,Snow,Nordvik Outdoor,1,949.00,412.00,949.00,537.00,1045,Y
6605,2025-07-23,Seattle Flagship,Puget Sound,Trailhead Sleeping Pad,Camping,Sanko Technical,2,99.00,41.00,198.00,116.00,1059,Y
6606,2025-07-23,Spokane,Inland,Inflatable Kayak,Water,Fraser Valley Rubber,1,699.00,289.00,699.00,410.00,1004,Y
6607,2025-07-24,Bellingham,North Cascades,Sun Hoody,Apparel,Cascade Textiles,1,62.00,24.00,62.00,38.00,1043,Y
6608,2025-07-24,Tacoma,Puget Sound,Sun Hoody,Apparel,Cascade Textiles,1,62.00,24.00,62.00,38.00,1053,Y
6609,2025-07-24,Bellevue,Puget Sound,Basecamp 65L Pack,Camping,Olympic Down Works,1,229.00,96.00,229.00,133.00,,N
6610,2025-07-24,Eugene,Willamette,Basecamp 65L Pack,Camping,Olympic Down Works,1,229.00,96.00,229.00,133.00,1050,Y
6611,2025-07-24,Seattle Flagship,Puget Sound,Trail Convertible Pant,Apparel,Cascade Textiles,2,75.65,36.00,151.30,79.30,1021,Y
6612,2025-07-24,Spokane,Inland,Inflatable Kayak,Water,Fraser Valley Rubber,1,699.00,289.00,699.00,410.00,1056,Y
6613,2025-07-24,Tacoma,Puget Sound,Basecamp 65L Pack,Camping,Olympic Down Works,1,229.00,96.00,229.00,133.00,1048,Y
6614,2025-07-24,Seattle Flagship,Puget Sound,Basecamp 65L Pack,Camping,Olympic Down Works,1,229.00,96.00,229.00,133.00,1012,Y
6615,2025-07-25,Tacoma,Puget Sound,Trailhead Sleeping Pad,Camping,Sanko Technical,2,99.00,41.00,198.00,116.00,,N
6616,2025-07-25,Boise,Inland,Inflatable Kayak,Water,Fraser Valley Rubber,1,699.00,289.00,699.00,410.00,1017,Y
6617,2025-07-25,Portland Pearl,Willamette,Dynamic Rope 60m,Climbing,Nordvik Outdoor,1,239.00,98.00,239.00,141.00,1052,Y
6618,2025-07-25,Eugene,Willamette,Touring Ski Package,Snow,Nordvik Outdoor,1,949.00,412.00,949.00,537.00,1044,Y
6619,2025-07-25,Boise,Inland,Dynamic Rope 60m,Climbing,Nordvik Outdoor,1,239.00,98.00,239.00,141.00,,N
6620,2025-07-25,Seattle Flagship,Puget Sound,Trailhead Sleeping Pad,Camping,Sanko Technical,3,99.00,41.00,297.00,174.00,1049,Y
6621,2025-07-26,Spokane,Inland,Basecamp 65L Pack,Camping,Olympic Down Works,1,229.00,96.00,229.00,133.00,1050,Y
6622,2025-07-26,Seattle Flagship,Puget Sound,Quickdraw Set of 6,Climbing,Nordvik Outdoor,1,155.00,62.00,155.00,93.00,1023,Y
6623,2025-07-26,Bellevue,Puget Sound,Trailhead Sleeping Pad,Camping,Sanko Technical,2,99.00,41.00,198.00,116.00,1032,Y
6624,2025-07-26,Boise,Inland,Headlamp 400,Camping,Sanko Technical,1,44.00,16.00,44.00,28.00,1012,Y
6625,2025-07-26,Portland Pearl,Willamette,Alpine 45L Pack,Camping,Olympic Down Works,1,189.00,78.00,189.00,111.00,1012,Y
6626,2025-07-26,Tacoma,Puget Sound,Ridgeline 3P Tent,Camping,Cascade Textiles,1,419.00,168.00,419.00,251.00,1001,Y
6627,2025-07-26,Bellevue,Puget Sound,Quickdraw Set of 6,Climbing,Nordvik Outdoor,2,155.00,62.00,310.00,186.00,1044,Y
6628,2025-07-26,Portland Pearl,Willamette,Dynamic Rope 60m,Climbing,Nordvik Outdoor,1,239.00,98.00,239.00,141.00,1032,Y
6629,2025-07-26,Spokane,Inland,Snowshoe Kit,Snow,Kitsap Forge,2,179.00,76.00,358.00,206.00,1054,Y
6630,2025-07-26,Bellingham,North Cascades,Trailhead Sleeping Pad,Camping,Sanko Technical,2,99.00,41.00,198.00,116.00,1050,Y
6631,2025-07-26,Seattle Flagship,Puget Sound,Cascade Camp Stove,Camping,Kitsap Forge,2,84.00,34.00,168.00,100.00,1007,Y
6632,2025-07-26,Bellingham,North Cascades,Cascade Camp Stove,Camping,Kitsap Forge,2,84.00,34.00,168.00,100.00,,N
6633,2025-07-26,Eugene,Willamette,Vertex Climbing Harness,Climbing,Kitsap Forge,2,105.00,43.00,210.00,124.00,1039,Y
6634,2025-07-27,Tacoma,Puget Sound,Merino Hiking Socks,Apparel,Andes Alpaca Co-op,3,24.00,8.50,72.00,46.50,1059,Y
6635,2025-07-27,Seattle Flagship,Puget Sound,Alpine 45L Pack,Camping,Olympic Down Works,2,189.00,78.00,378.00,222.00,1041,Y
6636,2025-07-27,Eugene,Willamette,Nimbus 20F Sleeping Bag,Camping,Olympic Down Works,1,259.00,104.00,259.00,155.00,,N
6637,2025-07-27,Boise,Inland,Trailhead Sleeping Pad,Camping,Sanko Technical,1,99.00,41.00,99.00,58.00,1023,Y
6638,2025-07-27,Seattle Flagship,Puget Sound,Cascade Camp Stove,Camping,Kitsap Forge,3,84.00,34.00,252.00,150.00,,N
6639,2025-07-27,Tacoma,Puget Sound,Vertex Climbing Harness,Climbing,Kitsap Forge,1,105.00,43.00,105.00,62.00,1014,Y
6640,2025-07-27,Spokane,Inland,Alpaca Base Layer,Apparel,Andes Alpaca Co-op,3,78.00,29.00,234.00,147.00,1026,Y
6641,2025-07-27,Tacoma,Puget Sound,Nimbus 20F Sleeping Bag,Camping,Olympic Down Works,1,259.00,104.00,259.00,155.00,,N
6642,2025-07-27,Spokane,Inland,PFD Vest,Water,Kitsap Forge,2,95.00,38.00,190.00,114.00,,N
6643,2025-07-27,Portland Pearl,Willamette,Stormbreak Rain Jacket,Apparel,Cascade Textiles,1,169.00,68.00,169.00,101.00,1050,Y
6644,2025-07-27,Eugene,Willamette,Sun Hoody,Apparel,Cascade Textiles,1,62.00,24.00,62.00,38.00,1046,Y
6645,2025-07-28,Eugene,Willamette,Paddle Carbon,Water,Sanko Technical,1,279.00,112.00,279.00,167.00,1041,Y
6646,2025-07-28,Spokane,Inland,Ridgeline 2P Tent,Camping,Cascade Textiles,1,349.00,142.00,349.00,207.00,1025,Y
6647,2025-07-28,Bellevue,Puget Sound,Quickdraw Set of 6,Climbing,Nordvik Outdoor,3,155.00,62.00,465.00,279.00,,N
6648,2025-07-28,Boise,Inland,Basecamp 65L Pack,Camping,Olympic Down Works,1,229.00,96.00,229.00,133.00,1054,Y
6649,2025-07-28,Bellevue,Puget Sound,Basecamp 65L Pack,Camping,Olympic Down Works,1,229.00,96.00,229.00,133.00,1002,Y
6650,2025-07-28,Boise,Inland,Merino Hiking Socks,Apparel,Andes Alpaca Co-op,1,24.00,8.50,24.00,15.50,1059,Y
6651,2025-07-28,Eugene,Willamette,PFD Vest,Water,Kitsap Forge,2,95.00,38.00,190.00,114.00,1059,Y
6652,2025-07-29,Bellingham,North Cascades,Alpine 45L Pack,Camping,Olympic Down Works,2,189.00,78.00,378.00,222.00,1059,Y
6653,2025-07-29,Spokane,Inland,PFD Vest,Water,Kitsap Forge,3,95.00,38.00,285.00,171.00,1016,Y
6654,2025-07-29,Bellingham,North Cascades,Dry Bag 30L,Water,Fraser Valley Rubber,3,42.00,17.00,126.00,75.00,,N
6655,2025-07-29,Eugene,Willamette,Nimbus 20F Sleeping Bag,Camping,Olympic Down Works,1,259.00,104.00,259.00,155.00,1030,Y
6656,2025-07-29,Spokane,Inland,Dry Bag 30L,Water,Fraser Valley Rubber,2,42.00,17.00,84.00,50.00,1022,Y
6657,2025-07-29,Portland Pearl,Willamette,Nimbus 20F Sleeping Bag,Camping,Olympic Down Works,1,259.00,104.00,259.00,155.00,1002,Y
6658,2025-07-29,Seattle Flagship,Puget Sound,Cascade Camp Stove,Camping,Kitsap Forge,1,84.00,34.00,84.00,50.00,1048,Y
6659,2025-07-29,Spokane,Inland,Basecamp 65L Pack,Camping,Olympic Down Works,1,229.00,96.00,229.00,133.00,1033,Y
6660,2025-07-29,Portland Pearl,Willamette,Approach Shoe,Footwear,Fraser Valley Rubber,1,129.00,52.00,129.00,77.00,1052,Y
6661,2025-07-29,Bellevue,Puget Sound,Basecamp 65L Pack,Camping,Olympic Down Works,1,229.00,96.00,229.00,133.00,1021,Y
6662,2025-07-29,Portland Pearl,Willamette,Alpine 45L Pack,Camping,Olympic Down Works,2,189.00,78.00,378.00,222.00,1037,Y
6663,2025-07-30,Boise,Inland,Stormbreak Rain Jacket,Apparel,Cascade Textiles,2,169.00,68.00,338.00,202.00,1005,Y
6664,2025-07-30,Boise,Inland,Trailhead Sleeping Pad,Camping,Sanko Technical,1,99.00,41.00,99.00,58.00,1004,Y
6665,2025-07-30,Bellevue,Puget Sound,Titanium Cook Set,Camping,Sanko Technical,1,115.00,47.00,115.00,68.00,1035,Y
6666,2025-07-30,Bellevue,Puget Sound,Approach Shoe,Footwear,Fraser Valley Rubber,1,109.65,52.00,109.65,57.65,1016,Y
6667,2025-07-30,Bellevue,Puget Sound,Sun Hoody,Apparel,Cascade Textiles,1,62.00,24.00,62.00,38.00,1033,Y
6668,2025-07-30,Tacoma,Puget Sound,Approach Shoe,Footwear,Fraser Valley Rubber,1,129.00,52.00,129.00,77.00,1059,Y
6669,2025-07-30,Portland Pearl,Willamette,Sun Hoody,Apparel,Cascade Textiles,1,62.00,24.00,62.00,38.00,1046,Y
6670,2025-07-30,Tacoma,Puget Sound,Headlamp 400,Camping,Sanko Technical,2,44.00,16.00,88.00,56.00,1059,Y
6671,2025-07-31,Eugene,Willamette,Sun Hoody,Apparel,Cascade Textiles,2,62.00,24.00,124.00,76.00,1044,Y
6672,2025-07-31,Portland Pearl,Willamette,Inflatable Kayak,Water,Fraser Valley Rubber,1,699.00,289.00,699.00,410.00,1056,Y
6673,2025-07-31,Bellingham,North Cascades,Dry Bag 30L,Water,Fraser Valley Rubber,2,42.00,17.00,84.00,50.00,,N
6674,2025-07-31,Bellevue,Puget Sound,Snowshoe Kit,Snow,Kitsap Forge,3,179.00,76.00,537.00,309.00,,N
6675,2025-07-31,Portland Pearl,Willamette,Basecamp 65L Pack,Camping,Olympic Down Works,1,229.00,96.00,229.00,133.00,1024,Y
6676,2025-07-31,Bellevue,Puget Sound,Approach Shoe,Footwear,Fraser Valley Rubber,1,129.00,52.00,129.00,77.00,1060,Y
6677,2025-07-31,Bellingham,North Cascades,Ridgeline 2P Tent,Camping,Cascade Textiles,1,349.00,142.00,349.00,207.00,,N
6678,2025-07-31,Portland Pearl,Willamette,Ridgeline 2P Tent,Camping,Cascade Textiles,1,349.00,142.00,349.00,207.00,,N
6679,2025-07-31,Boise,Inland,Ridgeline 2P Tent,Camping,Cascade Textiles,1,349.00,142.00,349.00,207.00,1021,Y
6680,2025-08-01,Tacoma,Puget Sound,Sun Hoody,Apparel,Cascade Textiles,2,62.00,24.00,124.00,76.00,,N
6681,2025-08-01,Eugene,Willamette,Belay Device,Climbing,Kitsap Forge,1,49.00,19.00,49.00,30.00,1046,Y
6682,2025-08-01,Bellevue,Puget Sound,Nimbus 20F Sleeping Bag,Camping,Olympic Down Works,1,220.15,104.00,220.15,116.15,1014,Y
6683,2025-08-01,Portland Pearl,Willamette,Nimbus 20F Sleeping Bag,Camping,Olympic Down Works,1,259.00,104.00,259.00,155.00,1042,Y
6684,2025-08-01,Seattle Flagship,Puget Sound,PFD Vest,Water,Kitsap Forge,1,95.00,38.00,95.00,57.00,1058,Y
6685,2025-08-02,Seattle Flagship,Puget Sound,Ridgeline 3P Tent,Camping,Cascade Textiles,1,419.00,168.00,419.00,251.00,1007,Y
6686,2025-08-02,Seattle Flagship,Puget Sound,Approach Shoe,Footwear,Fraser Valley Rubber,1,129.00,52.00,129.00,77.00,1026,Y
6687,2025-08-02,Portland Pearl,Willamette,Inflatable Kayak,Water,Fraser Valley Rubber,1,699.00,289.00,699.00,410.00,1059,Y
6688,2025-08-02,Portland Pearl,Willamette,PFD Vest,Water,Kitsap Forge,3,95.00,38.00,285.00,171.00,1046,Y
6689,2025-08-02,Spokane,Inland,Sun Hoody,Apparel,Cascade Textiles,1,62.00,24.00,62.00,38.00,1056,Y
6690,2025-08-02,Seattle Flagship,Puget Sound,Sun Hoody,Apparel,Cascade Textiles,3,62.00,24.00,186.00,114.00,1029,Y
6691,2025-08-03,Boise,Inland,PFD Vest,Water,Kitsap Forge,1,95.00,38.00,95.00,57.00,1060,Y
6692,2025-08-03,Portland Pearl,Willamette,Titanium Cook Set,Camping,Sanko Technical,1,115.00,47.00,115.00,68.00,1019,Y
6693,2025-08-03,Portland Pearl,Willamette,Cascade Camp Stove,Camping,Kitsap Forge,2,84.00,34.00,168.00,100.00,1009,Y
6694,2025-08-03,Bellingham,North Cascades,Sun Hoody,Apparel,Cascade Textiles,1,62.00,24.00,62.00,38.00,,N
6695,2025-08-03,Seattle Flagship,Puget Sound,PFD Vest,Water,Kitsap Forge,2,95.00,38.00,190.00,114.00,1015,Y
6696,2025-08-03,Bellingham,North Cascades,Dry Bag 30L,Water,Fraser Valley Rubber,2,42.00,17.00,84.00,50.00,,N
6697,2025-08-03,Seattle Flagship,Puget Sound,Paddle Carbon,Water,Sanko Technical,1,279.00,112.00,279.00,167.00,1008,Y
6698,2025-08-03,Eugene,Willamette,Vertex Climbing Harness,Climbing,Kitsap Forge,3,105.00,43.00,315.00,186.00,,N
6699,2025-08-03,Spokane,Inland,Dry Bag 30L,Water,Fraser Valley Rubber,3,42.00,17.00,126.00,75.00,1040,Y
6700,2025-08-03,Seattle Flagship,Puget Sound,Dynamic Rope 60m,Climbing,Nordvik Outdoor,1,239.00,98.00,239.00,141.00,1020,Y
6701,2025-08-03,Seattle Flagship,Puget Sound,Inflatable Kayak,Water,Fraser Valley Rubber,1,699.00,289.00,699.00,410.00,1050,Y
6702,2025-08-04,Bellevue,Puget Sound,Paddle Carbon,Water,Sanko Technical,1,279.00,112.00,279.00,167.00,1002,Y
6703,2025-08-04,Bellingham,North Cascades,Ridgeline 3P Tent,Camping,Cascade Textiles,1,419.00,168.00,419.00,251.00,1039,Y
6704,2025-08-04,Portland Pearl,Willamette,Vertex Climbing Harness,Climbing,Kitsap Forge,2,105.00,43.00,210.00,124.00,,N
6705,2025-08-04,Spokane,Inland,Alpine 45L Pack,Camping,Olympic Down Works,1,189.00,78.00,189.00,111.00,1057,Y
6706,2025-08-04,Boise,Inland,Nimbus 20F Sleeping Bag,Camping,Olympic Down Works,1,259.00,104.00,259.00,155.00,1027,Y
6707,2025-08-05,Tacoma,Puget Sound,Approach Shoe,Footwear,Fraser Valley Rubber,2,129.00,52.00,258.00,154.00,1005,Y
6708,2025-08-05,Portland Pearl,Willamette,Headlamp 400,Camping,Sanko Technical,3,44.00,16.00,132.00,84.00,1017,Y
6709,2025-08-05,Boise,Inland,Sun Hoody,Apparel,Cascade Textiles,3,62.00,24.00,186.00,114.00,1049,Y
6710,2025-08-05,Spokane,Inland,Nimbus 0F Sleeping Bag,Camping,Olympic Down Works,1,339.00,138.00,339.00,201.00,1059,Y
6711,2025-08-05,Bellingham,North Cascades,Ridgeline 2P Tent,Camping,Cascade Textiles,1,349.00,142.00,349.00,207.00,1015,Y
6712,2025-08-05,Bellingham,North Cascades,Ridgeline 2P Tent,Camping,Cascade Textiles,1,349.00,142.00,349.00,207.00,,N
6713,2025-08-05,Tacoma,Puget Sound,Stormbreak Rain Jacket,Apparel,Cascade Textiles,2,169.00,68.00,338.00,202.00,1015,Y
6714,2025-08-05,Portland Pearl,Willamette,Vertex Climbing Harness,Climbing,Kitsap Forge,2,105.00,43.00,210.00,124.00,1004,Y
6715,2025-08-05,Portland Pearl,Willamette,Ski Skins,Snow,Nordvik Outdoor,2,199.00,84.00,398.00,230.00,1016,Y
6716,2025-08-05,Bellevue,Puget Sound,Inflatable Kayak,Water,Fraser Valley Rubber,1,699.00,289.00,699.00,410.00,,N
6717,2025-08-05,Seattle Flagship,Puget Sound,Trail Runner GTX,Footwear,Fraser Valley Rubber,1,149.00,61.00,149.00,88.00,1002,Y
6718,2025-08-06,Spokane,Inland,Trail Runner GTX,Footwear,Fraser Valley Rubber,1,149.00,61.00,149.00,88.00,1013,Y
6719,2025-08-06,Tacoma,Puget Sound,Headlamp 400,Camping,Sanko Technical,1,44.00,16.00,44.00,28.00,1056,Y
6720,2025-08-06,Portland Pearl,Willamette,Trail Runner GTX,Footwear,Fraser Valley Rubber,2,126.65,61.00,253.30,131.30,1027,Y
6721,2025-08-06,Eugene,Willamette,Basecamp 65L Pack,Camping,Olympic Down Works,1,194.65,96.00,194.65,98.65,1005,Y
6722,2025-08-06,Seattle Flagship,Puget Sound,Inflatable Kayak,Water,Fraser Valley Rubber,1,699.00,289.00,699.00,410.00,1019,Y
6723,2025-08-06,Bellevue,Puget Sound,Dry Bag 30L,Water,Fraser Valley Rubber,3,42.00,17.00,126.00,75.00,1056,Y
6724,2025-08-07,Bellevue,Puget Sound,Sun Hoody,Apparel,Cascade Textiles,2,62.00,24.00,124.00,76.00,1003,Y
6725,2025-08-07,Boise,Inland,Cascade Camp Stove,Camping,Kitsap Forge,2,84.00,34.00,168.00,100.00,1028,Y
6726,2025-08-07,Seattle Flagship,Puget Sound,Basecamp 65L Pack,Camping,Olympic Down Works,1,229.00,96.00,229.00,133.00,1011,Y
6727,2025-08-07,Bellingham,North Cascades,Basecamp 65L Pack,Camping,Olympic Down Works,1,229.00,96.00,229.00,133.00,,N
6728,2025-08-07,Seattle Flagship,Puget Sound,Basecamp 65L Pack,Camping,Olympic Down Works,1,229.00,96.00,229.00,133.00,,N
6729,2025-08-07,Tacoma,Puget Sound,Dry Bag 30L,Water,Fraser Valley Rubber,2,42.00,17.00,84.00,50.00,1010,Y
6730,2025-08-07,Portland Pearl,Willamette,Sun Hoody,Apparel,Cascade Textiles,3,62.00,24.00,186.00,114.00,1051,Y
6731,2025-08-07,Portland Pearl,Willamette,Ridgeline 2P Tent,Camping,Cascade Textiles,1,349.00,142.00,349.00,207.00,1043,Y
6732,2025-08-07,Bellingham,North Cascades,Titanium Cook Set,Camping,Sanko Technical,2,115.00,47.00,230.00,136.00,1015,Y
6733,2025-08-07,Seattle Flagship,Puget Sound,Ridgeline 2P Tent,Camping,Cascade Textiles,1,349.00,142.00,349.00,207.00,1031,Y
6734,2025-08-08,Seattle Flagship,Puget Sound,Dynamic Rope 60m,Climbing,Nordvik Outdoor,1,239.00,98.00,239.00,141.00,1054,Y
6735,2025-08-08,Bellevue,Puget Sound,Stormbreak Rain Jacket,Apparel,Cascade Textiles,2,169.00,68.00,338.00,202.00,,N
6736,2025-08-08,Spokane,Inland,Quickdraw Set of 6,Climbing,Nordvik Outdoor,2,155.00,62.00,310.00,186.00,1017,Y
6737,2025-08-08,Seattle Flagship,Puget Sound,Ridgeline 3P Tent,Camping,Cascade Textiles,1,419.00,168.00,419.00,251.00,1040,Y
6738,2025-08-08,Tacoma,Puget Sound,Sun Hoody,Apparel,Cascade Textiles,2,62.00,24.00,124.00,76.00,1014,Y
6739,2025-08-08,Bellingham,North Cascades,Merino Hiking Socks,Apparel,Andes Alpaca Co-op,1,24.00,8.50,24.00,15.50,,N
6740,2025-08-08,Portland Pearl,Willamette,Dry Bag 30L,Water,Fraser Valley Rubber,1,42.00,17.00,42.00,25.00,1010,Y
6741,2025-08-08,Spokane,Inland,Belay Device,Climbing,Kitsap Forge,2,49.00,19.00,98.00,60.00,1002,Y
6742,2025-08-09,Seattle Flagship,Puget Sound,Inflatable Kayak,Water,Fraser Valley Rubber,1,699.00,289.00,699.00,410.00,1034,Y
6743,2025-08-09,Portland Pearl,Willamette,Dynamic Rope 60m,Climbing,Nordvik Outdoor,1,239.00,98.00,239.00,141.00,1043,Y
6744,2025-08-09,Bellevue,Puget Sound,Dry Bag 30L,Water,Fraser Valley Rubber,1,42.00,17.00,42.00,25.00,1022,Y
6745,2025-08-09,Bellingham,North Cascades,Basecamp 65L Pack,Camping,Olympic Down Works,1,229.00,96.00,229.00,133.00,,N
6746,2025-08-09,Seattle Flagship,Puget Sound,Trailhead Sleeping Pad,Camping,Sanko Technical,3,99.00,41.00,297.00,174.00,1011,Y
6747,2025-08-09,Tacoma,Puget Sound,Cascade Camp Stove,Camping,Kitsap Forge,1,84.00,34.00,84.00,50.00,1002,Y
6748,2025-08-09,Seattle Flagship,Puget Sound,PFD Vest,Water,Kitsap Forge,1,95.00,38.00,95.00,57.00,,N
6749,2025-08-10,Bellevue,Puget Sound,Chalk Bag,Climbing,Kitsap Forge,3,26.00,9.00,78.00,51.00,1017,Y
6750,2025-08-10,Spokane,Inland,Basecamp 65L Pack,Camping,Olympic Down Works,1,229.00,96.00,229.00,133.00,1019,Y
6751,2025-08-10,Spokane,Inland,Paddle Carbon,Water,Sanko Technical,1,279.00,112.00,279.00,167.00,1057,Y
6752,2025-08-10,Spokane,Inland,Inflatable Kayak,Water,Fraser Valley Rubber,1,699.00,289.00,699.00,410.00,1046,Y
6753,2025-08-10,Portland Pearl,Willamette,Ridgeline 2P Tent,Camping,Cascade Textiles,1,349.00,142.00,349.00,207.00,1023,Y
6754,2025-08-10,Bellingham,North Cascades,Trail Convertible Pant,Apparel,Cascade Textiles,2,89.00,36.00,178.00,106.00,,N
6755,2025-08-10,Bellingham,North Cascades,Trailhead Sleeping Pad,Camping,Sanko Technical,1,99.00,41.00,99.00,58.00,,N
6756,2025-08-10,Boise,Inland,Paddle Carbon,Water,Sanko Technical,1,279.00,112.00,279.00,167.00,1049,Y
6757,2025-08-10,Seattle Flagship,Puget Sound,Snowshoe Kit,Snow,Kitsap Forge,2,179.00,76.00,358.00,206.00,1050,Y
6758,2025-08-10,Bellingham,North Cascades,Ridgeline 2P Tent,Camping,Cascade Textiles,1,349.00,142.00,349.00,207.00,1026,Y
6759,2025-08-10,Seattle Flagship,Puget Sound,Trailhead Sleeping Pad,Camping,Sanko Technical,3,99.00,41.00,297.00,174.00,1037,Y
6760,2025-08-11,Boise,Inland,Basecamp 65L Pack,Camping,Olympic Down Works,1,229.00,96.00,229.00,133.00,1032,Y
6761,2025-08-11,Spokane,Inland,Alpine 45L Pack,Camping,Olympic Down Works,3,189.00,78.00,567.00,333.00,1033,Y
6762,2025-08-11,Eugene,Willamette,Paddle Carbon,Water,Sanko Technical,1,279.00,112.00,279.00,167.00,1028,Y
6763,2025-08-11,Seattle Flagship,Puget Sound,Titanium Cook Set,Camping,Sanko Technical,1,115.00,47.00,115.00,68.00,1025,Y
6764,2025-08-11,Spokane,Inland,PFD Vest,Water,Kitsap Forge,1,95.00,38.00,95.00,57.00,1006,Y
6765,2025-08-11,Seattle Flagship,Puget Sound,Inflatable Kayak,Water,Fraser Valley Rubber,1,699.00,289.00,699.00,410.00,,N
6766,2025-08-11,Spokane,Inland,Paddle Carbon,Water,Sanko Technical,1,279.00,112.00,279.00,167.00,1037,Y
6767,2025-08-11,Bellevue,Puget Sound,Alpine 45L Pack,Camping,Olympic Down Works,1,189.00,78.00,189.00,111.00,1057,Y
6768,2025-08-11,Boise,Inland,Merino Hiking Socks,Apparel,Andes Alpaca Co-op,1,24.00,8.50,24.00,15.50,1001,Y
6769,2025-08-11,Boise,Inland,Cascade Camp Stove,Camping,Kitsap Forge,2,84.00,34.00,168.00,100.00,,N
6770,2025-08-12,Spokane,Inland,PFD Vest,Water,Kitsap Forge,2,95.00,38.00,190.00,114.00,1023,Y
6771,2025-08-12,Portland Pearl,Willamette,Dynamic Rope 60m,Climbing,Nordvik Outdoor,1,239.00,98.00,239.00,141.00,1037,Y
6772,2025-08-12,Eugene,Willamette,Trailhead Sleeping Pad,Camping,Sanko Technical,1,99.00,41.00,99.00,58.00,1043,Y
6773,2025-08-12,Boise,Inland,Paddle Carbon,Water,Sanko Technical,1,279.00,112.00,279.00,167.00,1041,Y
6774,2025-08-12,Tacoma,Puget Sound,Ridgeline 3P Tent,Camping,Cascade Textiles,1,419.00,168.00,419.00,251.00,,N
6775,2025-08-12,Seattle Flagship,Puget Sound,Paddle Carbon,Water,Sanko Technical,1,279.00,112.00,279.00,167.00,1010,Y
6776,2025-08-12,Seattle Flagship,Puget Sound,Quickdraw Set of 6,Climbing,Nordvik Outdoor,1,155.00,62.00,155.00,93.00,1059,Y
6777,2025-08-12,Tacoma,Puget Sound,Sun Hoody,Apparel,Cascade Textiles,2,62.00,24.00,124.00,76.00,1022,Y
6778,2025-08-12,Bellingham,North Cascades,Dynamic Rope 60m,Climbing,Nordvik Outdoor,1,203.15,98.00,203.15,105.15,,N
6779,2025-08-13,Eugene,Willamette,PFD Vest,Water,Kitsap Forge,2,95.00,38.00,190.00,114.00,1054,Y
6780,2025-08-14,Boise,Inland,Nimbus 20F Sleeping Bag,Camping,Olympic Down Works,1,259.00,104.00,259.00,155.00,,N
6781,2025-08-14,Bellevue,Puget Sound,Trail Convertible Pant,Apparel,Cascade Textiles,3,89.00,36.00,267.00,159.00,1024,Y
6782,2025-08-14,Seattle Flagship,Puget Sound,Down Sweater,Apparel,Olympic Down Works,1,185.00,74.00,185.00,111.00,1008,Y
6783,2025-08-14,Tacoma,Puget Sound,Approach Shoe,Footwear,Fraser Valley Rubber,3,129.00,52.00,387.00,231.00,1003,Y
6784,2025-08-14,Seattle Flagship,Puget Sound,Trailhead Sleeping Pad,Camping,Sanko Technical,1,99.00,41.00,99.00,58.00,1039,Y
6785,2025-08-14,Tacoma,Puget Sound,Basecamp 65L Pack,Camping,Olympic Down Works,1,229.00,96.00,229.00,133.00,1004,Y
6786,2025-08-14,Seattle Flagship,Puget Sound,Stormbreak Rain Jacket,Apparel,Cascade Textiles,1,169.00,68.00,169.00,101.00,1040,Y
6787,2025-08-14,Bellevue,Puget Sound,Ridgeline 3P Tent,Camping,Cascade Textiles,1,419.00,168.00,419.00,251.00,1028,Y
6788,2025-08-14,Seattle Flagship,Puget Sound,Belay Device,Climbing,Kitsap Forge,1,49.00,19.00,49.00,30.00,1052,Y
6789,2025-08-15,Portland Pearl,Willamette,PFD Vest,Water,Kitsap Forge,1,95.00,38.00,95.00,57.00,1043,Y
6790,2025-08-15,Bellevue,Puget Sound,Trail Runner GTX,Footwear,Fraser Valley Rubber,2,149.00,61.00,298.00,176.00,,N
6791,2025-08-15,Bellevue,Puget Sound,Backcountry Boot,Footwear,Fraser Valley Rubber,1,219.00,88.00,219.00,131.00,1005,Y
6792,2025-08-15,Seattle Flagship,Puget Sound,Paddle Carbon,Water,Sanko Technical,1,279.00,112.00,279.00,167.00,1044,Y
6793,2025-08-15,Bellingham,North Cascades,Cascade Camp Stove,Camping,Kitsap Forge,2,71.40,34.00,142.80,74.80,1030,Y
6794,2025-08-15,Portland Pearl,Willamette,Cascade Camp Stove,Camping,Kitsap Forge,1,84.00,34.00,84.00,50.00,,N
6795,2025-08-15,Portland Pearl,Willamette,Headlamp 400,Camping,Sanko Technical,1,44.00,16.00,44.00,28.00,1045,Y
6796,2025-08-15,Seattle Flagship,Puget Sound,Belay Device,Climbing,Kitsap Forge,3,49.00,19.00,147.00,90.00,1054,Y
6797,2025-08-15,Tacoma,Puget Sound,Ridgeline 3P Tent,Camping,Cascade Textiles,1,419.00,168.00,419.00,251.00,1052,Y
6798,2025-08-15,Seattle Flagship,Puget Sound,Snowshoe Kit,Snow,Kitsap Forge,1,179.00,76.00,179.00,103.00,1039,Y
6799,2025-08-15,Seattle Flagship,Puget Sound,Approach Shoe,Footwear,Fraser Valley Rubber,3,109.65,52.00,328.95,172.95,1022,Y
6800,2025-08-16,Boise,Inland,Cascade Camp Stove,Camping,Kitsap Forge,2,84.00,34.00,168.00,100.00,1010,Y
6801,2025-08-16,Seattle Flagship,Puget Sound,Headlamp 400,Camping,Sanko Technical,2,44.00,16.00,88.00,56.00,1054,Y
6802,2025-08-16,Boise,Inland,Nimbus 20F Sleeping Bag,Camping,Olympic Down Works,1,259.00,104.00,259.00,155.00,1047,Y
6803,2025-08-16,Seattle Flagship,Puget Sound,Basecamp 65L Pack,Camping,Olympic Down Works,1,229.00,96.00,229.00,133.00,1008,Y
6804,2025-08-16,Bellingham,North Cascades,Approach Shoe,Footwear,Fraser Valley Rubber,1,129.00,52.00,129.00,77.00,,N
6805,2025-08-16,Eugene,Willamette,Down Sweater,Apparel,Olympic Down Works,1,185.00,74.00,185.00,111.00,1028,Y
6806,2025-08-16,Tacoma,Puget Sound,Dry Bag 30L,Water,Fraser Valley Rubber,1,42.00,17.00,42.00,25.00,1038,Y
6807,2025-08-16,Bellingham,North Cascades,Cascade Camp Stove,Camping,Kitsap Forge,1,84.00,34.00,84.00,50.00,,N
6808,2025-08-17,Bellingham,North Cascades,Trail Runner GTX,Footwear,Fraser Valley Rubber,1,149.00,61.00,149.00,88.00,1033,Y
6809,2025-08-17,Spokane,Inland,Nimbus 20F Sleeping Bag,Camping,Olympic Down Works,1,259.00,104.00,259.00,155.00,1044,Y
6810,2025-08-17,Bellevue,Puget Sound,Approach Shoe,Footwear,Fraser Valley Rubber,1,129.00,52.00,129.00,77.00,,N
6811,2025-08-17,Eugene,Willamette,Trail Convertible Pant,Apparel,Cascade Textiles,1,89.00,36.00,89.00,53.00,1005,Y
6812,2025-08-17,Boise,Inland,Quickdraw Set of 6,Climbing,Nordvik Outdoor,1,155.00,62.00,155.00,93.00,1060,Y
6813,2025-08-17,Seattle Flagship,Puget Sound,Trail Convertible Pant,Apparel,Cascade Textiles,2,89.00,36.00,178.00,106.00,1030,Y
6814,2025-08-17,Bellevue,Puget Sound,Quickdraw Set of 6,Climbing,Nordvik Outdoor,1,155.00,62.00,155.00,93.00,1036,Y
6815,2025-08-17,Bellevue,Puget Sound,Basecamp 65L Pack,Camping,Olympic Down Works,1,229.00,96.00,229.00,133.00,1050,Y
6816,2025-08-17,Bellingham,North Cascades,Sun Hoody,Apparel,Cascade Textiles,3,62.00,24.00,186.00,114.00,,N
6817,2025-08-17,Spokane,Inland,Belay Device,Climbing,Kitsap Forge,3,49.00,19.00,147.00,90.00,1045,Y
6818,2025-08-18,Tacoma,Puget Sound,Basecamp 65L Pack,Camping,Olympic Down Works,1,229.00,96.00,229.00,133.00,1058,Y
6819,2025-08-18,Tacoma,Puget Sound,PFD Vest,Water,Kitsap Forge,1,95.00,38.00,95.00,57.00,1040,Y
6820,2025-08-18,Bellingham,North Cascades,Approach Shoe,Footwear,Fraser Valley Rubber,1,129.00,52.00,129.00,77.00,,N
6821,2025-08-18,Tacoma,Puget Sound,Alpine 45L Pack,Camping,Olympic Down Works,3,189.00,78.00,567.00,333.00,1034,Y
6822,2025-08-18,Eugene,Willamette,Dynamic Rope 60m,Climbing,Nordvik Outdoor,1,239.00,98.00,239.00,141.00,1018,Y
6823,2025-08-18,Tacoma,Puget Sound,Cascade Camp Stove,Camping,Kitsap Forge,2,84.00,34.00,168.00,100.00,,N
6824,2025-08-18,Bellingham,North Cascades,Dry Bag 30L,Water,Fraser Valley Rubber,3,42.00,17.00,126.00,75.00,,N
6825,2025-08-19,Bellingham,North Cascades,Quickdraw Set of 6,Climbing,Nordvik Outdoor,3,155.00,62.00,465.00,279.00,,N
6826,2025-08-19,Tacoma,Puget Sound,Titanium Cook Set,Camping,Sanko Technical,1,115.00,47.00,115.00,68.00,1048,Y
6827,2025-08-19,Bellingham,North Cascades,Basecamp 65L Pack,Camping,Olympic Down Works,1,229.00,96.00,229.00,133.00,1038,Y
6828,2025-08-19,Portland Pearl,Willamette,Inflatable Kayak,Water,Fraser Valley Rubber,1,699.00,289.00,699.00,410.00,1024,Y
6829,2025-08-19,Tacoma,Puget Sound,Approach Shoe,Footwear,Fraser Valley Rubber,3,129.00,52.00,387.00,231.00,1009,Y
6830,2025-08-19,Seattle Flagship,Puget Sound,Vertex Climbing Harness,Climbing,Kitsap Forge,2,105.00,43.00,210.00,124.00,1049,Y
6831,2025-08-19,Bellevue,Puget Sound,Inflatable Kayak,Water,Fraser Valley Rubber,1,699.00,289.00,699.00,410.00,1057,Y
6832,2025-08-19,Bellingham,North Cascades,Chalk Bag,Climbing,Kitsap Forge,2,26.00,9.00,52.00,34.00,,N
6833,2025-08-20,Seattle Flagship,Puget Sound,Sun Hoody,Apparel,Cascade Textiles,2,62.00,24.00,124.00,76.00,1020,Y
6834,2025-08-20,Portland Pearl,Willamette,Approach Shoe,Footwear,Fraser Valley Rubber,1,109.65,52.00,109.65,57.65,1023,Y
6835,2025-08-20,Portland Pearl,Willamette,Alpine 45L Pack,Camping,Olympic Down Works,2,189.00,78.00,378.00,222.00,,N
6836,2025-08-20,Seattle Flagship,Puget Sound,Trailhead Sleeping Pad,Camping,Sanko Technical,2,99.00,41.00,198.00,116.00,1032,Y
6837,2025-08-20,Tacoma,Puget Sound,Dry Bag 30L,Water,Fraser Valley Rubber,1,42.00,17.00,42.00,25.00,1041,Y
6838,2025-08-20,Portland Pearl,Willamette,Ski Skins,Snow,Nordvik Outdoor,1,199.00,84.00,199.00,115.00,1036,Y
6839,2025-08-20,Seattle Flagship,Puget Sound,Trail Convertible Pant,Apparel,Cascade Textiles,2,89.00,36.00,178.00,106.00,1019,Y
6840,2025-08-20,Tacoma,Puget Sound,Trail Runner GTX,Footwear,Fraser Valley Rubber,1,149.00,61.00,149.00,88.00,1047,Y
6841,2025-08-20,Boise,Inland,Dry Bag 30L,Water,Fraser Valley Rubber,3,42.00,17.00,126.00,75.00,1032,Y
6842,2025-08-20,Tacoma,Puget Sound,Vertex Climbing Harness,Climbing,Kitsap Forge,1,105.00,43.00,105.00,62.00,1029,Y
6843,2025-08-21,Seattle Flagship,Puget Sound,Chalk Bag,Climbing,Kitsap Forge,3,26.00,9.00,78.00,51.00,1011,Y
6844,2025-08-21,Tacoma,Puget Sound,Ridgeline 2P Tent,Camping,Cascade Textiles,1,349.00,142.00,349.00,207.00,1016,Y
6845,2025-08-21,Seattle Flagship,Puget Sound,Quickdraw Set of 6,Climbing,Nordvik Outdoor,1,155.00,62.00,155.00,93.00,1040,Y
6846,2025-08-21,Seattle Flagship,Puget Sound,Ridgeline 2P Tent,Camping,Cascade Textiles,1,349.00,142.00,349.00,207.00,1026,Y
6847,2025-08-21,Bellingham,North Cascades,Titanium Cook Set,Camping,Sanko Technical,1,115.00,47.00,115.00,68.00,1023,Y
6848,2025-08-21,Eugene,Willamette,Insulated Camp Bootie,Footwear,Andes Alpaca Co-op,1,59.00,22.00,59.00,37.00,1021,Y
6849,2025-08-21,Bellevue,Puget Sound,Cascade Camp Stove,Camping,Kitsap Forge,1,71.40,34.00,71.40,37.40,1049,Y
6850,2025-08-21,Tacoma,Puget Sound,Cascade Camp Stove,Camping,Kitsap Forge,2,84.00,34.00,168.00,100.00,1031,Y
6851,2025-08-21,Portland Pearl,Willamette,Paddle Carbon,Water,Sanko Technical,1,279.00,112.00,279.00,167.00,1053,Y
6852,2025-08-21,Bellingham,North Cascades,Trail Convertible Pant,Apparel,Cascade Textiles,1,89.00,36.00,89.00,53.00,1050,Y
6853,2025-08-21,Bellevue,Puget Sound,Chalk Bag,Climbing,Kitsap Forge,2,26.00,9.00,52.00,34.00,1012,Y
6854,2025-08-21,Bellingham,North Cascades,Avalanche Beacon,Snow,Nordvik Outdoor,1,399.00,178.00,399.00,221.00,,N
6855,2025-08-21,Portland Pearl,Willamette,Trail Runner GTX,Footwear,Fraser Valley Rubber,1,149.00,61.00,149.00,88.00,1035,Y
6856,2025-08-22,Portland Pearl,Willamette,Trail Convertible Pant,Apparel,Cascade Textiles,2,89.00,36.00,178.00,106.00,1002,Y
6857,2025-08-22,Tacoma,Puget Sound,Ridgeline 3P Tent,Camping,Cascade Textiles,1,419.00,168.00,419.00,251.00,1002,Y
6858,2025-08-22,Portland Pearl,Willamette,Alpine 45L Pack,Camping,Olympic Down Works,1,189.00,78.00,189.00,111.00,1006,Y
6859,2025-08-22,Spokane,Inland,Approach Shoe,Footwear,Fraser Valley Rubber,2,129.00,52.00,258.00,154.00,1009,Y
6860,2025-08-23,Bellevue,Puget Sound,Ridgeline 3P Tent,Camping,Cascade Textiles,1,419.00,168.00,419.00,251.00,,N
6861,2025-08-23,Bellingham,North Cascades,Approach Shoe,Footwear,Fraser Valley Rubber,2,109.65,52.00,219.30,115.30,,N
6862,2025-08-23,Bellingham,North Cascades,Trailhead Sleeping Pad,Camping,Sanko Technical,1,99.00,41.00,99.00,58.00,,N
6863,2025-08-23,Seattle Flagship,Puget Sound,Nimbus 20F Sleeping Bag,Camping,Olympic Down Works,1,259.00,104.00,259.00,155.00,1009,Y
6864,2025-08-23,Seattle Flagship,Puget Sound,Trail Convertible Pant,Apparel,Cascade Textiles,1,89.00,36.00,89.00,53.00,,N
6865,2025-08-23,Bellevue,Puget Sound,Headlamp 400,Camping,Sanko Technical,3,44.00,16.00,132.00,84.00,1042,Y
6866,2025-08-24,Bellevue,Puget Sound,Basecamp 65L Pack,Camping,Olympic Down Works,1,229.00,96.00,229.00,133.00,1041,Y
6867,2025-08-24,Eugene,Willamette,Sun Hoody,Apparel,Cascade Textiles,1,62.00,24.00,62.00,38.00,1050,Y
6868,2025-08-24,Portland Pearl,Willamette,Trail Runner GTX,Footwear,Fraser Valley Rubber,1,149.00,61.00,149.00,88.00,1023,Y
6869,2025-08-24,Portland Pearl,Willamette,Basecamp 65L Pack,Camping,Olympic Down Works,1,229.00,96.00,229.00,133.00,1037,Y
6870,2025-08-24,Portland Pearl,Willamette,PFD Vest,Water,Kitsap Forge,1,95.00,38.00,95.00,57.00,1057,Y
6871,2025-08-24,Spokane,Inland,Trail Runner GTX,Footwear,Fraser Valley Rubber,2,149.00,61.00,298.00,176.00,1056,Y
6872,2025-08-24,Tacoma,Puget Sound,Alpine 45L Pack,Camping,Olympic Down Works,2,160.65,78.00,321.30,165.30,1016,Y
6873,2025-08-25,Spokane,Inland,Chalk Bag,Climbing,Kitsap Forge,3,26.00,9.00,78.00,51.00,1017,Y
6874,2025-08-25,Seattle Flagship,Puget Sound,Ridgeline 2P Tent,Camping,Cascade Textiles,1,296.65,142.00,296.65,154.65,1016,Y
6875,2025-08-25,Bellingham,North Cascades,Insulated Camp Bootie,Footwear,Andes Alpaca Co-op,1,59.00,22.00,59.00,37.00,,N
6876,2025-08-25,Eugene,Willamette,Ridgeline 3P Tent,Camping,Cascade Textiles,1,419.00,168.00,419.00,251.00,1009,Y
6877,2025-08-25,Bellevue,Puget Sound,Alpine 45L Pack,Camping,Olympic Down Works,2,189.00,78.00,378.00,222.00,1011,Y
6878,2025-08-25,Portland Pearl,Willamette,Cascade Camp Stove,Camping,Kitsap Forge,2,84.00,34.00,168.00,100.00,1006,Y
6879,2025-08-25,Bellingham,North Cascades,Basecamp 65L Pack,Camping,Olympic Down Works,1,229.00,96.00,229.00,133.00,,N
6880,2025-08-25,Bellevue,Puget Sound,Trailhead Sleeping Pad,Camping,Sanko Technical,1,99.00,41.00,99.00,58.00,,N
6881,2025-08-25,Seattle Flagship,Puget Sound,Paddle Carbon,Water,Sanko Technical,1,279.00,112.00,279.00,167.00,1028,Y
6882,2025-08-26,Portland Pearl,Willamette,Basecamp 65L Pack,Camping,Olympic Down Works,1,229.00,96.00,229.00,133.00,1003,Y
6883,2025-08-26,Bellingham,North Cascades,Nimbus 20F Sleeping Bag,Camping,Olympic Down Works,1,259.00,104.00,259.00,155.00,,N
6884,2025-08-26,Seattle Flagship,Puget Sound,Headlamp 400,Camping,Sanko Technical,1,44.00,16.00,44.00,28.00,1051,Y
6885,2025-08-26,Portland Pearl,Willamette,Sun Hoody,Apparel,Cascade Textiles,1,62.00,24.00,62.00,38.00,1039,Y
6886,2025-08-26,Bellingham,North Cascades,Trail Runner GTX,Footwear,Fraser Valley Rubber,2,149.00,61.00,298.00,176.00,,N
6887,2025-08-26,Bellingham,North Cascades,Approach Shoe,Footwear,Fraser Valley Rubber,1,129.00,52.00,129.00,77.00,1039,Y
6888,2025-08-26,Boise,Inland,Dry Bag 30L,Water,Fraser Valley Rubber,2,42.00,17.00,84.00,50.00,,N
6889,2025-08-26,Bellevue,Puget Sound,Nimbus 20F Sleeping Bag,Camping,Olympic Down Works,1,259.00,104.00,259.00,155.00,,N
6890,2025-08-26,Seattle Flagship,Puget Sound,Trailhead Sleeping Pad,Camping,Sanko Technical,1,99.00,41.00,99.00,58.00,1015,Y
6891,2025-08-26,Boise,Inland,Inflatable Kayak,Water,Fraser Valley Rubber,1,699.00,289.00,699.00,410.00,1027,Y
6892,2025-08-26,Portland Pearl,Willamette,Ridgeline 2P Tent,Camping,Cascade Textiles,1,349.00,142.00,349.00,207.00,1054,Y
6893,2025-08-27,Spokane,Inland,PFD Vest,Water,Kitsap Forge,3,95.00,38.00,285.00,171.00,1029,Y
6894,2025-08-27,Spokane,Inland,Approach Shoe,Footwear,Fraser Valley Rubber,1,129.00,52.00,129.00,77.00,1017,Y
6895,2025-08-27,Bellevue,Puget Sound,Cascade Camp Stove,Camping,Kitsap Forge,3,84.00,34.00,252.00,150.00,1050,Y
6896,2025-08-27,Portland Pearl,Willamette,Merino Hiking Socks,Apparel,Andes Alpaca Co-op,1,24.00,8.50,24.00,15.50,1019,Y
6897,2025-08-27,Bellevue,Puget Sound,Basecamp 65L Pack,Camping,Olympic Down Works,1,229.00,96.00,229.00,133.00,1020,Y
6898,2025-08-27,Seattle Flagship,Puget Sound,Belay Device,Climbing,Kitsap Forge,1,49.00,19.00,49.00,30.00,1032,Y
6899,2025-08-27,Bellevue,Puget Sound,Quickdraw Set of 6,Climbing,Nordvik Outdoor,1,155.00,62.00,155.00,93.00,1042,Y
6900,2025-08-28,Portland Pearl,Willamette,Approach Shoe,Footwear,Fraser Valley Rubber,2,129.00,52.00,258.00,154.00,1033,Y
6901,2025-08-28,Seattle Flagship,Puget Sound,Insulated Camp Bootie,Footwear,Andes Alpaca Co-op,3,59.00,22.00,177.00,111.00,1017,Y
6902,2025-08-28,Seattle Flagship,Puget Sound,Basecamp 65L Pack,Camping,Olympic Down Works,1,229.00,96.00,229.00,133.00,1059,Y
6903,2025-08-28,Portland Pearl,Willamette,Quickdraw Set of 6,Climbing,Nordvik Outdoor,2,155.00,62.00,310.00,186.00,1030,Y
6904,2025-08-28,Portland Pearl,Willamette,Trail Convertible Pant,Apparel,Cascade Textiles,1,89.00,36.00,89.00,53.00,1003,Y
6905,2025-08-29,Spokane,Inland,Headlamp 400,Camping,Sanko Technical,3,44.00,16.00,132.00,84.00,1043,Y
6906,2025-08-29,Bellevue,Puget Sound,Quickdraw Set of 6,Climbing,Nordvik Outdoor,2,155.00,62.00,310.00,186.00,1036,Y
6907,2025-08-29,Spokane,Inland,Dry Bag 30L,Water,Fraser Valley Rubber,1,42.00,17.00,42.00,25.00,1036,Y
6908,2025-08-29,Bellingham,North Cascades,Ridgeline 2P Tent,Camping,Cascade Textiles,1,349.00,142.00,349.00,207.00,,N
6909,2025-08-29,Bellingham,North Cascades,Sun Hoody,Apparel,Cascade Textiles,1,62.00,24.00,62.00,38.00,,N
6910,2025-08-29,Tacoma,Puget Sound,Approach Shoe,Footwear,Fraser Valley Rubber,1,129.00,52.00,129.00,77.00,1019,Y
6911,2025-08-29,Bellevue,Puget Sound,Vertex Climbing Harness,Climbing,Kitsap Forge,2,105.00,43.00,210.00,124.00,1040,Y
6912,2025-08-29,Bellingham,North Cascades,Cascade Camp Stove,Camping,Kitsap Forge,1,84.00,34.00,84.00,50.00,1003,Y
6913,2025-08-30,Bellingham,North Cascades,Dynamic Rope 60m,Climbing,Nordvik Outdoor,1,239.00,98.00,239.00,141.00,,N
6914,2025-08-30,Seattle Flagship,Puget Sound,Inflatable Kayak,Water,Fraser Valley Rubber,1,699.00,289.00,699.00,410.00,1058,Y
6915,2025-08-30,Spokane,Inland,Paddle Carbon,Water,Sanko Technical,1,279.00,112.00,279.00,167.00,1059,Y
6916,2025-08-30,Seattle Flagship,Puget Sound,Basecamp 65L Pack,Camping,Olympic Down Works,1,229.00,96.00,229.00,133.00,1014,Y
6917,2025-08-30,Seattle Flagship,Puget Sound,Alpine 45L Pack,Camping,Olympic Down Works,2,189.00,78.00,378.00,222.00,1015,Y
6918,2025-08-30,Spokane,Inland,Nimbus 20F Sleeping Bag,Camping,Olympic Down Works,1,259.00,104.00,259.00,155.00,1058,Y
6919,2025-08-30,Boise,Inland,Cascade Camp Stove,Camping,Kitsap Forge,3,84.00,34.00,252.00,150.00,1044,Y
6920,2025-08-30,Bellingham,North Cascades,Inflatable Kayak,Water,Fraser Valley Rubber,1,699.00,289.00,699.00,410.00,1020,Y
6921,2025-08-30,Spokane,Inland,Alpine 45L Pack,Camping,Olympic Down Works,3,189.00,78.00,567.00,333.00,1014,Y
6922,2025-08-30,Bellevue,Puget Sound,Dry Bag 30L,Water,Fraser Valley Rubber,2,42.00,17.00,84.00,50.00,1002,Y
6923,2025-08-30,Bellevue,Puget Sound,Approach Shoe,Footwear,Fraser Valley Rubber,3,109.65,52.00,328.95,172.95,1034,Y
6924,2025-08-30,Bellingham,North Cascades,Cascade Camp Stove,Camping,Kitsap Forge,2,84.00,34.00,168.00,100.00,,N
6925,2025-08-30,Seattle Flagship,Puget Sound,Dry Bag 30L,Water,Fraser Valley Rubber,1,42.00,17.00,42.00,25.00,1059,Y
6926,2025-08-30,Portland Pearl,Willamette,Dynamic Rope 60m,Climbing,Nordvik Outdoor,1,239.00,98.00,239.00,141.00,1056,Y
6927,2025-08-31,Tacoma,Puget Sound,Cascade Camp Stove,Camping,Kitsap Forge,1,84.00,34.00,84.00,50.00,1022,Y
6928,2025-08-31,Seattle Flagship,Puget Sound,Inflatable Kayak,Water,Fraser Valley Rubber,1,699.00,289.00,699.00,410.00,1014,Y
6929,2025-08-31,Seattle Flagship,Puget Sound,Summit Shell Jacket,Apparel,Cascade Textiles,1,254.15,121.00,254.15,133.15,1010,Y
6930,2025-08-31,Bellingham,North Cascades,Alpine 45L Pack,Camping,Olympic Down Works,2,189.00,78.00,378.00,222.00,,N
6931,2025-08-31,Portland Pearl,Willamette,Dynamic Rope 60m,Climbing,Nordvik Outdoor,1,239.00,98.00,239.00,141.00,1024,Y
6932,2025-08-31,Bellevue,Puget Sound,Ridgeline 3P Tent,Camping,Cascade Textiles,1,419.00,168.00,419.00,251.00,1055,Y
6933,2025-08-31,Spokane,Inland,Chalk Bag,Climbing,Kitsap Forge,1,26.00,9.00,26.00,17.00,1005,Y
6934,2025-09-01,Bellevue,Puget Sound,Basecamp 65L Pack,Camping,Olympic Down Works,1,229.00,96.00,229.00,133.00,1044,Y
6935,2025-09-01,Tacoma,Puget Sound,Titanium Cook Set,Camping,Sanko Technical,1,115.00,47.00,115.00,68.00,1039,Y
6936,2025-09-01,Spokane,Inland,Nimbus 20F Sleeping Bag,Camping,Olympic Down Works,1,259.00,104.00,259.00,155.00,1028,Y
6937,2025-09-01,Seattle Flagship,Puget Sound,Trailhead Sleeping Pad,Camping,Sanko Technical,1,99.00,41.00,99.00,58.00,1060,Y
6938,2025-09-01,Spokane,Inland,Ski Skins,Snow,Nordvik Outdoor,1,199.00,84.00,199.00,115.00,1055,Y
6939,2025-09-01,Tacoma,Puget Sound,Stormbreak Rain Jacket,Apparel,Cascade Textiles,1,169.00,68.00,169.00,101.00,1015,Y
6940,2025-09-02,Tacoma,Puget Sound,Sun Hoody,Apparel,Cascade Textiles,1,62.00,24.00,62.00,38.00,,N
6941,2025-09-02,Bellingham,North Cascades,Stormbreak Rain Jacket,Apparel,Cascade Textiles,1,169.00,68.00,169.00,101.00,,N
6942,2025-09-02,Tacoma,Puget Sound,Avalanche Beacon,Snow,Nordvik Outdoor,1,399.00,178.00,399.00,221.00,1039,Y
6943,2025-09-03,Bellevue,Puget Sound,Cascade Camp Stove,Camping,Kitsap Forge,1,84.00,34.00,84.00,50.00,1009,Y
6944,2025-09-03,Bellingham,North Cascades,Trailhead Sleeping Pad,Camping,Sanko Technical,3,99.00,41.00,297.00,174.00,,N
6945,2025-09-03,Boise,Inland,Paddle Carbon,Water,Sanko Technical,1,237.15,112.00,237.15,125.15,1017,Y
6946,2025-09-03,Seattle Flagship,Puget Sound,Trail Convertible Pant,Apparel,Cascade Textiles,2,89.00,36.00,178.00,106.00,1056,Y
6947,2025-09-03,Bellevue,Puget Sound,Nimbus 20F Sleeping Bag,Camping,Olympic Down Works,1,259.00,104.00,259.00,155.00,1049,Y
6948,2025-09-04,Tacoma,Puget Sound,Paddle Carbon,Water,Sanko Technical,1,279.00,112.00,279.00,167.00,1021,Y
6949,2025-09-04,Boise,Inland,Titanium Cook Set,Camping,Sanko Technical,2,115.00,47.00,230.00,136.00,1022,Y
6950,2025-09-04,Bellevue,Puget Sound,Titanium Cook Set,Camping,Sanko Technical,1,115.00,47.00,115.00,68.00,1029,Y
6951,2025-09-04,Boise,Inland,Titanium Cook Set,Camping,Sanko Technical,3,115.00,47.00,345.00,204.00,1053,Y
6952,2025-09-04,Tacoma,Puget Sound,Inflatable Kayak,Water,Fraser Valley Rubber,1,699.00,289.00,699.00,410.00,1031,Y
6953,2025-09-04,Seattle Flagship,Puget Sound,Belay Device,Climbing,Kitsap Forge,3,49.00,19.00,147.00,90.00,1001,Y
6954,2025-09-04,Boise,Inland,Sun Hoody,Apparel,Cascade Textiles,3,62.00,24.00,186.00,114.00,1051,Y
6955,2025-09-04,Spokane,Inland,Fleece Quarter-Zip,Apparel,Cascade Textiles,2,79.00,31.00,158.00,96.00,,N
6956,2025-09-05,Spokane,Inland,Basecamp 65L Pack,Camping,Olympic Down Works,1,229.00,96.00,229.00,133.00,1026,Y
6957,2025-09-05,Seattle Flagship,Puget Sound,Summit Shell Jacket,Apparel,Cascade Textiles,1,299.00,121.00,299.00,178.00,1022,Y
6958,2025-09-05,Spokane,Inland,Ridgeline 2P Tent,Camping,Cascade Textiles,1,349.00,142.00,349.00,207.00,1002,Y
6959,2025-09-05,Seattle Flagship,Puget Sound,Sun Hoody,Apparel,Cascade Textiles,1,52.70,24.00,52.70,28.70,1014,Y
6960,2025-09-05,Portland Pearl,Willamette,Fleece Quarter-Zip,Apparel,Cascade Textiles,1,79.00,31.00,79.00,48.00,1039,Y
6961,2025-09-05,Bellevue,Puget Sound,Inflatable Kayak,Water,Fraser Valley Rubber,1,699.00,289.00,699.00,410.00,1044,Y
6962,2025-09-06,Tacoma,Puget Sound,Alpine 45L Pack,Camping,Olympic Down Works,3,189.00,78.00,567.00,333.00,1055,Y
6963,2025-09-06,Eugene,Willamette,Nimbus 0F Sleeping Bag,Camping,Olympic Down Works,1,339.00,138.00,339.00,201.00,,N
6964,2025-09-06,Eugene,Willamette,Stormbreak Rain Jacket,Apparel,Cascade Textiles,2,169.00,68.00,338.00,202.00,,N
6965,2025-09-06,Seattle Flagship,Puget Sound,Paddle Carbon,Water,Sanko Technical,1,279.00,112.00,279.00,167.00,1057,Y
6966,2025-09-06,Seattle Flagship,Puget Sound,Basecamp 65L Pack,Camping,Olympic Down Works,1,229.00,96.00,229.00,133.00,1024,Y
6967,2025-09-07,Bellingham,North Cascades,Titanium Cook Set,Camping,Sanko Technical,2,115.00,47.00,230.00,136.00,1032,Y
6968,2025-09-07,Seattle Flagship,Puget Sound,Merino Hiking Socks,Apparel,Andes Alpaca Co-op,2,24.00,8.50,48.00,31.00,1022,Y
6969,2025-09-07,Eugene,Willamette,Alpine 45L Pack,Camping,Olympic Down Works,1,189.00,78.00,189.00,111.00,1035,Y
6970,2025-09-07,Boise,Inland,Belay Device,Climbing,Kitsap Forge,2,49.00,19.00,98.00,60.00,1051,Y
6971,2025-09-07,Eugene,Willamette,Approach Shoe,Footwear,Fraser Valley Rubber,1,129.00,52.00,129.00,77.00,1025,Y
6972,2025-09-07,Tacoma,Puget Sound,Inflatable Kayak,Water,Fraser Valley Rubber,1,699.00,289.00,699.00,410.00,1031,Y
6973,2025-09-07,Spokane,Inland,Chalk Bag,Climbing,Kitsap Forge,1,26.00,9.00,26.00,17.00,1055,Y
6974,2025-09-07,Spokane,Inland,Dry Bag 30L,Water,Fraser Valley Rubber,3,42.00,17.00,126.00,75.00,1044,Y
6975,2025-09-07,Seattle Flagship,Puget Sound,Ridgeline 2P Tent,Camping,Cascade Textiles,1,349.00,142.00,349.00,207.00,1016,Y
6976,2025-09-08,Portland Pearl,Willamette,Alpaca Base Layer,Apparel,Andes Alpaca Co-op,2,78.00,29.00,156.00,98.00,1051,Y
6977,2025-09-08,Tacoma,Puget Sound,Approach Shoe,Footwear,Fraser Valley Rubber,1,129.00,52.00,129.00,77.00,1048,Y
6978,2025-09-08,Bellevue,Puget Sound,Dry Bag 30L,Water,Fraser Valley Rubber,1,42.00,17.00,42.00,25.00,1047,Y
6979,2025-09-08,Seattle Flagship,Puget Sound,Ridgeline 2P Tent,Camping,Cascade Textiles,1,349.00,142.00,349.00,207.00,1017,Y
6980,2025-09-08,Bellevue,Puget Sound,Trailhead Sleeping Pad,Camping,Sanko Technical,2,99.00,41.00,198.00,116.00,1059,Y
6981,2025-09-08,Seattle Flagship,Puget Sound,Trail Convertible Pant,Apparel,Cascade Textiles,1,89.00,36.00,89.00,53.00,1028,Y
6982,2025-09-09,Bellevue,Puget Sound,Backcountry Boot,Footwear,Fraser Valley Rubber,1,219.00,88.00,219.00,131.00,1037,Y
6983,2025-09-09,Seattle Flagship,Puget Sound,Backcountry Boot,Footwear,Fraser Valley Rubber,1,219.00,88.00,219.00,131.00,1006,Y
6984,2025-09-09,Bellingham,North Cascades,Ridgeline 2P Tent,Camping,Cascade Textiles,1,349.00,142.00,349.00,207.00,1011,Y
6985,2025-09-09,Bellingham,North Cascades,Basecamp 65L Pack,Camping,Olympic Down Works,1,229.00,96.00,229.00,133.00,,N
6986,2025-09-09,Portland Pearl,Willamette,Down Sweater,Apparel,Olympic Down Works,3,185.00,74.00,555.00,333.00,1028,Y
6987,2025-09-09,Boise,Inland,Quickdraw Set of 6,Climbing,Nordvik Outdoor,2,155.00,62.00,310.00,186.00,1028,Y
6988,2025-09-09,Seattle Flagship,Puget Sound,Chalk Bag,Climbing,Kitsap Forge,2,26.00,9.00,52.00,34.00,1003,Y
6989,2025-09-09,Seattle Flagship,Puget Sound,Titanium Cook Set,Camping,Sanko Technical,2,115.00,47.00,230.00,136.00,1005,Y
6990,2025-09-09,Portland Pearl,Willamette,PFD Vest,Water,Kitsap Forge,2,80.75,38.00,161.50,85.50,1049,Y
6991,2025-09-09,Tacoma,Puget Sound,Nimbus 20F Sleeping Bag,Camping,Olympic Down Works,1,259.00,104.00,259.00,155.00,1008,Y
6992,2025-09-09,Spokane,Inland,PFD Vest,Water,Kitsap Forge,2,80.75,38.00,161.50,85.50,,N
6993,2025-09-10,Bellevue,Puget Sound,Trail Convertible Pant,Apparel,Cascade Textiles,2,89.00,36.00,178.00,106.00,1034,Y
6994,2025-09-10,Spokane,Inland,Basecamp 65L Pack,Camping,Olympic Down Works,1,229.00,96.00,229.00,133.00,1055,Y
6995,2025-09-10,Portland Pearl,Willamette,Fleece Quarter-Zip,Apparel,Cascade Textiles,1,79.00,31.00,79.00,48.00,1026,Y
6996,2025-09-10,Seattle Flagship,Puget Sound,Vertex Climbing Harness,Climbing,Kitsap Forge,1,89.25,43.00,89.25,46.25,1018,Y
6997,2025-09-10,Boise,Inland,Trail Runner GTX,Footwear,Fraser Valley Rubber,1,149.00,61.00,149.00,88.00,1035,Y
6998,2025-09-10,Seattle Flagship,Puget Sound,Trail Convertible Pant,Apparel,Cascade Textiles,1,89.00,36.00,89.00,53.00,1046,Y
6999,2025-09-10,Portland Pearl,Willamette,Trail Runner GTX,Footwear,Fraser Valley Rubber,2,149.00,61.00,298.00,176.00,1007,Y
7000,2025-09-10,Portland Pearl,Willamette,Trail Runner GTX,Footwear,Fraser Valley Rubber,1,149.00,61.00,149.00,88.00,,N
7001,2025-09-10,Seattle Flagship,Puget Sound,Touring Ski Package,Snow,Nordvik Outdoor,1,949.00,412.00,949.00,537.00,1029,Y
7002,2025-09-10,Portland Pearl,Willamette,Chalk Bag,Climbing,Kitsap Forge,2,26.00,9.00,52.00,34.00,1034,Y
7003,2025-09-10,Bellevue,Puget Sound,Avalanche Beacon,Snow,Nordvik Outdoor,1,399.00,178.00,399.00,221.00,1036,Y
7004,2025-09-10,Seattle Flagship,Puget Sound,Fleece Quarter-Zip,Apparel,Cascade Textiles,1,79.00,31.00,79.00,48.00,1005,Y
7005,2025-09-11,Spokane,Inland,Dry Bag 30L,Water,Fraser Valley Rubber,1,42.00,17.00,42.00,25.00,1011,Y
7006,2025-09-11,Seattle Flagship,Puget Sound,Paddle Carbon,Water,Sanko Technical,1,279.00,112.00,279.00,167.00,1015,Y
7007,2025-09-11,Bellevue,Puget Sound,Inflatable Kayak,Water,Fraser Valley Rubber,1,699.00,289.00,699.00,410.00,1026,Y
7008,2025-09-11,Tacoma,Puget Sound,Ridgeline 2P Tent,Camping,Cascade Textiles,1,349.00,142.00,349.00,207.00,,N
7009,2025-09-11,Seattle Flagship,Puget Sound,Quickdraw Set of 6,Climbing,Nordvik Outdoor,1,155.00,62.00,155.00,93.00,1018,Y
7010,2025-09-11,Seattle Flagship,Puget Sound,Avalanche Beacon,Snow,Nordvik Outdoor,1,339.15,178.00,339.15,161.15,1051,Y
7011,2025-09-11,Boise,Inland,Insulated Camp Bootie,Footwear,Andes Alpaca Co-op,3,59.00,22.00,177.00,111.00,,N
7012,2025-09-12,Spokane,Inland,Dynamic Rope 60m,Climbing,Nordvik Outdoor,1,239.00,98.00,239.00,141.00,1060,Y
7013,2025-09-12,Seattle Flagship,Puget Sound,Trail Runner GTX,Footwear,Fraser Valley Rubber,2,149.00,61.00,298.00,176.00,1026,Y
7014,2025-09-12,Seattle Flagship,Puget Sound,Nimbus 0F Sleeping Bag,Camping,Olympic Down Works,1,339.00,138.00,339.00,201.00,,N
7015,2025-09-12,Bellevue,Puget Sound,Quickdraw Set of 6,Climbing,Nordvik Outdoor,1,155.00,62.00,155.00,93.00,1027,Y
7016,2025-09-12,Eugene,Willamette,Belay Device,Climbing,Kitsap Forge,3,49.00,19.00,147.00,90.00,1047,Y
7017,2025-09-12,Seattle Flagship,Puget Sound,Chalk Bag,Climbing,Kitsap Forge,1,26.00,9.00,26.00,17.00,1045,Y
7018,2025-09-12,Seattle Flagship,Puget Sound,Paddle Carbon,Water,Sanko Technical,1,279.00,112.00,279.00,167.00,1032,Y
7019,2025-09-12,Portland Pearl,Willamette,Trail Convertible Pant,Apparel,Cascade Textiles,3,75.65,36.00,226.95,118.95,1056,Y
7020,2025-09-12,Seattle Flagship,Puget Sound,Avalanche Beacon,Snow,Nordvik Outdoor,1,399.00,178.00,399.00,221.00,1044,Y
7021,2025-09-13,Spokane,Inland,Ski Skins,Snow,Nordvik Outdoor,3,169.15,84.00,507.45,255.45,1001,Y
7022,2025-09-13,Bellevue,Puget Sound,Trail Runner GTX,Footwear,Fraser Valley Rubber,3,149.00,61.00,447.00,264.00,1055,Y
7023,2025-09-13,Tacoma,Puget Sound,Trail Runner GTX,Footwear,Fraser Valley Rubber,1,149.00,61.00,149.00,88.00,1012,Y
7024,2025-09-13,Spokane,Inland,Touring Ski Package,Snow,Nordvik Outdoor,1,949.00,412.00,949.00,537.00,1020,Y
7025,2025-09-13,Seattle Flagship,Puget Sound,Sun Hoody,Apparel,Cascade Textiles,1,62.00,24.00,62.00,38.00,1019,Y
7026,2025-09-13,Seattle Flagship,Puget Sound,Approach Shoe,Footwear,Fraser Valley Rubber,2,129.00,52.00,258.00,154.00,1023,Y
7027,2025-09-14,Eugene,Willamette,Fleece Quarter-Zip,Apparel,Cascade Textiles,1,79.00,31.00,79.00,48.00,1032,Y
7028,2025-09-14,Bellingham,North Cascades,Trail Convertible Pant,Apparel,Cascade Textiles,1,89.00,36.00,89.00,53.00,1050,Y
7029,2025-09-15,Seattle Flagship,Puget Sound,Trailhead Sleeping Pad,Camping,Sanko Technical,1,99.00,41.00,99.00,58.00,1035,Y
7030,2025-09-15,Portland Pearl,Willamette,Sun Hoody,Apparel,Cascade Textiles,1,62.00,24.00,62.00,38.00,1054,Y
7031,2025-09-15,Bellingham,North Cascades,Touring Ski Package,Snow,Nordvik Outdoor,1,949.00,412.00,949.00,537.00,,N
7032,2025-09-15,Spokane,Inland,Ridgeline 3P Tent,Camping,Cascade Textiles,1,419.00,168.00,419.00,251.00,1052,Y
7033,2025-09-15,Seattle Flagship,Puget Sound,Touring Ski Package,Snow,Nordvik Outdoor,1,949.00,412.00,949.00,537.00,1006,Y
7034,2025-09-15,Seattle Flagship,Puget Sound,Nimbus 20F Sleeping Bag,Camping,Olympic Down Works,1,259.00,104.00,259.00,155.00,1014,Y
7035,2025-09-15,Bellevue,Puget Sound,Paddle Carbon,Water,Sanko Technical,1,279.00,112.00,279.00,167.00,1002,Y
7036,2025-09-15,Portland Pearl,Willamette,Alpine 45L Pack,Camping,Olympic Down Works,3,189.00,78.00,567.00,333.00,1054,Y
7037,2025-09-15,Eugene,Willamette,Merino Hiking Socks,Apparel,Andes Alpaca Co-op,1,24.00,8.50,24.00,15.50,1001,Y
7038,2025-09-16,Portland Pearl,Willamette,Nimbus 0F Sleeping Bag,Camping,Olympic Down Works,1,339.00,138.00,339.00,201.00,1035,Y
7039,2025-09-16,Bellevue,Puget Sound,Headlamp 400,Camping,Sanko Technical,3,44.00,16.00,132.00,84.00,1031,Y
7040,2025-09-16,Portland Pearl,Willamette,Dynamic Rope 60m,Climbing,Nordvik Outdoor,1,239.00,98.00,239.00,141.00,1002,Y
7041,2025-09-16,Bellevue,Puget Sound,Cascade Camp Stove,Camping,Kitsap Forge,2,84.00,34.00,168.00,100.00,1035,Y
7042,2025-09-16,Boise,Inland,Dry Bag 30L,Water,Fraser Valley Rubber,2,42.00,17.00,84.00,50.00,1022,Y
7043,2025-09-16,Seattle Flagship,Puget Sound,Touring Ski Package,Snow,Nordvik Outdoor,1,949.00,412.00,949.00,537.00,1050,Y
7044,2025-09-16,Portland Pearl,Willamette,Dry Bag 30L,Water,Fraser Valley Rubber,1,42.00,17.00,42.00,25.00,1010,Y
7045,2025-09-16,Tacoma,Puget Sound,Merino Hiking Socks,Apparel,Andes Alpaca Co-op,1,24.00,8.50,24.00,15.50,1014,Y
7046,2025-09-16,Bellingham,North Cascades,Alpine 45L Pack,Camping,Olympic Down Works,1,189.00,78.00,189.00,111.00,1023,Y
7047,2025-09-16,Seattle Flagship,Puget Sound,Nimbus 20F Sleeping Bag,Camping,Olympic Down Works,1,259.00,104.00,259.00,155.00,1045,Y
7048,2025-09-17,Bellingham,North Cascades,Ridgeline 2P Tent,Camping,Cascade Textiles,1,296.65,142.00,296.65,154.65,,N
7049,2025-09-17,Tacoma,Puget Sound,Paddle Carbon,Water,Sanko Technical,1,279.00,112.00,279.00,167.00,1029,Y
7050,2025-09-17,Portland Pearl,Willamette,Titanium Cook Set,Camping,Sanko Technical,2,115.00,47.00,230.00,136.00,1037,Y
7051,2025-09-17,Bellingham,North Cascades,Quickdraw Set of 6,Climbing,Nordvik Outdoor,1,155.00,62.00,155.00,93.00,1017,Y
7052,2025-09-17,Bellingham,North Cascades,Paddle Carbon,Water,Sanko Technical,1,279.00,112.00,279.00,167.00,1016,Y
7053,2025-09-17,Bellevue,Puget Sound,Alpine 45L Pack,Camping,Olympic Down Works,3,189.00,78.00,567.00,333.00,1050,Y
7054,2025-09-17,Bellingham,North Cascades,Dynamic Rope 60m,Climbing,Nordvik Outdoor,1,239.00,98.00,239.00,141.00,1047,Y
7055,2025-09-18,Seattle Flagship,Puget Sound,Nimbus 20F Sleeping Bag,Camping,Olympic Down Works,1,259.00,104.00,259.00,155.00,1014,Y
7056,2025-09-18,Eugene,Willamette,Touring Ski Package,Snow,Nordvik Outdoor,1,949.00,412.00,949.00,537.00,1010,Y
7057,2025-09-18,Portland Pearl,Willamette,Paddle Carbon,Water,Sanko Technical,1,237.15,112.00,237.15,125.15,1047,Y
7058,2025-09-18,Bellevue,Puget Sound,PFD Vest,Water,Kitsap Forge,1,95.00,38.00,95.00,57.00,1023,Y
7059,2025-09-18,Spokane,Inland,Dry Bag 30L,Water,Fraser Valley Rubber,2,42.00,17.00,84.00,50.00,1017,Y
7060,2025-09-18,Portland Pearl,Willamette,Sun Hoody,Apparel,Cascade Textiles,3,62.00,24.00,186.00,114.00,1043,Y
7061,2025-09-19,Seattle Flagship,Puget Sound,Quickdraw Set of 6,Climbing,Nordvik Outdoor,1,155.00,62.00,155.00,93.00,,N
7062,2025-09-19,Seattle Flagship,Puget Sound,Touring Ski Package,Snow,Nordvik Outdoor,1,949.00,412.00,949.00,537.00,1037,Y
7063,2025-09-19,Eugene,Willamette,Cascade Camp Stove,Camping,Kitsap Forge,1,84.00,34.00,84.00,50.00,1050,Y
7064,2025-09-19,Bellingham,North Cascades,Belay Device,Climbing,Kitsap Forge,1,49.00,19.00,49.00,30.00,,N
7065,2025-09-19,Portland Pearl,Willamette,Stormbreak Rain Jacket,Apparel,Cascade Textiles,1,169.00,68.00,169.00,101.00,1020,Y
7066,2025-09-19,Seattle Flagship,Puget Sound,Belay Device,Climbing,Kitsap Forge,1,49.00,19.00,49.00,30.00,1016,Y
7067,2025-09-20,Portland Pearl,Willamette,Touring Ski Package,Snow,Nordvik Outdoor,1,806.65,412.00,806.65,394.65,1010,Y
7068,2025-09-20,Spokane,Inland,Alpine 45L Pack,Camping,Olympic Down Works,2,189.00,78.00,378.00,222.00,1022,Y
7069,2025-09-20,Portland Pearl,Willamette,Titanium Cook Set,Camping,Sanko Technical,3,115.00,47.00,345.00,204.00,1052,Y
7070,2025-09-20,Bellevue,Puget Sound,Trail Convertible Pant,Apparel,Cascade Textiles,1,89.00,36.00,89.00,53.00,1005,Y
7071,2025-09-20,Bellevue,Puget Sound,Dynamic Rope 60m,Climbing,Nordvik Outdoor,1,239.00,98.00,239.00,141.00,1039,Y
7072,2025-09-20,Bellevue,Puget Sound,Trail Runner GTX,Footwear,Fraser Valley Rubber,2,126.65,61.00,253.30,131.30,1055,Y
7073,2025-09-20,Portland Pearl,Willamette,Approach Shoe,Footwear,Fraser Valley Rubber,1,129.00,52.00,129.00,77.00,1008,Y
7074,2025-09-21,Seattle Flagship,Puget Sound,Ridgeline 3P Tent,Camping,Cascade Textiles,1,419.00,168.00,419.00,251.00,1042,Y
7075,2025-09-21,Bellevue,Puget Sound,Dynamic Rope 60m,Climbing,Nordvik Outdoor,1,239.00,98.00,239.00,141.00,,N
7076,2025-09-21,Bellevue,Puget Sound,Ridgeline 2P Tent,Camping,Cascade Textiles,1,349.00,142.00,349.00,207.00,1055,Y
7077,2025-09-21,Tacoma,Puget Sound,Dry Bag 30L,Water,Fraser Valley Rubber,1,42.00,17.00,42.00,25.00,,N
7078,2025-09-21,Portland Pearl,Willamette,Paddle Carbon,Water,Sanko Technical,1,279.00,112.00,279.00,167.00,1003,Y
7079,2025-09-22,Seattle Flagship,Puget Sound,Trail Runner GTX,Footwear,Fraser Valley Rubber,2,149.00,61.00,298.00,176.00,1049,Y
7080,2025-09-22,Portland Pearl,Willamette,Chalk Bag,Climbing,Kitsap Forge,1,26.00,9.00,26.00,17.00,1050,Y
7081,2025-09-22,Eugene,Willamette,Basecamp 65L Pack,Camping,Olympic Down Works,1,194.65,96.00,194.65,98.65,1051,Y
7082,2025-09-22,Bellevue,Puget Sound,Vertex Climbing Harness,Climbing,Kitsap Forge,1,105.00,43.00,105.00,62.00,1027,Y
7083,2025-09-22,Bellingham,North Cascades,Paddle Carbon,Water,Sanko Technical,1,279.00,112.00,279.00,167.00,,N
7084,2025-09-22,Seattle Flagship,Puget Sound,Titanium Cook Set,Camping,Sanko Technical,3,115.00,47.00,345.00,204.00,1057,Y
7085,2025-09-22,Bellingham,North Cascades,Headlamp 400,Camping,Sanko Technical,3,44.00,16.00,132.00,84.00,,N
7086,2025-09-22,Seattle Flagship,Puget Sound,Approach Shoe,Footwear,Fraser Valley Rubber,1,129.00,52.00,129.00,77.00,1038,Y
7087,2025-09-22,Eugene,Willamette,Belay Device,Climbing,Kitsap Forge,1,41.65,19.00,41.65,22.65,1007,Y
7088,2025-09-23,Bellevue,Puget Sound,Merino Hiking Socks,Apparel,Andes Alpaca Co-op,1,24.00,8.50,24.00,15.50,1051,Y
7089,2025-09-23,Spokane,Inland,Basecamp 65L Pack,Camping,Olympic Down Works,1,229.00,96.00,229.00,133.00,1007,Y
7090,2025-09-23,Seattle Flagship,Puget Sound,Chalk Bag,Climbing,Kitsap Forge,3,26.00,9.00,78.00,51.00,1016,Y
7091,2025-09-23,Bellevue,Puget Sound,Ski Skins,Snow,Nordvik Outdoor,2,199.00,84.00,398.00,230.00,1007,Y
7092,2025-09-23,Boise,Inland,Approach Shoe,Footwear,Fraser Valley Rubber,1,129.00,52.00,129.00,77.00,1033,Y
7093,2025-09-23,Spokane,Inland,Trail Runner GTX,Footwear,Fraser Valley Rubber,3,149.00,61.00,447.00,264.00,1003,Y
7094,2025-09-23,Bellingham,North Cascades,Backcountry Boot,Footwear,Fraser Valley Rubber,1,219.00,88.00,219.00,131.00,,N
7095,2025-09-23,Bellingham,North Cascades,Ridgeline 3P Tent,Camping,Cascade Textiles,1,419.00,168.00,419.00,251.00,1057,Y
7096,2025-09-23,Bellevue,Puget Sound,Approach Shoe,Footwear,Fraser Valley Rubber,2,129.00,52.00,258.00,154.00,1054,Y
7097,2025-09-24,Portland Pearl,Willamette,Headlamp 400,Camping,Sanko Technical,1,44.00,16.00,44.00,28.00,1030,Y
7098,2025-09-24,Spokane,Inland,Backcountry Boot,Footwear,Fraser Valley Rubber,1,186.15,88.00,186.15,98.15,1037,Y
7099,2025-09-24,Bellevue,Puget Sound,Fleece Quarter-Zip,Apparel,Cascade Textiles,2,79.00,31.00,158.00,96.00,1054,Y
7100,2025-09-24,Portland Pearl,Willamette,Paddle Carbon,Water,Sanko Technical,1,279.00,112.00,279.00,167.00,1016,Y
7101,2025-09-24,Portland Pearl,Willamette,Approach Shoe,Footwear,Fraser Valley Rubber,3,129.00,52.00,387.00,231.00,1045,Y
7102,2025-09-24,Spokane,Inland,Nimbus 20F Sleeping Bag,Camping,Olympic Down Works,1,259.00,104.00,259.00,155.00,1055,Y
7103,2025-09-24,Seattle Flagship,Puget Sound,Alpaca Base Layer,Apparel,Andes Alpaca Co-op,1,78.00,29.00,78.00,49.00,1004,Y
7104,2025-09-24,Eugene,Willamette,Headlamp 400,Camping,Sanko Technical,3,44.00,16.00,132.00,84.00,1025,Y
7105,2025-09-24,Tacoma,Puget Sound,Avalanche Beacon,Snow,Nordvik Outdoor,1,399.00,178.00,399.00,221.00,1049,Y
7106,2025-09-25,Bellevue,Puget Sound,Nimbus 20F Sleeping Bag,Camping,Olympic Down Works,1,259.00,104.00,259.00,155.00,1010,Y
7107,2025-09-25,Bellingham,North Cascades,Dry Bag 30L,Water,Fraser Valley Rubber,1,42.00,17.00,42.00,25.00,1010,Y
7108,2025-09-25,Boise,Inland,PFD Vest,Water,Kitsap Forge,1,95.00,38.00,95.00,57.00,1009,Y
7109,2025-09-25,Seattle Flagship,Puget Sound,Alpaca Base Layer,Apparel,Andes Alpaca Co-op,2,78.00,29.00,156.00,98.00,1058,Y
7110,2025-09-25,Eugene,Willamette,Basecamp 65L Pack,Camping,Olympic Down Works,1,229.00,96.00,229.00,133.00,1032,Y
7111,2025-09-25,Seattle Flagship,Puget Sound,Inflatable Kayak,Water,Fraser Valley Rubber,1,594.15,289.00,594.15,305.15,1053,Y
7112,2025-09-25,Tacoma,Puget Sound,Trailhead Sleeping Pad,Camping,Sanko Technical,2,99.00,41.00,198.00,116.00,1060,Y
7113,2025-09-25,Seattle Flagship,Puget Sound,Vertex Climbing Harness,Climbing,Kitsap Forge,2,105.00,43.00,210.00,124.00,1054,Y
7114,2025-09-25,Tacoma,Puget Sound,Trail Runner GTX,Footwear,Fraser Valley Rubber,1,149.00,61.00,149.00,88.00,1032,Y
7115,2025-09-26,Portland Pearl,Willamette,Ridgeline 2P Tent,Camping,Cascade Textiles,1,349.00,142.00,349.00,207.00,1016,Y
7116,2025-09-26,Portland Pearl,Willamette,Approach Shoe,Footwear,Fraser Valley Rubber,2,129.00,52.00,258.00,154.00,1011,Y
7117,2025-09-26,Tacoma,Puget Sound,Nimbus 20F Sleeping Bag,Camping,Olympic Down Works,1,259.00,104.00,259.00,155.00,1047,Y
7118,2025-09-26,Bellevue,Puget Sound,Approach Shoe,Footwear,Fraser Valley Rubber,1,129.00,52.00,129.00,77.00,1051,Y
7119,2025-09-26,Tacoma,Puget Sound,Dynamic Rope 60m,Climbing,Nordvik Outdoor,1,239.00,98.00,239.00,141.00,1025,Y
7120,2025-09-27,Seattle Flagship,Puget Sound,Down Sweater,Apparel,Olympic Down Works,1,157.25,74.00,157.25,83.25,1046,Y
7121,2025-09-27,Spokane,Inland,Trail Convertible Pant,Apparel,Cascade Textiles,2,89.00,36.00,178.00,106.00,1041,Y
7122,2025-09-27,Spokane,Inland,Ridgeline 3P Tent,Camping,Cascade Textiles,1,419.00,168.00,419.00,251.00,1060,Y
7123,2025-09-27,Tacoma,Puget Sound,Inflatable Kayak,Water,Fraser Valley Rubber,1,699.00,289.00,699.00,410.00,1035,Y
7124,2025-09-27,Eugene,Willamette,Belay Device,Climbing,Kitsap Forge,1,49.00,19.00,49.00,30.00,,N
7125,2025-09-27,Portland Pearl,Willamette,Inflatable Kayak,Water,Fraser Valley Rubber,1,699.00,289.00,699.00,410.00,,N
7126,2025-09-27,Seattle Flagship,Puget Sound,Stormbreak Rain Jacket,Apparel,Cascade Textiles,1,169.00,68.00,169.00,101.00,1003,Y
7127,2025-09-28,Seattle Flagship,Puget Sound,Basecamp 65L Pack,Camping,Olympic Down Works,1,229.00,96.00,229.00,133.00,1034,Y
7128,2025-09-28,Bellevue,Puget Sound,Headlamp 400,Camping,Sanko Technical,2,44.00,16.00,88.00,56.00,1021,Y
7129,2025-09-28,Bellevue,Puget Sound,Trailhead Sleeping Pad,Camping,Sanko Technical,1,99.00,41.00,99.00,58.00,1004,Y
7130,2025-09-28,Bellingham,North Cascades,Sun Hoody,Apparel,Cascade Textiles,2,62.00,24.00,124.00,76.00,,N
7131,2025-09-28,Seattle Flagship,Puget Sound,Inflatable Kayak,Water,Fraser Valley Rubber,1,699.00,289.00,699.00,410.00,1060,Y
7132,2025-09-28,Tacoma,Puget Sound,Belay Device,Climbing,Kitsap Forge,2,49.00,19.00,98.00,60.00,,N
7133,2025-09-28,Bellevue,Puget Sound,Sun Hoody,Apparel,Cascade Textiles,3,62.00,24.00,186.00,114.00,1031,Y
7134,2025-09-28,Portland Pearl,Willamette,Paddle Carbon,Water,Sanko Technical,1,279.00,112.00,279.00,167.00,1046,Y
7135,2025-09-28,Seattle Flagship,Puget Sound,Quickdraw Set of 6,Climbing,Nordvik Outdoor,1,131.75,62.00,131.75,69.75,1025,Y
7136,2025-09-28,Portland Pearl,Willamette,Snowshoe Kit,Snow,Kitsap Forge,1,179.00,76.00,179.00,103.00,1051,Y
7137,2025-09-28,Portland Pearl,Willamette,Dynamic Rope 60m,Climbing,Nordvik Outdoor,1,239.00,98.00,239.00,141.00,,N
7138,2025-09-28,Portland Pearl,Willamette,Trailhead Sleeping Pad,Camping,Sanko Technical,1,99.00,41.00,99.00,58.00,1056,Y
7139,2025-09-28,Seattle Flagship,Puget Sound,Summit Shell Jacket,Apparel,Cascade Textiles,1,299.00,121.00,299.00,178.00,1044,Y
7140,2025-09-28,Seattle Flagship,Puget Sound,Avalanche Beacon,Snow,Nordvik Outdoor,1,399.00,178.00,399.00,221.00,1014,Y
7141,2025-09-28,Seattle Flagship,Puget Sound,Belay Device,Climbing,Kitsap Forge,3,49.00,19.00,147.00,90.00,1060,Y
7142,2025-09-28,Eugene,Willamette,PFD Vest,Water,Kitsap Forge,2,95.00,38.00,190.00,114.00,1036,Y
7143,2025-09-28,Boise,Inland,Ski Skins,Snow,Nordvik Outdoor,2,199.00,84.00,398.00,230.00,1044,Y
7144,2025-09-29,Tacoma,Puget Sound,Inflatable Kayak,Water,Fraser Valley Rubber,1,699.00,289.00,699.00,410.00,1054,Y
7145,2025-09-29,Seattle Flagship,Puget Sound,Cascade Camp Stove,Camping,Kitsap Forge,2,84.00,34.00,168.00,100.00,1006,Y
7146,2025-09-29,Bellingham,North Cascades,Trailhead Sleeping Pad,Camping,Sanko Technical,2,84.15,41.00,168.30,86.30,1029,Y
7147,2025-09-29,Eugene,Willamette,Cascade Camp Stove,Camping,Kitsap Forge,3,84.00,34.00,252.00,150.00,1018,Y
7148,2025-09-29,Seattle Flagship,Puget Sound,Nimbus 20F Sleeping Bag,Camping,Olympic Down Works,1,259.00,104.00,259.00,155.00,1060,Y
7149,2025-09-29,Eugene,Willamette,Alpaca Base Layer,Apparel,Andes Alpaca Co-op,3,78.00,29.00,234.00,147.00,1049,Y
7150,2025-09-30,Tacoma,Puget Sound,Stormbreak Rain Jacket,Apparel,Cascade Textiles,1,169.00,68.00,169.00,101.00,1031,Y
7151,2025-09-30,Bellingham,North Cascades,Cascade Camp Stove,Camping,Kitsap Forge,3,84.00,34.00,252.00,150.00,,N
7152,2025-09-30,Eugene,Willamette,Trail Convertible Pant,Apparel,Cascade Textiles,3,89.00,36.00,267.00,159.00,1054,Y
7153,2025-09-30,Seattle Flagship,Puget Sound,Inflatable Kayak,Water,Fraser Valley Rubber,1,699.00,289.00,699.00,410.00,1032,Y
7154,2025-09-30,Seattle Flagship,Puget Sound,Nimbus 20F Sleeping Bag,Camping,Olympic Down Works,1,259.00,104.00,259.00,155.00,1059,Y
7155,2025-09-30,Portland Pearl,Willamette,Vertex Climbing Harness,Climbing,Kitsap Forge,1,105.00,43.00,105.00,62.00,1028,Y
7156,2025-09-30,Seattle Flagship,Puget Sound,Touring Ski Package,Snow,Nordvik Outdoor,1,949.00,412.00,949.00,537.00,1019,Y
7157,2025-09-30,Seattle Flagship,Puget Sound,Paddle Carbon,Water,Sanko Technical,1,279.00,112.00,279.00,167.00,1034,Y
7158,2025-09-30,Bellingham,North Cascades,Nimbus 20F Sleeping Bag,Camping,Olympic Down Works,1,259.00,104.00,259.00,155.00,1006,Y
7159,2025-09-30,Spokane,Inland,Chalk Bag,Climbing,Kitsap Forge,3,26.00,9.00,78.00,51.00,1030,Y
7160,2025-10-01,Eugene,Willamette,Dynamic Rope 60m,Climbing,Nordvik Outdoor,1,239.00,98.00,239.00,141.00,1042,Y
7161,2025-10-01,Portland Pearl,Willamette,Backcountry Boot,Footwear,Fraser Valley Rubber,1,219.00,88.00,219.00,131.00,1024,Y
7162,2025-10-02,Tacoma,Puget Sound,PFD Vest,Water,Kitsap Forge,2,95.00,38.00,190.00,114.00,1028,Y
7163,2025-10-02,Portland Pearl,Willamette,Avalanche Beacon,Snow,Nordvik Outdoor,1,399.00,178.00,399.00,221.00,1037,Y
7164,2025-10-02,Portland Pearl,Willamette,Chalk Bag,Climbing,Kitsap Forge,2,26.00,9.00,52.00,34.00,1052,Y
7165,2025-10-02,Portland Pearl,Willamette,Basecamp 65L Pack,Camping,Olympic Down Works,1,229.00,96.00,229.00,133.00,1014,Y
7166,2025-10-02,Bellevue,Puget Sound,Touring Ski Package,Snow,Nordvik Outdoor,1,949.00,412.00,949.00,537.00,1017,Y
7167,2025-10-02,Boise,Inland,Down Sweater,Apparel,Olympic Down Works,3,185.00,74.00,555.00,333.00,1038,Y
7168,2025-10-02,Tacoma,Puget Sound,Trailhead Sleeping Pad,Camping,Sanko Technical,1,99.00,41.00,99.00,58.00,1033,Y
7169,2025-10-02,Eugene,Willamette,Belay Device,Climbing,Kitsap Forge,1,49.00,19.00,49.00,30.00,1005,Y
7170,2025-10-02,Boise,Inland,Stormbreak Rain Jacket,Apparel,Cascade Textiles,3,169.00,68.00,507.00,303.00,1029,Y
7171,2025-10-03,Portland Pearl,Willamette,Belay Device,Climbing,Kitsap Forge,3,49.00,19.00,147.00,90.00,1034,Y
7172,2025-10-03,Boise,Inland,Headlamp 400,Camping,Sanko Technical,1,44.00,16.00,44.00,28.00,1001,Y
7173,2025-10-03,Bellingham,North Cascades,Nimbus 20F Sleeping Bag,Camping,Olympic Down Works,1,259.00,104.00,259.00,155.00,1019,Y
7174,2025-10-03,Seattle Flagship,Puget Sound,Chalk Bag,Climbing,Kitsap Forge,1,26.00,9.00,26.00,17.00,1031,Y
7175,2025-10-03,Spokane,Inland,Ski Skins,Snow,Nordvik Outdoor,3,199.00,84.00,597.00,345.00,1051,Y
7176,2025-10-03,Portland Pearl,Willamette,Trailhead Sleeping Pad,Camping,Sanko Technical,2,99.00,41.00,198.00,116.00,1051,Y
7177,2025-10-04,Seattle Flagship,Puget Sound,Nimbus 0F Sleeping Bag,Camping,Olympic Down Works,1,339.00,138.00,339.00,201.00,1057,Y
7178,2025-10-04,Spokane,Inland,Summit Shell Jacket,Apparel,Cascade Textiles,1,299.00,121.00,299.00,178.00,1013,Y
7179,2025-10-04,Bellevue,Puget Sound,Summit Shell Jacket,Apparel,Cascade Textiles,1,299.00,121.00,299.00,178.00,1029,Y
7180,2025-10-04,Bellevue,Puget Sound,Nimbus 20F Sleeping Bag,Camping,Olympic Down Works,1,259.00,104.00,259.00,155.00,1055,Y
7181,2025-10-04,Portland Pearl,Willamette,Quickdraw Set of 6,Climbing,Nordvik Outdoor,1,155.00,62.00,155.00,93.00,1052,Y
7182,2025-10-04,Bellevue,Puget Sound,Stormbreak Rain Jacket,Apparel,Cascade Textiles,2,169.00,68.00,338.00,202.00,1008,Y
7183,2025-10-05,Bellevue,Puget Sound,Headlamp 400,Camping,Sanko Technical,3,44.00,16.00,132.00,84.00,1036,Y
7184,2025-10-05,Seattle Flagship,Puget Sound,Dry Bag 30L,Water,Fraser Valley Rubber,1,42.00,17.00,42.00,25.00,1046,Y
7185,2025-10-05,Spokane,Inland,PFD Vest,Water,Kitsap Forge,2,95.00,38.00,190.00,114.00,1021,Y
7186,2025-10-05,Portland Pearl,Willamette,Trail Runner GTX,Footwear,Fraser Valley Rubber,1,149.00,61.00,149.00,88.00,1022,Y
7187,2025-10-05,Eugene,Willamette,Snowshoe Kit,Snow,Kitsap Forge,1,179.00,76.00,179.00,103.00,1037,Y
7188,2025-10-05,Bellingham,North Cascades,Titanium Cook Set,Camping,Sanko Technical,3,115.00,47.00,345.00,204.00,,N
7189,2025-10-05,Eugene,Willamette,Insulated Camp Bootie,Footwear,Andes Alpaca Co-op,3,50.15,22.00,150.45,84.45,1012,Y
7190,2025-10-05,Bellevue,Puget Sound,Sun Hoody,Apparel,Cascade Textiles,3,62.00,24.00,186.00,114.00,1042,Y
7191,2025-10-05,Seattle Flagship,Puget Sound,Insulated Camp Bootie,Footwear,Andes Alpaca Co-op,1,59.00,22.00,59.00,37.00,1019,Y
7192,2025-10-05,Bellevue,Puget Sound,Titanium Cook Set,Camping,Sanko Technical,1,115.00,47.00,115.00,68.00,1052,Y
7193,2025-10-06,Portland Pearl,Willamette,Cascade Camp Stove,Camping,Kitsap Forge,2,84.00,34.00,168.00,100.00,1019,Y
7194,2025-10-06,Boise,Inland,Fleece Quarter-Zip,Apparel,Cascade Textiles,2,67.15,31.00,134.30,72.30,,N
7195,2025-10-06,Bellevue,Puget Sound,Ridgeline 3P Tent,Camping,Cascade Textiles,1,419.00,168.00,419.00,251.00,1024,Y
7196,2025-10-06,Bellevue,Puget Sound,Ridgeline 3P Tent,Camping,Cascade Textiles,1,419.00,168.00,419.00,251.00,1044,Y
7197,2025-10-06,Bellingham,North Cascades,Down Sweater,Apparel,Olympic Down Works,1,185.00,74.00,185.00,111.00,1016,Y
7198,2025-10-06,Seattle Flagship,Puget Sound,Headlamp 400,Camping,Sanko Technical,2,44.00,16.00,88.00,56.00,1035,Y
7199,2025-10-06,Tacoma,Puget Sound,Merino Hiking Socks,Apparel,Andes Alpaca Co-op,2,24.00,8.50,48.00,31.00,,N
7200,2025-10-07,Bellevue,Puget Sound,Ridgeline 3P Tent,Camping,Cascade Textiles,1,419.00,168.00,419.00,251.00,,N
7201,2025-10-07,Bellevue,Puget Sound,Touring Ski Package,Snow,Nordvik Outdoor,1,806.65,412.00,806.65,394.65,1060,Y
7202,2025-10-07,Boise,Inland,Alpaca Base Layer,Apparel,Andes Alpaca Co-op,1,78.00,29.00,78.00,49.00,1025,Y
7203,2025-10-07,Portland Pearl,Willamette,Down Sweater,Apparel,Olympic Down Works,1,185.00,74.00,185.00,111.00,1017,Y
7204,2025-10-07,Tacoma,Puget Sound,Ski Skins,Snow,Nordvik Outdoor,1,199.00,84.00,199.00,115.00,1001,Y
7205,2025-10-07,Portland Pearl,Willamette,Merino Hiking Socks,Apparel,Andes Alpaca Co-op,1,24.00,8.50,24.00,15.50,1006,Y
7206,2025-10-07,Seattle Flagship,Puget Sound,Avalanche Beacon,Snow,Nordvik Outdoor,1,399.00,178.00,399.00,221.00,1038,Y
7207,2025-10-08,Portland Pearl,Willamette,Nimbus 20F Sleeping Bag,Camping,Olympic Down Works,1,259.00,104.00,259.00,155.00,1059,Y
7208,2025-10-08,Portland Pearl,Willamette,Quickdraw Set of 6,Climbing,Nordvik Outdoor,3,155.00,62.00,465.00,279.00,,N
7209,2025-10-08,Seattle Flagship,Puget Sound,Trailhead Sleeping Pad,Camping,Sanko Technical,1,99.00,41.00,99.00,58.00,1050,Y
7210,2025-10-08,Spokane,Inland,Belay Device,Climbing,Kitsap Forge,3,49.00,19.00,147.00,90.00,,N
7211,2025-10-08,Tacoma,Puget Sound,Alpaca Base Layer,Apparel,Andes Alpaca Co-op,1,78.00,29.00,78.00,49.00,1042,Y
7212,2025-10-08,Bellingham,North Cascades,Insulated Camp Bootie,Footwear,Andes Alpaca Co-op,1,59.00,22.00,59.00,37.00,1046,Y
7213,2025-10-08,Portland Pearl,Willamette,Merino Hiking Socks,Apparel,Andes Alpaca Co-op,1,24.00,8.50,24.00,15.50,1019,Y
7214,2025-10-09,Seattle Flagship,Puget Sound,Cascade Camp Stove,Camping,Kitsap Forge,1,84.00,34.00,84.00,50.00,1048,Y
7215,2025-10-09,Portland Pearl,Willamette,Nimbus 0F Sleeping Bag,Camping,Olympic Down Works,1,339.00,138.00,339.00,201.00,1023,Y
7216,2025-10-09,Eugene,Willamette,Cascade Camp Stove,Camping,Kitsap Forge,1,71.40,34.00,71.40,37.40,1010,Y
7217,2025-10-09,Portland Pearl,Willamette,Nimbus 0F Sleeping Bag,Camping,Olympic Down Works,1,339.00,138.00,339.00,201.00,1010,Y
7218,2025-10-09,Bellingham,North Cascades,Avalanche Beacon,Snow,Nordvik Outdoor,1,399.00,178.00,399.00,221.00,,N
7219,2025-10-09,Bellingham,North Cascades,Ski Skins,Snow,Nordvik Outdoor,1,169.15,84.00,169.15,85.15,,N
7220,2025-10-09,Eugene,Willamette,Nimbus 20F Sleeping Bag,Camping,Olympic Down Works,1,259.00,104.00,259.00,155.00,1028,Y
7221,2025-10-09,Eugene,Willamette,Backcountry Boot,Footwear,Fraser Valley Rubber,1,219.00,88.00,219.00,131.00,,N
7222,2025-10-09,Boise,Inland,Nimbus 0F Sleeping Bag,Camping,Olympic Down Works,1,339.00,138.00,339.00,201.00,1007,Y
7223,2025-10-09,Portland Pearl,Willamette,Inflatable Kayak,Water,Fraser Valley Rubber,1,699.00,289.00,699.00,410.00,1002,Y
7224,2025-10-10,Portland Pearl,Willamette,Chalk Bag,Climbing,Kitsap Forge,3,26.00,9.00,78.00,51.00,1014,Y
7225,2025-10-10,Spokane,Inland,Belay Device,Climbing,Kitsap Forge,1,49.00,19.00,49.00,30.00,,N
7226,2025-10-10,Spokane,Inland,Down Sweater,Apparel,Olympic Down Works,1,185.00,74.00,185.00,111.00,1033,Y
7227,2025-10-10,Portland Pearl,Willamette,Nimbus 0F Sleeping Bag,Camping,Olympic Down Works,1,339.00,138.00,339.00,201.00,1022,Y
7228,2025-10-10,Eugene,Willamette,Ski Skins,Snow,Nordvik Outdoor,2,199.00,84.00,398.00,230.00,1043,Y
7229,2025-10-10,Bellevue,Puget Sound,Quickdraw Set of 6,Climbing,Nordvik Outdoor,1,155.00,62.00,155.00,93.00,1022,Y
7230,2025-10-10,Spokane,Inland,Down Sweater,Apparel,Olympic Down Works,3,185.00,74.00,555.00,333.00,1019,Y
7231,2025-10-10,Seattle Flagship,Puget Sound,Down Sweater,Apparel,Olympic Down Works,1,185.00,74.00,185.00,111.00,1032,Y
7232,2025-10-10,Portland Pearl,Willamette,Inflatable Kayak,Water,Fraser Valley Rubber,1,699.00,289.00,699.00,410.00,1018,Y
7233,2025-10-10,Bellingham,North Cascades,Stormbreak Rain Jacket,Apparel,Cascade Textiles,1,169.00,68.00,169.00,101.00,,N
7234,2025-10-10,Seattle Flagship,Puget Sound,Touring Ski Package,Snow,Nordvik Outdoor,1,949.00,412.00,949.00,537.00,,N
7235,2025-10-10,Eugene,Willamette,Nimbus 20F Sleeping Bag,Camping,Olympic Down Works,1,259.00,104.00,259.00,155.00,1035,Y
7236,2025-10-11,Seattle Flagship,Puget Sound,Dry Bag 30L,Water,Fraser Valley Rubber,2,35.70,17.00,71.40,37.40,1025,Y
7237,2025-10-11,Seattle Flagship,Puget Sound,Paddle Carbon,Water,Sanko Technical,1,237.15,112.00,237.15,125.15,,N
7238,2025-10-11,Seattle Flagship,Puget Sound,Ski Skins,Snow,Nordvik Outdoor,1,199.00,84.00,199.00,115.00,1023,Y
7239,2025-10-11,Seattle Flagship,Puget Sound,Paddle Carbon,Water,Sanko Technical,1,279.00,112.00,279.00,167.00,,N
7240,2025-10-11,Seattle Flagship,Puget Sound,Trail Convertible Pant,Apparel,Cascade Textiles,1,75.65,36.00,75.65,39.65,1009,Y
7241,2025-10-11,Portland Pearl,Willamette,Paddle Carbon,Water,Sanko Technical,1,279.00,112.00,279.00,167.00,1039,Y
7242,2025-10-11,Eugene,Willamette,Ski Skins,Snow,Nordvik Outdoor,2,199.00,84.00,398.00,230.00,1042,Y
7243,2025-10-12,Portland Pearl,Willamette,Approach Shoe,Footwear,Fraser Valley Rubber,1,129.00,52.00,129.00,77.00,1035,Y
7244,2025-10-12,Bellingham,North Cascades,Quickdraw Set of 6,Climbing,Nordvik Outdoor,2,131.75,62.00,263.50,139.50,1054,Y
7245,2025-10-12,Seattle Flagship,Puget Sound,Ridgeline 3P Tent,Camping,Cascade Textiles,1,419.00,168.00,419.00,251.00,1060,Y
7246,2025-10-12,Seattle Flagship,Puget Sound,Nimbus 20F Sleeping Bag,Camping,Olympic Down Works,1,259.00,104.00,259.00,155.00,1028,Y
7247,2025-10-12,Bellingham,North Cascades,Alpaca Base Layer,Apparel,Andes Alpaca Co-op,1,78.00,29.00,78.00,49.00,1004,Y
7248,2025-10-13,Seattle Flagship,Puget Sound,Sun Hoody,Apparel,Cascade Textiles,1,62.00,24.00,62.00,38.00,1028,Y
7249,2025-10-13,Bellingham,North Cascades,Chalk Bag,Climbing,Kitsap Forge,1,26.00,9.00,26.00,17.00,,N
7250,2025-10-13,Tacoma,Puget Sound,Vertex Climbing Harness,Climbing,Kitsap Forge,3,105.00,43.00,315.00,186.00,1018,Y
7251,2025-10-13,Bellingham,North Cascades,Dynamic Rope 60m,Climbing,Nordvik Outdoor,1,239.00,98.00,239.00,141.00,1033,Y
7252,2025-10-13,Tacoma,Puget Sound,Insulated Camp Bootie,Footwear,Andes Alpaca Co-op,2,59.00,22.00,118.00,74.00,1002,Y
7253,2025-10-13,Spokane,Inland,Avalanche Beacon,Snow,Nordvik Outdoor,1,399.00,178.00,399.00,221.00,1022,Y
7254,2025-10-13,Portland Pearl,Willamette,Touring Ski Package,Snow,Nordvik Outdoor,1,949.00,412.00,949.00,537.00,1049,Y
7255,2025-10-13,Portland Pearl,Willamette,Paddle Carbon,Water,Sanko Technical,1,279.00,112.00,279.00,167.00,1058,Y
7256,2025-10-13,Bellevue,Puget Sound,Basecamp 65L Pack,Camping,Olympic Down Works,1,229.00,96.00,229.00,133.00,1017,Y
7257,2025-10-13,Bellingham,North Cascades,Summit Shell Jacket,Apparel,Cascade Textiles,1,299.00,121.00,299.00,178.00,,N
7258,2025-10-13,Boise,Inland,Nimbus 0F Sleeping Bag,Camping,Olympic Down Works,1,339.00,138.00,339.00,201.00,,N
7259,2025-10-13,Spokane,Inland,Alpaca Base Layer,Apparel,Andes Alpaca Co-op,1,78.00,29.00,78.00,49.00,,N
7260,2025-10-14,Seattle Flagship,Puget Sound,Quickdraw Set of 6,Climbing,Nordvik Outdoor,2,155.00,62.00,310.00,186.00,1018,Y
7261,2025-10-14,Seattle Flagship,Puget Sound,Ridgeline 3P Tent,Camping,Cascade Textiles,1,419.00,168.00,419.00,251.00,1050,Y
7262,2025-10-14,Bellevue,Puget Sound,Merino Hiking Socks,Apparel,Andes Alpaca Co-op,2,24.00,8.50,48.00,31.00,1038,Y
7263,2025-10-14,Bellevue,Puget Sound,PFD Vest,Water,Kitsap Forge,3,95.00,38.00,285.00,171.00,1030,Y
7264,2025-10-14,Seattle Flagship,Puget Sound,Chalk Bag,Climbing,Kitsap Forge,1,26.00,9.00,26.00,17.00,1045,Y
7265,2025-10-14,Tacoma,Puget Sound,Dynamic Rope 60m,Climbing,Nordvik Outdoor,1,239.00,98.00,239.00,141.00,1043,Y
7266,2025-10-14,Portland Pearl,Willamette,Trail Convertible Pant,Apparel,Cascade Textiles,3,89.00,36.00,267.00,159.00,1032,Y
7267,2025-10-14,Portland Pearl,Willamette,Trail Convertible Pant,Apparel,Cascade Textiles,3,89.00,36.00,267.00,159.00,1011,Y
7268,2025-10-14,Tacoma,Puget Sound,Nimbus 0F Sleeping Bag,Camping,Olympic Down Works,1,339.00,138.00,339.00,201.00,1011,Y
7269,2025-10-14,Seattle Flagship,Puget Sound,Ski Skins,Snow,Nordvik Outdoor,1,199.00,84.00,199.00,115.00,1050,Y
7270,2025-10-14,Spokane,Inland,Paddle Carbon,Water,Sanko Technical,1,279.00,112.00,279.00,167.00,,N
7271,2025-10-14,Seattle Flagship,Puget Sound,Titanium Cook Set,Camping,Sanko Technical,1,97.75,47.00,97.75,50.75,1010,Y
7272,2025-10-15,Seattle Flagship,Puget Sound,Backcountry Boot,Footwear,Fraser Valley Rubber,1,219.00,88.00,219.00,131.00,1044,Y
7273,2025-10-15,Tacoma,Puget Sound,Merino Hiking Socks,Apparel,Andes Alpaca Co-op,2,24.00,8.50,48.00,31.00,1017,Y
7274,2025-10-15,Boise,Inland,Fleece Quarter-Zip,Apparel,Cascade Textiles,3,79.00,31.00,237.00,144.00,1009,Y
7275,2025-10-15,Spokane,Inland,Touring Ski Package,Snow,Nordvik Outdoor,1,949.00,412.00,949.00,537.00,1052,Y
7276,2025-10-15,Portland Pearl,Willamette,Headlamp 400,Camping,Sanko Technical,1,44.00,16.00,44.00,28.00,1033,Y
7277,2025-10-15,Portland Pearl,Willamette,Insulated Camp Bootie,Footwear,Andes Alpaca Co-op,1,59.00,22.00,59.00,37.00,1004,Y
7278,2025-10-15,Bellingham,North Cascades,Trailhead Sleeping Pad,Camping,Sanko Technical,1,99.00,41.00,99.00,58.00,,N
7279,2025-10-15,Spokane,Inland,Chalk Bag,Climbing,Kitsap Forge,3,22.10,9.00,66.30,39.30,1016,Y
7280,2025-10-16,Tacoma,Puget Sound,Alpaca Base Layer,Apparel,Andes Alpaca Co-op,1,78.00,29.00,78.00,49.00,1006,Y
7281,2025-10-16,Spokane,Inland,Dynamic Rope 60m,Climbing,Nordvik Outdoor,1,239.00,98.00,239.00,141.00,1019,Y
7282,2025-10-16,Spokane,Inland,Nimbus 0F Sleeping Bag,Camping,Olympic Down Works,1,339.00,138.00,339.00,201.00,1015,Y
7283,2025-10-16,Eugene,Willamette,Trail Runner GTX,Footwear,Fraser Valley Rubber,3,149.00,61.00,447.00,264.00,1023,Y
7284,2025-10-16,Boise,Inland,Merino Hiking Socks,Apparel,Andes Alpaca Co-op,3,24.00,8.50,72.00,46.50,1018,Y
7285,2025-10-16,Seattle Flagship,Puget Sound,Avalanche Beacon,Snow,Nordvik Outdoor,1,399.00,178.00,399.00,221.00,1013,Y
7286,2025-10-16,Portland Pearl,Willamette,Paddle Carbon,Water,Sanko Technical,1,279.00,112.00,279.00,167.00,1051,Y
7287,2025-10-16,Tacoma,Puget Sound,Quickdraw Set of 6,Climbing,Nordvik Outdoor,2,155.00,62.00,310.00,186.00,,N
7288,2025-10-17,Bellevue,Puget Sound,Cascade Camp Stove,Camping,Kitsap Forge,2,84.00,34.00,168.00,100.00,1013,Y
7289,2025-10-17,Eugene,Willamette,Belay Device,Climbing,Kitsap Forge,1,49.00,19.00,49.00,30.00,,N
7290,2025-10-17,Seattle Flagship,Puget Sound,Insulated Camp Bootie,Footwear,Andes Alpaca Co-op,1,59.00,22.00,59.00,37.00,1042,Y
7291,2025-10-17,Seattle Flagship,Puget Sound,Trail Runner GTX,Footwear,Fraser Valley Rubber,1,149.00,61.00,149.00,88.00,1043,Y
7292,2025-10-17,Boise,Inland,Alpaca Base Layer,Apparel,Andes Alpaca Co-op,2,78.00,29.00,156.00,98.00,1002,Y
7293,2025-10-17,Portland Pearl,Willamette,Touring Ski Package,Snow,Nordvik Outdoor,1,949.00,412.00,949.00,537.00,1004,Y
7294,2025-10-17,Bellevue,Puget Sound,Trailhead Sleeping Pad,Camping,Sanko Technical,1,99.00,41.00,99.00,58.00,1003,Y
7295,2025-10-17,Seattle Flagship,Puget Sound,Ridgeline 3P Tent,Camping,Cascade Textiles,1,419.00,168.00,419.00,251.00,1015,Y
7296,2025-10-17,Spokane,Inland,Trail Runner GTX,Footwear,Fraser Valley Rubber,1,149.00,61.00,149.00,88.00,1018,Y
7297,2025-10-17,Bellevue,Puget Sound,PFD Vest,Water,Kitsap Forge,3,95.00,38.00,285.00,171.00,1004,Y
7298,2025-10-18,Bellevue,Puget Sound,Dynamic Rope 60m,Climbing,Nordvik Outdoor,1,239.00,98.00,239.00,141.00,1012,Y
7299,2025-10-18,Tacoma,Puget Sound,Insulated Camp Bootie,Footwear,Andes Alpaca Co-op,1,59.00,22.00,59.00,37.00,1029,Y
7300,2025-10-18,Tacoma,Puget Sound,Quickdraw Set of 6,Climbing,Nordvik Outdoor,2,155.00,62.00,310.00,186.00,1058,Y
7301,2025-10-18,Bellingham,North Cascades,Dry Bag 30L,Water,Fraser Valley Rubber,1,42.00,17.00,42.00,25.00,,N
7302,2025-10-18,Portland Pearl,Willamette,Paddle Carbon,Water,Sanko Technical,1,279.00,112.00,279.00,167.00,1032,Y
7303,2025-10-18,Tacoma,Puget Sound,Belay Device,Climbing,Kitsap Forge,1,49.00,19.00,49.00,30.00,1031,Y
7304,2025-10-19,Portland Pearl,Willamette,Stormbreak Rain Jacket,Apparel,Cascade Textiles,1,169.00,68.00,169.00,101.00,1020,Y
7305,2025-10-19,Seattle Flagship,Puget Sound,Summit Shell Jacket,Apparel,Cascade Textiles,1,299.00,121.00,299.00,178.00,1044,Y
7306,2025-10-19,Bellevue,Puget Sound,Dry Bag 30L,Water,Fraser Valley Rubber,1,42.00,17.00,42.00,25.00,,N
7307,2025-10-19,Eugene,Willamette,Ridgeline 3P Tent,Camping,Cascade Textiles,1,419.00,168.00,419.00,251.00,1001,Y
7308,2025-10-19,Bellevue,Puget Sound,Paddle Carbon,Water,Sanko Technical,1,279.00,112.00,279.00,167.00,1017,Y
7309,2025-10-19,Boise,Inland,Approach Shoe,Footwear,Fraser Valley Rubber,1,129.00,52.00,129.00,77.00,,N
7310,2025-10-19,Spokane,Inland,Snowshoe Kit,Snow,Kitsap Forge,2,179.00,76.00,358.00,206.00,,N
7311,2025-10-19,Portland Pearl,Willamette,Paddle Carbon,Water,Sanko Technical,1,279.00,112.00,279.00,167.00,1018,Y
7312,2025-10-19,Tacoma,Puget Sound,Cascade Camp Stove,Camping,Kitsap Forge,3,84.00,34.00,252.00,150.00,1006,Y
7313,2025-10-19,Portland Pearl,Willamette,Touring Ski Package,Snow,Nordvik Outdoor,1,949.00,412.00,949.00,537.00,1034,Y
7314,2025-10-19,Eugene,Willamette,Chalk Bag,Climbing,Kitsap Forge,1,26.00,9.00,26.00,17.00,1020,Y
7315,2025-10-19,Tacoma,Puget Sound,Fleece Quarter-Zip,Apparel,Cascade Textiles,2,79.00,31.00,158.00,96.00,1037,Y
7316,2025-10-20,Seattle Flagship,Puget Sound,Sun Hoody,Apparel,Cascade Textiles,2,62.00,24.00,124.00,76.00,1038,Y
7317,2025-10-20,Seattle Flagship,Puget Sound,Summit Shell Jacket,Apparel,Cascade Textiles,1,254.15,121.00,254.15,133.15,1055,Y
7318,2025-10-20,Portland Pearl,Willamette,Belay Device,Climbing,Kitsap Forge,2,49.00,19.00,98.00,60.00,1012,Y
7319,2025-10-20,Bellevue,Puget Sound,Trailhead Sleeping Pad,Camping,Sanko Technical,1,99.00,41.00,99.00,58.00,1009,Y
7320,2025-10-20,Portland Pearl,Willamette,Titanium Cook Set,Camping,Sanko Technical,1,115.00,47.00,115.00,68.00,1057,Y
7321,2025-10-20,Eugene,Willamette,Alpaca Base Layer,Apparel,Andes Alpaca Co-op,2,78.00,29.00,156.00,98.00,1060,Y
7322,2025-10-20,Boise,Inland,Touring Ski Package,Snow,Nordvik Outdoor,1,949.00,412.00,949.00,537.00,1046,Y
7323,2025-10-20,Bellingham,North Cascades,Ski Skins,Snow,Nordvik Outdoor,2,199.00,84.00,398.00,230.00,1003,Y
7324,2025-10-20,Tacoma,Puget Sound,Backcountry Boot,Footwear,Fraser Valley Rubber,1,219.00,88.00,219.00,131.00,1028,Y
7325,2025-10-20,Portland Pearl,Willamette,Backcountry Boot,Footwear,Fraser Valley Rubber,1,219.00,88.00,219.00,131.00,1019,Y
7326,2025-10-20,Seattle Flagship,Puget Sound,Nimbus 0F Sleeping Bag,Camping,Olympic Down Works,1,339.00,138.00,339.00,201.00,1041,Y
7327,2025-10-20,Seattle Flagship,Puget Sound,Backcountry Boot,Footwear,Fraser Valley Rubber,1,219.00,88.00,219.00,131.00,1045,Y
7328,2025-10-20,Bellevue,Puget Sound,Fleece Quarter-Zip,Apparel,Cascade Textiles,3,79.00,31.00,237.00,144.00,1020,Y
7329,2025-10-21,Seattle Flagship,Puget Sound,Cascade Camp Stove,Camping,Kitsap Forge,3,84.00,34.00,252.00,150.00,1049,Y
7330,2025-10-21,Bellevue,Puget Sound,Trailhead Sleeping Pad,Camping,Sanko Technical,3,99.00,41.00,297.00,174.00,1009,Y
7331,2025-10-21,Tacoma,Puget Sound,Touring Ski Package,Snow,Nordvik Outdoor,1,949.00,412.00,949.00,537.00,1004,Y
7332,2025-10-21,Boise,Inland,Inflatable Kayak,Water,Fraser Valley Rubber,1,699.00,289.00,699.00,410.00,1035,Y
7333,2025-10-21,Seattle Flagship,Puget Sound,Ski Skins,Snow,Nordvik Outdoor,1,199.00,84.00,199.00,115.00,1048,Y
7334,2025-10-21,Seattle Flagship,Puget Sound,Fleece Quarter-Zip,Apparel,Cascade Textiles,1,67.15,31.00,67.15,36.15,1030,Y
7335,2025-10-21,Seattle Flagship,Puget Sound,Avalanche Beacon,Snow,Nordvik Outdoor,1,399.00,178.00,399.00,221.00,,N
7336,2025-10-22,Seattle Flagship,Puget Sound,Belay Device,Climbing,Kitsap Forge,3,49.00,19.00,147.00,90.00,1008,Y
7337,2025-10-22,Spokane,Inland,Touring Ski Package,Snow,Nordvik Outdoor,1,949.00,412.00,949.00,537.00,1043,Y
7338,2025-10-22,Bellevue,Puget Sound,Stormbreak Rain Jacket,Apparel,Cascade Textiles,2,169.00,68.00,338.00,202.00,1034,Y
7339,2025-10-22,Bellevue,Puget Sound,Insulated Camp Bootie,Footwear,Andes Alpaca Co-op,1,59.00,22.00,59.00,37.00,1039,Y
7340,2025-10-22,Tacoma,Puget Sound,Chalk Bag,Climbing,Kitsap Forge,2,26.00,9.00,52.00,34.00,1046,Y
7341,2025-10-22,Bellevue,Puget Sound,Alpine 45L Pack,Camping,Olympic Down Works,1,189.00,78.00,189.00,111.00,1011,Y
7342,2025-10-22,Tacoma,Puget Sound,Quickdraw Set of 6,Climbing,Nordvik Outdoor,2,131.75,62.00,263.50,139.50,1055,Y
7343,2025-10-22,Portland Pearl,Willamette,Insulated Camp Bootie,Footwear,Andes Alpaca Co-op,2,59.00,22.00,118.00,74.00,1041,Y
7344,2025-10-22,Seattle Flagship,Puget Sound,Paddle Carbon,Water,Sanko Technical,1,279.00,112.00,279.00,167.00,1012,Y
7345,2025-10-23,Eugene,Willamette,Trailhead Sleeping Pad,Camping,Sanko Technical,1,99.00,41.00,99.00,58.00,1059,Y
7346,2025-10-23,Tacoma,Puget Sound,Ski Skins,Snow,Nordvik Outdoor,3,199.00,84.00,597.00,345.00,1022,Y
7347,2025-10-24,Tacoma,Puget Sound,Quickdraw Set of 6,Climbing,Nordvik Outdoor,1,155.00,62.00,155.00,93.00,1057,Y
7348,2025-10-24,Eugene,Willamette,Dynamic Rope 60m,Climbing,Nordvik Outdoor,1,239.00,98.00,239.00,141.00,1039,Y
7349,2025-10-24,Bellingham,North Cascades,Paddle Carbon,Water,Sanko Technical,1,279.00,112.00,279.00,167.00,1030,Y
7350,2025-10-24,Portland Pearl,Willamette,Touring Ski Package,Snow,Nordvik Outdoor,1,806.65,412.00,806.65,394.65,1036,Y
7351,2025-10-24,Spokane,Inland,Avalanche Beacon,Snow,Nordvik Outdoor,1,399.00,178.00,399.00,221.00,,N
7352,2025-10-24,Seattle Flagship,Puget Sound,Cascade Camp Stove,Camping,Kitsap Forge,2,84.00,34.00,168.00,100.00,,N
7353,2025-10-24,Bellingham,North Cascades,Sun Hoody,Apparel,Cascade Textiles,1,62.00,24.00,62.00,38.00,1025,Y
7354,2025-10-24,Bellingham,North Cascades,Chalk Bag,Climbing,Kitsap Forge,2,26.00,9.00,52.00,34.00,,N
7355,2025-10-24,Tacoma,Puget Sound,Alpaca Base Layer,Apparel,Andes Alpaca Co-op,2,78.00,29.00,156.00,98.00,1017,Y
7356,2025-10-24,Seattle Flagship,Puget Sound,Avalanche Beacon,Snow,Nordvik Outdoor,1,399.00,178.00,399.00,221.00,1058,Y
7357,2025-10-24,Seattle Flagship,Puget Sound,Avalanche Beacon,Snow,Nordvik Outdoor,1,399.00,178.00,399.00,221.00,1059,Y
7358,2025-10-24,Bellingham,North Cascades,Snowshoe Kit,Snow,Kitsap Forge,1,179.00,76.00,179.00,103.00,,N
7359,2025-10-25,Portland Pearl,Willamette,Alpine 45L Pack,Camping,Olympic Down Works,3,189.00,78.00,567.00,333.00,1048,Y
7360,2025-10-25,Bellingham,North Cascades,Inflatable Kayak,Water,Fraser Valley Rubber,1,699.00,289.00,699.00,410.00,,N
7361,2025-10-25,Seattle Flagship,Puget Sound,Headlamp 400,Camping,Sanko Technical,2,44.00,16.00,88.00,56.00,1029,Y
7362,2025-10-26,Seattle Flagship,Puget Sound,Avalanche Beacon,Snow,Nordvik Outdoor,1,399.00,178.00,399.00,221.00,1043,Y
7363,2025-10-26,Bellevue,Puget Sound,Insulated Camp Bootie,Footwear,Andes Alpaca Co-op,2,59.00,22.00,118.00,74.00,1003,Y
7364,2025-10-27,Bellevue,Puget Sound,Inflatable Kayak,Water,Fraser Valley Rubber,1,699.00,289.00,699.00,410.00,1028,Y
7365,2025-10-27,Spokane,Inland,Snowshoe Kit,Snow,Kitsap Forge,3,179.00,76.00,537.00,309.00,1051,Y
7366,2025-10-27,Seattle Flagship,Puget Sound,Cascade Camp Stove,Camping,Kitsap Forge,3,71.40,34.00,214.20,112.20,1014,Y
7367,2025-10-27,Boise,Inland,Insulated Camp Bootie,Footwear,Andes Alpaca Co-op,2,59.00,22.00,118.00,74.00,1045,Y
7368,2025-10-27,Spokane,Inland,Insulated Camp Bootie,Footwear,Andes Alpaca Co-op,3,59.00,22.00,177.00,111.00,1044,Y
7369,2025-10-27,Portland Pearl,Willamette,Titanium Cook Set,Camping,Sanko Technical,1,115.00,47.00,115.00,68.00,1009,Y
7370,2025-10-28,Boise,Inland,Headlamp 400,Camping,Sanko Technical,1,44.00,16.00,44.00,28.00,1049,Y
7371,2025-10-28,Bellingham,North Cascades,Paddle Carbon,Water,Sanko Technical,1,279.00,112.00,279.00,167.00,,N
7372,2025-10-28,Tacoma,Puget Sound,Alpaca Base Layer,Apparel,Andes Alpaca Co-op,3,78.00,29.00,234.00,147.00,1047,Y
7373,2025-10-28,Bellevue,Puget Sound,Inflatable Kayak,Water,Fraser Valley Rubber,1,594.15,289.00,594.15,305.15,1043,Y
7374,2025-10-28,Bellevue,Puget Sound,Snowshoe Kit,Snow,Kitsap Forge,1,179.00,76.00,179.00,103.00,1019,Y
7375,2025-10-28,Spokane,Inland,Trail Convertible Pant,Apparel,Cascade Textiles,1,89.00,36.00,89.00,53.00,1014,Y
7376,2025-10-28,Tacoma,Puget Sound,Belay Device,Climbing,Kitsap Forge,3,49.00,19.00,147.00,90.00,1008,Y
7377,2025-10-28,Bellevue,Puget Sound,Summit Shell Jacket,Apparel,Cascade Textiles,1,299.00,121.00,299.00,178.00,1006,Y
7378,2025-10-28,Bellingham,North Cascades,Titanium Cook Set,Camping,Sanko Technical,2,115.00,47.00,230.00,136.00,,N
7379,2025-10-28,Bellevue,Puget Sound,Merino Hiking Socks,Apparel,Andes Alpaca Co-op,1,24.00,8.50,24.00,15.50,1033,Y
7380,2025-10-28,Spokane,Inland,Chalk Bag,Climbing,Kitsap Forge,3,26.00,9.00,78.00,51.00,1054,Y
7381,2025-10-28,Seattle Flagship,Puget Sound,Trailhead Sleeping Pad,Camping,Sanko Technical,3,99.00,41.00,297.00,174.00,,N
7382,2025-10-28,Seattle Flagship,Puget Sound,Trail Convertible Pant,Apparel,Cascade Textiles,2,89.00,36.00,178.00,106.00,1010,Y
7383,2025-10-29,Seattle Flagship,Puget Sound,Headlamp 400,Camping,Sanko Technical,1,44.00,16.00,44.00,28.00,1059,Y
7384,2025-10-29,Seattle Flagship,Puget Sound,Summit Shell Jacket,Apparel,Cascade Textiles,1,299.00,121.00,299.00,178.00,1054,Y
7385,2025-10-29,Spokane,Inland,Trail Runner GTX,Footwear,Fraser Valley Rubber,1,149.00,61.00,149.00,88.00,1020,Y
7386,2025-10-29,Bellevue,Puget Sound,Down Sweater,Apparel,Olympic Down Works,3,185.00,74.00,555.00,333.00,1051,Y
7387,2025-10-29,Spokane,Inland,Inflatable Kayak,Water,Fraser Valley Rubber,1,699.00,289.00,699.00,410.00,1019,Y
7388,2025-10-29,Portland Pearl,Willamette,Ridgeline 2P Tent,Camping,Cascade Textiles,1,349.00,142.00,349.00,207.00,1007,Y
7389,2025-10-29,Seattle Flagship,Puget Sound,Ridgeline 2P Tent,Camping,Cascade Textiles,1,349.00,142.00,349.00,207.00,1038,Y
7390,2025-10-29,Bellevue,Puget Sound,Cascade Camp Stove,Camping,Kitsap Forge,2,84.00,34.00,168.00,100.00,1059,Y
7391,2025-10-29,Eugene,Willamette,Backcountry Boot,Footwear,Fraser Valley Rubber,1,219.00,88.00,219.00,131.00,1031,Y
7392,2025-10-29,Tacoma,Puget Sound,Backcountry Boot,Footwear,Fraser Valley Rubber,1,219.00,88.00,219.00,131.00,1012,Y
7393,2025-10-29,Tacoma,Puget Sound,Stormbreak Rain Jacket,Apparel,Cascade Textiles,2,169.00,68.00,338.00,202.00,1059,Y
7394,2025-10-30,Portland Pearl,Willamette,Trail Runner GTX,Footwear,Fraser Valley Rubber,2,149.00,61.00,298.00,176.00,,N
7395,2025-10-30,Bellevue,Puget Sound,Cascade Camp Stove,Camping,Kitsap Forge,3,84.00,34.00,252.00,150.00,1051,Y
7396,2025-10-30,Spokane,Inland,Dynamic Rope 60m,Climbing,Nordvik Outdoor,1,239.00,98.00,239.00,141.00,1014,Y
7397,2025-10-30,Portland Pearl,Willamette,Alpine 45L Pack,Camping,Olympic Down Works,1,189.00,78.00,189.00,111.00,1014,Y
7398,2025-10-30,Bellevue,Puget Sound,Trailhead Sleeping Pad,Camping,Sanko Technical,1,99.00,41.00,99.00,58.00,1037,Y
7399,2025-10-30,Tacoma,Puget Sound,PFD Vest,Water,Kitsap Forge,2,95.00,38.00,190.00,114.00,1057,Y
7400,2025-10-30,Portland Pearl,Willamette,Trail Convertible Pant,Apparel,Cascade Textiles,1,89.00,36.00,89.00,53.00,,N
7401,2025-10-30,Seattle Flagship,Puget Sound,Sun Hoody,Apparel,Cascade Textiles,1,62.00,24.00,62.00,38.00,1012,Y
7402,2025-10-30,Portland Pearl,Willamette,Dry Bag 30L,Water,Fraser Valley Rubber,1,42.00,17.00,42.00,25.00,1028,Y
7403,2025-10-30,Bellevue,Puget Sound,Insulated Camp Bootie,Footwear,Andes Alpaca Co-op,1,59.00,22.00,59.00,37.00,,N
7404,2025-10-30,Bellevue,Puget Sound,Ridgeline 2P Tent,Camping,Cascade Textiles,1,349.00,142.00,349.00,207.00,1050,Y
7405,2025-10-30,Boise,Inland,Paddle Carbon,Water,Sanko Technical,1,279.00,112.00,279.00,167.00,1044,Y
7406,2025-10-30,Spokane,Inland,Merino Hiking Socks,Apparel,Andes Alpaca Co-op,1,24.00,8.50,24.00,15.50,1028,Y
7407,2025-10-31,Tacoma,Puget Sound,Nimbus 0F Sleeping Bag,Camping,Olympic Down Works,1,339.00,138.00,339.00,201.00,1054,Y
7408,2025-10-31,Bellevue,Puget Sound,Snowshoe Kit,Snow,Kitsap Forge,3,179.00,76.00,537.00,309.00,1054,Y
7409,2025-10-31,Bellingham,North Cascades,Vertex Climbing Harness,Climbing,Kitsap Forge,1,105.00,43.00,105.00,62.00,,N
7410,2025-10-31,Portland Pearl,Willamette,Snowshoe Kit,Snow,Kitsap Forge,1,179.00,76.00,179.00,103.00,1035,Y
7411,2025-10-31,Spokane,Inland,Snowshoe Kit,Snow,Kitsap Forge,3,152.15,76.00,456.45,228.45,1011,Y
7412,2025-10-31,Bellevue,Puget Sound,Dry Bag 30L,Water,Fraser Valley Rubber,3,42.00,17.00,126.00,75.00,1010,Y
7413,2025-10-31,Tacoma,Puget Sound,Ridgeline 3P Tent,Camping,Cascade Textiles,1,356.15,168.00,356.15,188.15,1044,Y
7414,2025-10-31,Bellevue,Puget Sound,Titanium Cook Set,Camping,Sanko Technical,1,115.00,47.00,115.00,68.00,1015,Y
7415,2025-10-31,Bellingham,North Cascades,Chalk Bag,Climbing,Kitsap Forge,2,26.00,9.00,52.00,34.00,,N
7416,2025-10-31,Boise,Inland,Touring Ski Package,Snow,Nordvik Outdoor,1,949.00,412.00,949.00,537.00,1012,Y
7417,2025-11-01,Boise,Inland,Down Sweater,Apparel,Olympic Down Works,1,185.00,74.00,185.00,111.00,1035,Y
7418,2025-11-01,Portland Pearl,Willamette,Paddle Carbon,Water,Sanko Technical,1,279.00,112.00,279.00,167.00,1023,Y
7419,2025-11-01,Bellingham,North Cascades,Down Sweater,Apparel,Olympic Down Works,1,185.00,74.00,185.00,111.00,1047,Y
7420,2025-11-01,Seattle Flagship,Puget Sound,Headlamp 400,Camping,Sanko Technical,1,44.00,16.00,44.00,28.00,1025,Y
7421,2025-11-01,Seattle Flagship,Puget Sound,Merino Hiking Socks,Apparel,Andes Alpaca Co-op,1,24.00,8.50,24.00,15.50,1017,Y
7422,2025-11-01,Seattle Flagship,Puget Sound,Cascade Camp Stove,Camping,Kitsap Forge,1,84.00,34.00,84.00,50.00,1038,Y
7423,2025-11-01,Seattle Flagship,Puget Sound,Backcountry Boot,Footwear,Fraser Valley Rubber,1,186.15,88.00,186.15,98.15,1035,Y
7424,2025-11-01,Spokane,Inland,Cascade Camp Stove,Camping,Kitsap Forge,1,84.00,34.00,84.00,50.00,,N
7425,2025-11-01,Eugene,Willamette,Approach Shoe,Footwear,Fraser Valley Rubber,1,129.00,52.00,129.00,77.00,1058,Y
7426,2025-11-01,Bellevue,Puget Sound,Trail Convertible Pant,Apparel,Cascade Textiles,3,89.00,36.00,267.00,159.00,1045,Y
7427,2025-11-01,Portland Pearl,Willamette,Titanium Cook Set,Camping,Sanko Technical,1,115.00,47.00,115.00,68.00,1047,Y
7428,2025-11-02,Bellevue,Puget Sound,PFD Vest,Water,Kitsap Forge,2,95.00,38.00,190.00,114.00,1011,Y
7429,2025-11-02,Tacoma,Puget Sound,Dry Bag 30L,Water,Fraser Valley Rubber,3,35.70,17.00,107.10,56.10,1047,Y
7430,2025-11-02,Seattle Flagship,Puget Sound,Headlamp 400,Camping,Sanko Technical,3,44.00,16.00,132.00,84.00,1007,Y
7431,2025-11-02,Seattle Flagship,Puget Sound,Touring Ski Package,Snow,Nordvik Outdoor,1,806.65,412.00,806.65,394.65,1023,Y
7432,2025-11-02,Tacoma,Puget Sound,Insulated Camp Bootie,Footwear,Andes Alpaca Co-op,2,59.00,22.00,118.00,74.00,1056,Y
7433,2025-11-02,Tacoma,Puget Sound,Approach Shoe,Footwear,Fraser Valley Rubber,1,109.65,52.00,109.65,57.65,1049,Y
7434,2025-11-03,Seattle Flagship,Puget Sound,Ski Skins,Snow,Nordvik Outdoor,2,199.00,84.00,398.00,230.00,1057,Y
7435,2025-11-03,Spokane,Inland,Merino Hiking Socks,Apparel,Andes Alpaca Co-op,1,24.00,8.50,24.00,15.50,1049,Y
7436,2025-11-03,Tacoma,Puget Sound,Avalanche Beacon,Snow,Nordvik Outdoor,1,399.00,178.00,399.00,221.00,1053,Y
7437,2025-11-03,Tacoma,Puget Sound,Snowshoe Kit,Snow,Kitsap Forge,3,179.00,76.00,537.00,309.00,1007,Y
7438,2025-11-03,Boise,Inland,Vertex Climbing Harness,Climbing,Kitsap Forge,1,105.00,43.00,105.00,62.00,,N
7439,2025-11-03,Spokane,Inland,Alpaca Base Layer,Apparel,Andes Alpaca Co-op,2,78.00,29.00,156.00,98.00,1034,Y
7440,2025-11-03,Portland Pearl,Willamette,Nimbus 20F Sleeping Bag,Camping,Olympic Down Works,1,259.00,104.00,259.00,155.00,1039,Y
7441,2025-11-03,Bellingham,North Cascades,Titanium Cook Set,Camping,Sanko Technical,2,97.75,47.00,195.50,101.50,1022,Y
7442,2025-11-03,Boise,Inland,Titanium Cook Set,Camping,Sanko Technical,2,115.00,47.00,230.00,136.00,1034,Y
7443,2025-11-04,Bellevue,Puget Sound,Alpaca Base Layer,Apparel,Andes Alpaca Co-op,3,78.00,29.00,234.00,147.00,1023,Y
7444,2025-11-04,Eugene,Willamette,Ski Skins,Snow,Nordvik Outdoor,3,199.00,84.00,597.00,345.00,1011,Y
7445,2025-11-04,Seattle Flagship,Puget Sound,Headlamp 400,Camping,Sanko Technical,1,44.00,16.00,44.00,28.00,1013,Y
7446,2025-11-04,Eugene,Willamette,Down Sweater,Apparel,Olympic Down Works,2,185.00,74.00,370.00,222.00,1001,Y
7447,2025-11-04,Portland Pearl,Willamette,Alpine 45L Pack,Camping,Olympic Down Works,1,189.00,78.00,189.00,111.00,1021,Y
7448,2025-11-04,Spokane,Inland,Snowshoe Kit,Snow,Kitsap Forge,3,179.00,76.00,537.00,309.00,1038,Y
7449,2025-11-05,Bellevue,Puget Sound,Backcountry Boot,Footwear,Fraser Valley Rubber,1,186.15,88.00,186.15,98.15,1059,Y
7450,2025-11-05,Portland Pearl,Willamette,Headlamp 400,Camping,Sanko Technical,2,44.00,16.00,88.00,56.00,,N
7451,2025-11-05,Seattle Flagship,Puget Sound,Down Sweater,Apparel,Olympic Down Works,1,185.00,74.00,185.00,111.00,1051,Y
7452,2025-11-05,Boise,Inland,Dynamic Rope 60m,Climbing,Nordvik Outdoor,1,239.00,98.00,239.00,141.00,1042,Y
7453,2025-11-05,Boise,Inland,Summit Shell Jacket,Apparel,Cascade Textiles,1,299.00,121.00,299.00,178.00,1031,Y
7454,2025-11-05,Tacoma,Puget Sound,Alpaca Base Layer,Apparel,Andes Alpaca Co-op,2,78.00,29.00,156.00,98.00,1003,Y
7455,2025-11-05,Eugene,Willamette,Headlamp 400,Camping,Sanko Technical,1,44.00,16.00,44.00,28.00,1027,Y
7456,2025-11-06,Bellevue,Puget Sound,Snowshoe Kit,Snow,Kitsap Forge,2,152.15,76.00,304.30,152.30,1029,Y
7457,2025-11-06,Tacoma,Puget Sound,Paddle Carbon,Water,Sanko Technical,1,279.00,112.00,279.00,167.00,,N
7458,2025-11-06,Portland Pearl,Willamette,Down Sweater,Apparel,Olympic Down Works,3,185.00,74.00,555.00,333.00,1018,Y
7459,2025-11-07,Bellevue,Puget Sound,Cascade Camp Stove,Camping,Kitsap Forge,1,84.00,34.00,84.00,50.00,1059,Y
7460,2025-11-07,Seattle Flagship,Puget Sound,Ski Skins,Snow,Nordvik Outdoor,1,199.00,84.00,199.00,115.00,1001,Y
7461,2025-11-07,Portland Pearl,Willamette,Fleece Quarter-Zip,Apparel,Cascade Textiles,1,79.00,31.00,79.00,48.00,1019,Y
7462,2025-11-07,Bellingham,North Cascades,Nimbus 0F Sleeping Bag,Camping,Olympic Down Works,1,339.00,138.00,339.00,201.00,1053,Y
7463,2025-11-07,Boise,Inland,Ski Skins,Snow,Nordvik Outdoor,1,199.00,84.00,199.00,115.00,1004,Y
7464,2025-11-07,Spokane,Inland,Titanium Cook Set,Camping,Sanko Technical,2,115.00,47.00,230.00,136.00,1022,Y
7465,2025-11-07,Spokane,Inland,Backcountry Boot,Footwear,Fraser Valley Rubber,1,219.00,88.00,219.00,131.00,1060,Y
7466,2025-11-08,Seattle Flagship,Puget Sound,Insulated Camp Bootie,Footwear,Andes Alpaca Co-op,1,59.00,22.00,59.00,37.00,1034,Y
7467,2025-11-08,Bellingham,North Cascades,PFD Vest,Water,Kitsap Forge,2,80.75,38.00,161.50,85.50,1042,Y
7468,2025-11-08,Portland Pearl,Willamette,Alpaca Base Layer,Apparel,Andes Alpaca Co-op,1,78.00,29.00,78.00,49.00,1033,Y
7469,2025-11-08,Bellevue,Puget Sound,Down Sweater,Apparel,Olympic Down Works,2,185.00,74.00,370.00,222.00,1037,Y
7470,2025-11-08,Portland Pearl,Willamette,Summit Shell Jacket,Apparel,Cascade Textiles,1,299.00,121.00,299.00,178.00,1052,Y
7471,2025-11-08,Bellevue,Puget Sound,Quickdraw Set of 6,Climbing,Nordvik Outdoor,1,155.00,62.00,155.00,93.00,1010,Y
7472,2025-11-08,Bellevue,Puget Sound,Fleece Quarter-Zip,Apparel,Cascade Textiles,2,79.00,31.00,158.00,96.00,1002,Y
7473,2025-11-08,Bellingham,North Cascades,Fleece Quarter-Zip,Apparel,Cascade Textiles,1,79.00,31.00,79.00,48.00,1038,Y
7474,2025-11-09,Eugene,Willamette,Vertex Climbing Harness,Climbing,Kitsap Forge,3,105.00,43.00,315.00,186.00,1027,Y
7475,2025-11-09,Seattle Flagship,Puget Sound,Avalanche Beacon,Snow,Nordvik Outdoor,1,399.00,178.00,399.00,221.00,1055,Y
7476,2025-11-09,Seattle Flagship,Puget Sound,Nimbus 0F Sleeping Bag,Camping,Olympic Down Works,1,339.00,138.00,339.00,201.00,1039,Y
7477,2025-11-09,Boise,Inland,Ridgeline 2P Tent,Camping,Cascade Textiles,1,349.00,142.00,349.00,207.00,1007,Y
7478,2025-11-09,Bellevue,Puget Sound,Titanium Cook Set,Camping,Sanko Technical,1,115.00,47.00,115.00,68.00,1039,Y
7479,2025-11-09,Tacoma,Puget Sound,Fleece Quarter-Zip,Apparel,Cascade Textiles,2,79.00,31.00,158.00,96.00,1007,Y
7480,2025-11-10,Bellingham,North Cascades,Snowshoe Kit,Snow,Kitsap Forge,1,179.00,76.00,179.00,103.00,,N
7481,2025-11-10,Spokane,Inland,Alpaca Base Layer,Apparel,Andes Alpaca Co-op,2,78.00,29.00,156.00,98.00,1013,Y
7482,2025-11-10,Eugene,Willamette,Insulated Camp Bootie,Footwear,Andes Alpaca Co-op,1,59.00,22.00,59.00,37.00,1018,Y
7483,2025-11-10,Bellingham,North Cascades,Insulated Camp Bootie,Footwear,Andes Alpaca Co-op,2,59.00,22.00,118.00,74.00,1014,Y
7484,2025-11-10,Seattle Flagship,Puget Sound,Snowshoe Kit,Snow,Kitsap Forge,1,179.00,76.00,179.00,103.00,1056,Y
7485,2025-11-10,Tacoma,Puget Sound,Down Sweater,Apparel,Olympic Down Works,1,185.00,74.00,185.00,111.00,1007,Y
7486,2025-11-10,Bellingham,North Cascades,Avalanche Beacon,Snow,Nordvik Outdoor,1,399.00,178.00,399.00,221.00,1002,Y
7487,2025-11-10,Spokane,Inland,Summit Shell Jacket,Apparel,Cascade Textiles,1,254.15,121.00,254.15,133.15,1020,Y
7488,2025-11-11,Bellevue,Puget Sound,Down Sweater,Apparel,Olympic Down Works,2,185.00,74.00,370.00,222.00,1029,Y
7489,2025-11-11,Seattle Flagship,Puget Sound,Chalk Bag,Climbing,Kitsap Forge,1,26.00,9.00,26.00,17.00,1038,Y
7490,2025-11-11,Eugene,Willamette,Avalanche Beacon,Snow,Nordvik Outdoor,1,399.00,178.00,399.00,221.00,1003,Y
7491,2025-11-11,Bellevue,Puget Sound,Headlamp 400,Camping,Sanko Technical,3,44.00,16.00,132.00,84.00,1054,Y
7492,2025-11-11,Bellingham,North Cascades,Insulated Camp Bootie,Footwear,Andes Alpaca Co-op,1,50.15,22.00,50.15,28.15,,N
7493,2025-11-11,Bellingham,North Cascades,Fleece Quarter-Zip,Apparel,Cascade Textiles,2,79.00,31.00,158.00,96.00,,N
7494,2025-11-11,Bellingham,North Cascades,Quickdraw Set of 6,Climbing,Nordvik Outdoor,1,155.00,62.00,155.00,93.00,,N
7495,2025-11-12,Tacoma,Puget Sound,Titanium Cook Set,Camping,Sanko Technical,1,115.00,47.00,115.00,68.00,,N
7496,2025-11-12,Portland Pearl,Willamette,Ski Skins,Snow,Nordvik Outdoor,2,199.00,84.00,398.00,230.00,1058,Y
7497,2025-11-12,Tacoma,Puget Sound,Ski Skins,Snow,Nordvik Outdoor,2,199.00,84.00,398.00,230.00,1042,Y
7498,2025-11-12,Seattle Flagship,Puget Sound,Sun Hoody,Apparel,Cascade Textiles,2,62.00,24.00,124.00,76.00,1060,Y
7499,2025-11-12,Portland Pearl,Willamette,Dynamic Rope 60m,Climbing,Nordvik Outdoor,1,239.00,98.00,239.00,141.00,1028,Y
7500,2025-11-12,Portland Pearl,Willamette,Vertex Climbing Harness,Climbing,Kitsap Forge,1,105.00,43.00,105.00,62.00,1060,Y
7501,2025-11-12,Bellingham,North Cascades,Alpine 45L Pack,Camping,Olympic Down Works,3,189.00,78.00,567.00,333.00,1053,Y
7502,2025-11-12,Bellingham,North Cascades,Down Sweater,Apparel,Olympic Down Works,2,185.00,74.00,370.00,222.00,1034,Y
7503,2025-11-12,Bellevue,Puget Sound,Summit Shell Jacket,Apparel,Cascade Textiles,1,299.00,121.00,299.00,178.00,1039,Y
7504,2025-11-12,Eugene,Willamette,Alpaca Base Layer,Apparel,Andes Alpaca Co-op,1,78.00,29.00,78.00,49.00,1022,Y
7505,2025-11-12,Spokane,Inland,Touring Ski Package,Snow,Nordvik Outdoor,1,949.00,412.00,949.00,537.00,1003,Y
7506,2025-11-12,Bellingham,North Cascades,Down Sweater,Apparel,Olympic Down Works,2,157.25,74.00,314.50,166.50,,N
7507,2025-11-13,Bellingham,North Cascades,Ski Skins,Snow,Nordvik Outdoor,2,199.00,84.00,398.00,230.00,,N
7508,2025-11-13,Eugene,Willamette,Avalanche Beacon,Snow,Nordvik Outdoor,1,399.00,178.00,399.00,221.00,1016,Y
7509,2025-11-13,Bellingham,North Cascades,Stormbreak Rain Jacket,Apparel,Cascade Textiles,2,169.00,68.00,338.00,202.00,,N
7510,2025-11-14,Eugene,Willamette,Avalanche Beacon,Snow,Nordvik Outdoor,1,399.00,178.00,399.00,221.00,1032,Y
7511,2025-11-14,Bellingham,North Cascades,Inflatable Kayak,Water,Fraser Valley Rubber,1,699.00,289.00,699.00,410.00,1029,Y
7512,2025-11-14,Seattle Flagship,Puget Sound,Nimbus 0F Sleeping Bag,Camping,Olympic Down Works,1,339.00,138.00,339.00,201.00,,N
7513,2025-11-14,Tacoma,Puget Sound,Alpaca Base Layer,Apparel,Andes Alpaca Co-op,1,78.00,29.00,78.00,49.00,1013,Y
7514,2025-11-14,Portland Pearl,Willamette,Sun Hoody,Apparel,Cascade Textiles,2,62.00,24.00,124.00,76.00,1033,Y
7515,2025-11-14,Tacoma,Puget Sound,Snowshoe Kit,Snow,Kitsap Forge,2,179.00,76.00,358.00,206.00,1027,Y
7516,2025-11-14,Spokane,Inland,Trailhead Sleeping Pad,Camping,Sanko Technical,3,99.00,41.00,297.00,174.00,1031,Y
7517,2025-11-14,Seattle Flagship,Puget Sound,Insulated Camp Bootie,Footwear,Andes Alpaca Co-op,2,50.15,22.00,100.30,56.30,1055,Y
7518,2025-11-14,Spokane,Inland,Sun Hoody,Apparel,Cascade Textiles,2,62.00,24.00,124.00,76.00,1060,Y
7519,2025-11-14,Boise,Inland,Dry Bag 30L,Water,Fraser Valley Rubber,3,42.00,17.00,126.00,75.00,1052,Y
7520,2025-11-15,Portland Pearl,Willamette,Fleece Quarter-Zip,Apparel,Cascade Textiles,1,79.00,31.00,79.00,48.00,1056,Y
7521,2025-11-15,Seattle Flagship,Puget Sound,Avalanche Beacon,Snow,Nordvik Outdoor,1,399.00,178.00,399.00,221.00,1010,Y
7522,2025-11-15,Seattle Flagship,Puget Sound,Headlamp 400,Camping,Sanko Technical,2,44.00,16.00,88.00,56.00,1034,Y
7523,2025-11-15,Portland Pearl,Willamette,Alpaca Base Layer,Apparel,Andes Alpaca Co-op,2,78.00,29.00,156.00,98.00,1013,Y
7524,2025-11-15,Tacoma,Puget Sound,Down Sweater,Apparel,Olympic Down Works,1,185.00,74.00,185.00,111.00,1005,Y
7525,2025-11-15,Boise,Inland,Chalk Bag,Climbing,Kitsap Forge,2,26.00,9.00,52.00,34.00,1003,Y
7526,2025-11-16,Tacoma,Puget Sound,Down Sweater,Apparel,Olympic Down Works,1,185.00,74.00,185.00,111.00,1053,Y
7527,2025-11-16,Seattle Flagship,Puget Sound,Alpine 45L Pack,Camping,Olympic Down Works,2,189.00,78.00,378.00,222.00,1002,Y
7528,2025-11-16,Portland Pearl,Willamette,Dynamic Rope 60m,Climbing,Nordvik Outdoor,1,239.00,98.00,239.00,141.00,1031,Y
7529,2025-11-16,Bellingham,North Cascades,Down Sweater,Apparel,Olympic Down Works,2,185.00,74.00,370.00,222.00,1042,Y
7530,2025-11-16,Bellingham,North Cascades,Dynamic Rope 60m,Climbing,Nordvik Outdoor,1,239.00,98.00,239.00,141.00,,N
7531,2025-11-16,Portland Pearl,Willamette,Backcountry Boot,Footwear,Fraser Valley Rubber,1,186.15,88.00,186.15,98.15,1021,Y
7532,2025-11-17,Spokane,Inland,Avalanche Beacon,Snow,Nordvik Outdoor,1,399.00,178.00,399.00,221.00,1051,Y
7533,2025-11-17,Spokane,Inland,Trail Convertible Pant,Apparel,Cascade Textiles,2,75.65,36.00,151.30,79.30,1034,Y
7534,2025-11-17,Bellingham,North Cascades,Nimbus 0F Sleeping Bag,Camping,Olympic Down Works,1,339.00,138.00,339.00,201.00,,N
7535,2025-11-17,Spokane,Inland,Nimbus 0F Sleeping Bag,Camping,Olympic Down Works,1,339.00,138.00,339.00,201.00,1001,Y
7536,2025-11-17,Seattle Flagship,Puget Sound,Merino Hiking Socks,Apparel,Andes Alpaca Co-op,3,24.00,8.50,72.00,46.50,1004,Y
7537,2025-11-17,Bellingham,North Cascades,Alpine 45L Pack,Camping,Olympic Down Works,3,189.00,78.00,567.00,333.00,1016,Y
7538,2025-11-17,Bellingham,North Cascades,Backcountry Boot,Footwear,Fraser Valley Rubber,1,219.00,88.00,219.00,131.00,,N
7539,2025-11-18,Tacoma,Puget Sound,Chalk Bag,Climbing,Kitsap Forge,3,26.00,9.00,78.00,51.00,1046,Y
7540,2025-11-18,Seattle Flagship,Puget Sound,Touring Ski Package,Snow,Nordvik Outdoor,1,949.00,412.00,949.00,537.00,1040,Y
7541,2025-11-18,Tacoma,Puget Sound,Quickdraw Set of 6,Climbing,Nordvik Outdoor,1,155.00,62.00,155.00,93.00,1047,Y
7542,2025-11-18,Bellingham,North Cascades,Backcountry Boot,Footwear,Fraser Valley Rubber,1,219.00,88.00,219.00,131.00,1060,Y
7543,2025-11-18,Seattle Flagship,Puget Sound,Nimbus 0F Sleeping Bag,Camping,Olympic Down Works,1,339.00,138.00,339.00,201.00,1023,Y
7544,2025-11-18,Bellevue,Puget Sound,Insulated Camp Bootie,Footwear,Andes Alpaca Co-op,1,50.15,22.00,50.15,28.15,1021,Y
7545,2025-11-18,Portland Pearl,Willamette,Fleece Quarter-Zip,Apparel,Cascade Textiles,1,79.00,31.00,79.00,48.00,1021,Y
7546,2025-11-18,Boise,Inland,Belay Device,Climbing,Kitsap Forge,2,49.00,19.00,98.00,60.00,1046,Y
7547,2025-11-19,Bellevue,Puget Sound,Touring Ski Package,Snow,Nordvik Outdoor,1,949.00,412.00,949.00,537.00,1038,Y
7548,2025-11-19,Boise,Inland,Headlamp 400,Camping,Sanko Technical,1,44.00,16.00,44.00,28.00,1046,Y
7549,2025-11-19,Portland Pearl,Willamette,Alpaca Base Layer,Apparel,Andes Alpaca Co-op,1,78.00,29.00,78.00,49.00,1035,Y
7550,2025-11-19,Eugene,Willamette,Touring Ski Package,Snow,Nordvik Outdoor,1,949.00,412.00,949.00,537.00,1032,Y
7551,2025-11-19,Boise,Inland,Merino Hiking Socks,Apparel,Andes Alpaca Co-op,1,24.00,8.50,24.00,15.50,1005,Y
7552,2025-11-19,Tacoma,Puget Sound,Fleece Quarter-Zip,Apparel,Cascade Textiles,1,79.00,31.00,79.00,48.00,1042,Y
7553,2025-11-19,Spokane,Inland,Ridgeline 3P Tent,Camping,Cascade Textiles,1,419.00,168.00,419.00,251.00,1060,Y
7554,2025-11-19,Tacoma,Puget Sound,Touring Ski Package,Snow,Nordvik Outdoor,1,949.00,412.00,949.00,537.00,1046,Y
7555,2025-11-19,Tacoma,Puget Sound,Vertex Climbing Harness,Climbing,Kitsap Forge,1,105.00,43.00,105.00,62.00,1051,Y
7556,2025-11-19,Seattle Flagship,Puget Sound,Quickdraw Set of 6,Climbing,Nordvik Outdoor,2,155.00,62.00,310.00,186.00,1012,Y
7557,2025-11-19,Bellevue,Puget Sound,Down Sweater,Apparel,Olympic Down Works,1,185.00,74.00,185.00,111.00,,N
7558,2025-11-19,Spokane,Inland,Snowshoe Kit,Snow,Kitsap Forge,3,179.00,76.00,537.00,309.00,1029,Y
7559,2025-11-19,Boise,Inland,Nimbus 20F Sleeping Bag,Camping,Olympic Down Works,1,259.00,104.00,259.00,155.00,1015,Y
7560,2025-11-19,Seattle Flagship,Puget Sound,Summit Shell Jacket,Apparel,Cascade Textiles,1,299.00,121.00,299.00,178.00,1038,Y
7561,2025-11-20,Spokane,Inland,Alpaca Base Layer,Apparel,Andes Alpaca Co-op,2,78.00,29.00,156.00,98.00,1037,Y
7562,2025-11-20,Boise,Inland,Cascade Camp Stove,Camping,Kitsap Forge,1,71.40,34.00,71.40,37.40,1014,Y
7563,2025-11-20,Boise,Inland,Ski Skins,Snow,Nordvik Outdoor,1,199.00,84.00,199.00,115.00,1004,Y
7564,2025-11-20,Bellevue,Puget Sound,Avalanche Beacon,Snow,Nordvik Outdoor,1,399.00,178.00,399.00,221.00,1042,Y
7565,2025-11-20,Bellingham,North Cascades,Alpaca Base Layer,Apparel,Andes Alpaca Co-op,3,78.00,29.00,234.00,147.00,,N
7566,2025-11-20,Seattle Flagship,Puget Sound,Fleece Quarter-Zip,Apparel,Cascade Textiles,2,79.00,31.00,158.00,96.00,1023,Y
7567,2025-11-20,Portland Pearl,Willamette,Summit Shell Jacket,Apparel,Cascade Textiles,1,299.00,121.00,299.00,178.00,1006,Y
7568,2025-11-20,Spokane,Inland,Avalanche Beacon,Snow,Nordvik Outdoor,1,399.00,178.00,399.00,221.00,1011,Y
7569,2025-11-20,Spokane,Inland,Fleece Quarter-Zip,Apparel,Cascade Textiles,2,79.00,31.00,158.00,96.00,1006,Y
7570,2025-11-21,Tacoma,Puget Sound,Belay Device,Climbing,Kitsap Forge,1,49.00,19.00,49.00,30.00,1051,Y
7571,2025-11-21,Portland Pearl,Willamette,Cascade Camp Stove,Camping,Kitsap Forge,2,84.00,34.00,168.00,100.00,1047,Y
7572,2025-11-21,Portland Pearl,Willamette,Backcountry Boot,Footwear,Fraser Valley Rubber,1,219.00,88.00,219.00,131.00,1035,Y
7573,2025-11-22,Boise,Inland,Dynamic Rope 60m,Climbing,Nordvik Outdoor,1,239.00,98.00,239.00,141.00,1051,Y
7574,2025-11-22,Eugene,Willamette,Belay Device,Climbing,Kitsap Forge,1,49.00,19.00,49.00,30.00,1010,Y
7575,2025-11-22,Tacoma,Puget Sound,Ski Skins,Snow,Nordvik Outdoor,1,199.00,84.00,199.00,115.00,1034,Y
7576,2025-11-22,Bellingham,North Cascades,Titanium Cook Set,Camping,Sanko Technical,2,115.00,47.00,230.00,136.00,,N
7577,2025-11-22,Eugene,Willamette,Stormbreak Rain Jacket,Apparel,Cascade Textiles,1,169.00,68.00,169.00,101.00,1005,Y
7578,2025-11-22,Bellevue,Puget Sound,Nimbus 0F Sleeping Bag,Camping,Olympic Down Works,1,339.00,138.00,339.00,201.00,1044,Y
7579,2025-11-22,Spokane,Inland,Down Sweater,Apparel,Olympic Down Works,2,185.00,74.00,370.00,222.00,1026,Y
7580,2025-11-22,Seattle Flagship,Puget Sound,Titanium Cook Set,Camping,Sanko Technical,2,115.00,47.00,230.00,136.00,1034,Y
7581,2025-11-22,Bellingham,North Cascades,Vertex Climbing Harness,Climbing,Kitsap Forge,2,105.00,43.00,210.00,124.00,1011,Y
7582,2025-11-22,Seattle Flagship,Puget Sound,Ridgeline 3P Tent,Camping,Cascade Textiles,1,419.00,168.00,419.00,251.00,1026,Y
7583,2025-11-22,Portland Pearl,Willamette,Avalanche Beacon,Snow,Nordvik Outdoor,1,399.00,178.00,399.00,221.00,1051,Y
7584,2025-11-22,Bellingham,North Cascades,Down Sweater,Apparel,Olympic Down Works,2,185.00,74.00,370.00,222.00,1060,Y
7585,2025-11-23,Tacoma,Puget Sound,Touring Ski Package,Snow,Nordvik Outdoor,1,949.00,412.00,949.00,537.00,1003,Y
7586,2025-11-23,Portland Pearl,Willamette,Snowshoe Kit,Snow,Kitsap Forge,2,179.00,76.00,358.00,206.00,1039,Y
7587,2025-11-23,Boise,Inland,Belay Device,Climbing,Kitsap Forge,1,49.00,19.00,49.00,30.00,,N
7588,2025-11-23,Portland Pearl,Willamette,Merino Hiking Socks,Apparel,Andes Alpaca Co-op,1,20.40,8.50,20.40,11.90,1046,Y
7589,2025-11-23,Tacoma,Puget Sound,Alpaca Base Layer,Apparel,Andes Alpaca Co-op,1,78.00,29.00,78.00,49.00,1006,Y
7590,2025-11-23,Seattle Flagship,Puget Sound,Cascade Camp Stove,Camping,Kitsap Forge,3,84.00,34.00,252.00,150.00,1059,Y
7591,2025-11-23,Spokane,Inland,Snowshoe Kit,Snow,Kitsap Forge,2,179.00,76.00,358.00,206.00,1020,Y
7592,2025-11-23,Eugene,Willamette,Down Sweater,Apparel,Olympic Down Works,1,185.00,74.00,185.00,111.00,1004,Y
7593,2025-11-24,Bellevue,Puget Sound,Avalanche Beacon,Snow,Nordvik Outdoor,1,399.00,178.00,399.00,221.00,,N
7594,2025-11-24,Seattle Flagship,Puget Sound,Trail Convertible Pant,Apparel,Cascade Textiles,1,89.00,36.00,89.00,53.00,,N
7595,2025-11-24,Tacoma,Puget Sound,Inflatable Kayak,Water,Fraser Valley Rubber,1,699.00,289.00,699.00,410.00,1002,Y
7596,2025-11-24,Boise,Inland,Titanium Cook Set,Camping,Sanko Technical,1,115.00,47.00,115.00,68.00,1040,Y
7597,2025-11-24,Eugene,Willamette,Avalanche Beacon,Snow,Nordvik Outdoor,1,399.00,178.00,399.00,221.00,1021,Y
7598,2025-11-24,Bellevue,Puget Sound,Nimbus 0F Sleeping Bag,Camping,Olympic Down Works,1,339.00,138.00,339.00,201.00,1029,Y
7599,2025-11-24,Portland Pearl,Willamette,Vertex Climbing Harness,Climbing,Kitsap Forge,2,105.00,43.00,210.00,124.00,1046,Y
7600,2025-11-24,Spokane,Inland,Quickdraw Set of 6,Climbing,Nordvik Outdoor,3,155.00,62.00,465.00,279.00,1017,Y
7601,2025-11-24,Seattle Flagship,Puget Sound,Merino Hiking Socks,Apparel,Andes Alpaca Co-op,1,20.40,8.50,20.40,11.90,1042,Y
7602,2025-11-24,Spokane,Inland,Paddle Carbon,Water,Sanko Technical,1,279.00,112.00,279.00,167.00,1041,Y
7603,2025-11-24,Spokane,Inland,Down Sweater,Apparel,Olympic Down Works,3,185.00,74.00,555.00,333.00,1045,Y
7604,2025-11-24,Seattle Flagship,Puget Sound,Touring Ski Package,Snow,Nordvik Outdoor,1,949.00,412.00,949.00,537.00,1009,Y
7605,2025-11-24,Eugene,Willamette,Backcountry Boot,Footwear,Fraser Valley Rubber,1,219.00,88.00,219.00,131.00,1022,Y
7606,2025-11-25,Tacoma,Puget Sound,Alpaca Base Layer,Apparel,Andes Alpaca Co-op,2,78.00,29.00,156.00,98.00,1030,Y
7607,2025-11-25,Portland Pearl,Willamette,Fleece Quarter-Zip,Apparel,Cascade Textiles,2,79.00,31.00,158.00,96.00,1018,Y
7608,2025-11-25,Eugene,Willamette,Vertex Climbing Harness,Climbing,Kitsap Forge,1,105.00,43.00,105.00,62.00,1003,Y
7609,2025-11-25,Bellingham,North Cascades,Chalk Bag,Climbing,Kitsap Forge,2,26.00,9.00,52.00,34.00,1044,Y
7610,2025-11-25,Spokane,Inland,Trailhead Sleeping Pad,Camping,Sanko Technical,1,99.00,41.00,99.00,58.00,1028,Y
7611,2025-11-25,Tacoma,Puget Sound,Chalk Bag,Climbing,Kitsap Forge,2,26.00,9.00,52.00,34.00,,N
7612,2025-11-25,Spokane,Inland,Quickdraw Set of 6,Climbing,Nordvik Outdoor,2,155.00,62.00,310.00,186.00,,N
7613,2025-11-25,Tacoma,Puget Sound,Down Sweater,Apparel,Olympic Down Works,2,185.00,74.00,370.00,222.00,1031,Y
7614,2025-11-25,Portland Pearl,Willamette,Vertex Climbing Harness,Climbing,Kitsap Forge,2,105.00,43.00,210.00,124.00,1054,Y
7615,2025-11-26,Seattle Flagship,Puget Sound,Touring Ski Package,Snow,Nordvik Outdoor,1,949.00,412.00,949.00,537.00,1034,Y
7616,2025-11-26,Boise,Inland,Avalanche Beacon,Snow,Nordvik Outdoor,1,399.00,178.00,399.00,221.00,1018,Y
7617,2025-11-26,Bellingham,North Cascades,Down Sweater,Apparel,Olympic Down Works,1,185.00,74.00,185.00,111.00,1039,Y
7618,2025-11-26,Seattle Flagship,Puget Sound,Alpaca Base Layer,Apparel,Andes Alpaca Co-op,1,78.00,29.00,78.00,49.00,1025,Y
7619,2025-11-26,Portland Pearl,Willamette,Headlamp 400,Camping,Sanko Technical,1,44.00,16.00,44.00,28.00,1042,Y
7620,2025-11-26,Bellingham,North Cascades,Basecamp 65L Pack,Camping,Olympic Down Works,1,229.00,96.00,229.00,133.00,,N
7621,2025-11-26,Seattle Flagship,Puget Sound,Quickdraw Set of 6,Climbing,Nordvik Outdoor,1,155.00,62.00,155.00,93.00,1019,Y
7622,2025-11-26,Bellevue,Puget Sound,Belay Device,Climbing,Kitsap Forge,3,49.00,19.00,147.00,90.00,1038,Y
7623,2025-11-26,Tacoma,Puget Sound,Touring Ski Package,Snow,Nordvik Outdoor,1,949.00,412.00,949.00,537.00,,N
7624,2025-11-27,Spokane,Inland,Down Sweater,Apparel,Olympic Down Works,2,185.00,74.00,370.00,222.00,1059,Y
7625,2025-11-27,Boise,Inland,PFD Vest,Water,Kitsap Forge,1,95.00,38.00,95.00,57.00,1046,Y
7626,2025-11-27,Seattle Flagship,Puget Sound,Titanium Cook Set,Camping,Sanko Technical,1,115.00,47.00,115.00,68.00,1006,Y
7627,2025-11-28,Portland Pearl,Willamette,Merino Hiking Socks,Apparel,Andes Alpaca Co-op,1,24.00,8.50,24.00,15.50,1039,Y
7628,2025-11-28,Bellingham,North Cascades,Avalanche Beacon,Snow,Nordvik Outdoor,1,399.00,178.00,399.00,221.00,1036,Y
7629,2025-11-28,Bellevue,Puget Sound,Insulated Camp Bootie,Footwear,Andes Alpaca Co-op,3,59.00,22.00,177.00,111.00,1025,Y
7630,2025-11-28,Portland Pearl,Willamette,Fleece Quarter-Zip,Apparel,Cascade Textiles,3,79.00,31.00,237.00,144.00,1022,Y
7631,2025-11-28,Spokane,Inland,Quickdraw Set of 6,Climbing,Nordvik Outdoor,2,155.00,62.00,310.00,186.00,1007,Y
7632,2025-11-28,Bellingham,North Cascades,Insulated Camp Bootie,Footwear,Andes Alpaca Co-op,2,59.00,22.00,118.00,74.00,1018,Y
7633,2025-11-28,Portland Pearl,Willamette,Alpaca Base Layer,Apparel,Andes Alpaca Co-op,2,78.00,29.00,156.00,98.00,1037,Y
7634,2025-11-28,Portland Pearl,Willamette,Trail Runner GTX,Footwear,Fraser Valley Rubber,1,149.00,61.00,149.00,88.00,1028,Y
7635,2025-11-29,Eugene,Willamette,Backcountry Boot,Footwear,Fraser Valley Rubber,1,219.00,88.00,219.00,131.00,1034,Y
7636,2025-11-29,Seattle Flagship,Puget Sound,Titanium Cook Set,Camping,Sanko Technical,3,115.00,47.00,345.00,204.00,1033,Y
7637,2025-11-29,Portland Pearl,Willamette,Alpaca Base Layer,Apparel,Andes Alpaca Co-op,1,78.00,29.00,78.00,49.00,1032,Y
7638,2025-11-29,Spokane,Inland,Chalk Bag,Climbing,Kitsap Forge,1,26.00,9.00,26.00,17.00,,N
7639,2025-11-29,Bellingham,North Cascades,Down Sweater,Apparel,Olympic Down Works,2,185.00,74.00,370.00,222.00,,N
7640,2025-11-29,Spokane,Inland,Vertex Climbing Harness,Climbing,Kitsap Forge,2,105.00,43.00,210.00,124.00,1001,Y
7641,2025-11-29,Tacoma,Puget Sound,PFD Vest,Water,Kitsap Forge,1,95.00,38.00,95.00,57.00,,N
7642,2025-11-29,Bellingham,North Cascades,Sun Hoody,Apparel,Cascade Textiles,1,62.00,24.00,62.00,38.00,,N
7643,2025-11-30,Seattle Flagship,Puget Sound,Alpaca Base Layer,Apparel,Andes Alpaca Co-op,1,78.00,29.00,78.00,49.00,1020,Y
7644,2025-11-30,Boise,Inland,Snowshoe Kit,Snow,Kitsap Forge,3,179.00,76.00,537.00,309.00,1048,Y
7645,2025-11-30,Bellingham,North Cascades,Alpaca Base Layer,Apparel,Andes Alpaca Co-op,1,78.00,29.00,78.00,49.00,1059,Y
7646,2025-11-30,Seattle Flagship,Puget Sound,Summit Shell Jacket,Apparel,Cascade Textiles,1,299.00,121.00,299.00,178.00,1032,Y
7647,2025-11-30,Portland Pearl,Willamette,Insulated Camp Bootie,Footwear,Andes Alpaca Co-op,1,59.00,22.00,59.00,37.00,1028,Y
7648,2025-12-01,Bellingham,North Cascades,Summit Shell Jacket,Apparel,Cascade Textiles,1,254.15,121.00,254.15,133.15,1051,Y
7649,2025-12-01,Portland Pearl,Willamette,Backcountry Boot,Footwear,Fraser Valley Rubber,1,219.00,88.00,219.00,131.00,1011,Y
7650,2025-12-01,Spokane,Inland,Dynamic Rope 60m,Climbing,Nordvik Outdoor,1,239.00,98.00,239.00,141.00,1013,Y
7651,2025-12-01,Portland Pearl,Willamette,Ski Skins,Snow,Nordvik Outdoor,1,199.00,84.00,199.00,115.00,1031,Y
7652,2025-12-01,Spokane,Inland,Snowshoe Kit,Snow,Kitsap Forge,3,179.00,76.00,537.00,309.00,1028,Y
7653,2025-12-01,Boise,Inland,Sun Hoody,Apparel,Cascade Textiles,1,62.00,24.00,62.00,38.00,1026,Y
7654,2025-12-01,Eugene,Willamette,Nimbus 0F Sleeping Bag,Camping,Olympic Down Works,1,339.00,138.00,339.00,201.00,1001,Y
7655,2025-12-01,Bellevue,Puget Sound,Merino Hiking Socks,Apparel,Andes Alpaca Co-op,1,24.00,8.50,24.00,15.50,1020,Y
7656,2025-12-01,Boise,Inland,Alpaca Base Layer,Apparel,Andes Alpaca Co-op,2,78.00,29.00,156.00,98.00,1014,Y
7657,2025-12-01,Seattle Flagship,Puget Sound,Insulated Camp Bootie,Footwear,Andes Alpaca Co-op,1,59.00,22.00,59.00,37.00,1052,Y
7658,2025-12-01,Bellevue,Puget Sound,Fleece Quarter-Zip,Apparel,Cascade Textiles,1,79.00,31.00,79.00,48.00,1048,Y
7659,2025-12-01,Bellevue,Puget Sound,Chalk Bag,Climbing,Kitsap Forge,3,26.00,9.00,78.00,51.00,1011,Y
7660,2025-12-01,Portland Pearl,Willamette,Insulated Camp Bootie,Footwear,Andes Alpaca Co-op,3,59.00,22.00,177.00,111.00,,N
7661,2025-12-01,Portland Pearl,Willamette,Dynamic Rope 60m,Climbing,Nordvik Outdoor,1,239.00,98.00,239.00,141.00,1039,Y
7662,2025-12-01,Spokane,Inland,Approach Shoe,Footwear,Fraser Valley Rubber,3,129.00,52.00,387.00,231.00,,N
7663,2025-12-01,Bellingham,North Cascades,Cascade Camp Stove,Camping,Kitsap Forge,2,84.00,34.00,168.00,100.00,,N
7664,2025-12-01,Tacoma,Puget Sound,Belay Device,Climbing,Kitsap Forge,1,49.00,19.00,49.00,30.00,1020,Y
7665,2025-12-01,Boise,Inland,Down Sweater,Apparel,Olympic Down Works,2,185.00,74.00,370.00,222.00,1041,Y
7666,2025-12-02,Portland Pearl,Willamette,Alpine 45L Pack,Camping,Olympic Down Works,2,189.00,78.00,378.00,222.00,1014,Y
7667,2025-12-02,Spokane,Inland,Alpine 45L Pack,Camping,Olympic Down Works,1,189.00,78.00,189.00,111.00,1021,Y
7668,2025-12-02,Seattle Flagship,Puget Sound,Titanium Cook Set,Camping,Sanko Technical,2,115.00,47.00,230.00,136.00,1031,Y
7669,2025-12-02,Bellingham,North Cascades,Fleece Quarter-Zip,Apparel,Cascade Textiles,1,79.00,31.00,79.00,48.00,,N
7670,2025-12-02,Tacoma,Puget Sound,Snowshoe Kit,Snow,Kitsap Forge,3,152.15,76.00,456.45,228.45,1017,Y
7671,2025-12-02,Tacoma,Puget Sound,Headlamp 400,Camping,Sanko Technical,3,44.00,16.00,132.00,84.00,1044,Y
7672,2025-12-02,Eugene,Willamette,Ridgeline 2P Tent,Camping,Cascade Textiles,1,349.00,142.00,349.00,207.00,1050,Y
7673,2025-12-02,Tacoma,Puget Sound,Quickdraw Set of 6,Climbing,Nordvik Outdoor,2,155.00,62.00,310.00,186.00,1060,Y
7674,2025-12-02,Bellevue,Puget Sound,Alpaca Base Layer,Apparel,Andes Alpaca Co-op,1,78.00,29.00,78.00,49.00,1050,Y
7675,2025-12-02,Seattle Flagship,Puget Sound,Belay Device,Climbing,Kitsap Forge,1,49.00,19.00,49.00,30.00,1050,Y
7676,2025-12-03,Eugene,Willamette,Touring Ski Package,Snow,Nordvik Outdoor,1,949.00,412.00,949.00,537.00,,N
7677,2025-12-03,Bellevue,Puget Sound,Fleece Quarter-Zip,Apparel,Cascade Textiles,1,79.00,31.00,79.00,48.00,1032,Y
7678,2025-12-03,Bellevue,Puget Sound,Ski Skins,Snow,Nordvik Outdoor,1,199.00,84.00,199.00,115.00,1011,Y
7679,2025-12-03,Seattle Flagship,Puget Sound,Alpaca Base Layer,Apparel,Andes Alpaca Co-op,1,78.00,29.00,78.00,49.00,1022,Y
7680,2025-12-03,Bellingham,North Cascades,Snowshoe Kit,Snow,Kitsap Forge,1,179.00,76.00,179.00,103.00,1060,Y
7681,2025-12-03,Eugene,Willamette,Alpaca Base Layer,Apparel,Andes Alpaca Co-op,1,78.00,29.00,78.00,49.00,1041,Y
7682,2025-12-03,Boise,Inland,Fleece Quarter-Zip,Apparel,Cascade Textiles,1,79.00,31.00,79.00,48.00,1053,Y
7683,2025-12-03,Portland Pearl,Willamette,Snowshoe Kit,Snow,Kitsap Forge,1,179.00,76.00,179.00,103.00,1054,Y
7684,2025-12-03,Portland Pearl,Willamette,Snowshoe Kit,Snow,Kitsap Forge,2,179.00,76.00,358.00,206.00,1006,Y
7685,2025-12-03,Seattle Flagship,Puget Sound,Summit Shell Jacket,Apparel,Cascade Textiles,1,299.00,121.00,299.00,178.00,1046,Y
7686,2025-12-03,Portland Pearl,Willamette,Fleece Quarter-Zip,Apparel,Cascade Textiles,1,79.00,31.00,79.00,48.00,1034,Y
7687,2025-12-04,Eugene,Willamette,Nimbus 0F Sleeping Bag,Camping,Olympic Down Works,1,339.00,138.00,339.00,201.00,1014,Y
7688,2025-12-04,Bellingham,North Cascades,Backcountry Boot,Footwear,Fraser Valley Rubber,1,219.00,88.00,219.00,131.00,1034,Y
7689,2025-12-04,Seattle Flagship,Puget Sound,Alpaca Base Layer,Apparel,Andes Alpaca Co-op,1,78.00,29.00,78.00,49.00,1010,Y
7690,2025-12-04,Bellevue,Puget Sound,Belay Device,Climbing,Kitsap Forge,1,49.00,19.00,49.00,30.00,,N
7691,2025-12-04,Seattle Flagship,Puget Sound,Approach Shoe,Footwear,Fraser Valley Rubber,2,129.00,52.00,258.00,154.00,1043,Y
7692,2025-12-04,Seattle Flagship,Puget Sound,Stormbreak Rain Jacket,Apparel,Cascade Textiles,1,169.00,68.00,169.00,101.00,1026,Y
7693,2025-12-04,Spokane,Inland,Nimbus 0F Sleeping Bag,Camping,Olympic Down Works,1,339.00,138.00,339.00,201.00,1058,Y
7694,2025-12-04,Bellevue,Puget Sound,Backcountry Boot,Footwear,Fraser Valley Rubber,1,219.00,88.00,219.00,131.00,1045,Y
7695,2025-12-04,Spokane,Inland,Backcountry Boot,Footwear,Fraser Valley Rubber,1,219.00,88.00,219.00,131.00,1044,Y
7696,2025-12-04,Portland Pearl,Willamette,Alpaca Base Layer,Apparel,Andes Alpaca Co-op,1,66.30,29.00,66.30,37.30,1006,Y
7697,2025-12-04,Portland Pearl,Willamette,Chalk Bag,Climbing,Kitsap Forge,2,26.00,9.00,52.00,34.00,1019,Y
7698,2025-12-04,Portland Pearl,Willamette,PFD Vest,Water,Kitsap Forge,2,95.00,38.00,190.00,114.00,1028,Y
7699,2025-12-05,Bellingham,North Cascades,Touring Ski Package,Snow,Nordvik Outdoor,1,949.00,412.00,949.00,537.00,1020,Y
7700,2025-12-05,Tacoma,Puget Sound,Vertex Climbing Harness,Climbing,Kitsap Forge,2,105.00,43.00,210.00,124.00,1060,Y
7701,2025-12-05,Seattle Flagship,Puget Sound,Insulated Camp Bootie,Footwear,Andes Alpaca Co-op,1,59.00,22.00,59.00,37.00,1060,Y
7702,2025-12-05,Portland Pearl,Willamette,Vertex Climbing Harness,Climbing,Kitsap Forge,2,105.00,43.00,210.00,124.00,1018,Y
7703,2025-12-05,Tacoma,Puget Sound,Approach Shoe,Footwear,Fraser Valley Rubber,2,129.00,52.00,258.00,154.00,1016,Y
7704,2025-12-05,Eugene,Willamette,Summit Shell Jacket,Apparel,Cascade Textiles,1,299.00,121.00,299.00,178.00,1019,Y
7705,2025-12-05,Seattle Flagship,Puget Sound,Titanium Cook Set,Camping,Sanko Technical,1,115.00,47.00,115.00,68.00,1047,Y
7706,2025-12-05,Boise,Inland,Avalanche Beacon,Snow,Nordvik Outdoor,1,399.00,178.00,399.00,221.00,1015,Y
7707,2025-12-05,Bellevue,Puget Sound,Ski Skins,Snow,Nordvik Outdoor,1,199.00,84.00,199.00,115.00,1049,Y
7708,2025-12-05,Bellevue,Puget Sound,Insulated Camp Bootie,Footwear,Andes Alpaca Co-op,3,59.00,22.00,177.00,111.00,1046,Y
7709,2025-12-05,Boise,Inland,Belay Device,Climbing,Kitsap Forge,1,49.00,19.00,49.00,30.00,1014,Y
7710,2025-12-05,Tacoma,Puget Sound,Avalanche Beacon,Snow,Nordvik Outdoor,1,399.00,178.00,399.00,221.00,1031,Y
7711,2025-12-06,Seattle Flagship,Puget Sound,Trailhead Sleeping Pad,Camping,Sanko Technical,2,99.00,41.00,198.00,116.00,1034,Y
7712,2025-12-06,Boise,Inland,Snowshoe Kit,Snow,Kitsap Forge,2,179.00,76.00,358.00,206.00,1044,Y
7713,2025-12-06,Boise,Inland,Alpaca Base Layer,Apparel,Andes Alpaca Co-op,1,78.00,29.00,78.00,49.00,1050,Y
7714,2025-12-06,Bellingham,North Cascades,Headlamp 400,Camping,Sanko Technical,2,44.00,16.00,88.00,56.00,1009,Y
7715,2025-12-06,Tacoma,Puget Sound,Headlamp 400,Camping,Sanko Technical,1,44.00,16.00,44.00,28.00,,N
7716,2025-12-06,Spokane,Inland,Summit Shell Jacket,Apparel,Cascade Textiles,1,299.00,121.00,299.00,178.00,1019,Y
7717,2025-12-06,Seattle Flagship,Puget Sound,Summit Shell Jacket,Apparel,Cascade Textiles,1,299.00,121.00,299.00,178.00,1009,Y
7718,2025-12-06,Eugene,Willamette,Avalanche Beacon,Snow,Nordvik Outdoor,1,399.00,178.00,399.00,221.00,1055,Y
7719,2025-12-06,Seattle Flagship,Puget Sound,Approach Shoe,Footwear,Fraser Valley Rubber,3,129.00,52.00,387.00,231.00,1008,Y
7720,2025-12-06,Spokane,Inland,Insulated Camp Bootie,Footwear,Andes Alpaca Co-op,1,59.00,22.00,59.00,37.00,1031,Y
7721,2025-12-06,Seattle Flagship,Puget Sound,Fleece Quarter-Zip,Apparel,Cascade Textiles,1,67.15,31.00,67.15,36.15,1026,Y
7722,2025-12-06,Boise,Inland,Fleece Quarter-Zip,Apparel,Cascade Textiles,2,79.00,31.00,158.00,96.00,1029,Y
7723,2025-12-07,Eugene,Willamette,Ridgeline 2P Tent,Camping,Cascade Textiles,1,349.00,142.00,349.00,207.00,1044,Y
7724,2025-12-07,Portland Pearl,Willamette,Summit Shell Jacket,Apparel,Cascade Textiles,1,299.00,121.00,299.00,178.00,1036,Y
7725,2025-12-07,Eugene,Willamette,Down Sweater,Apparel,Olympic Down Works,2,185.00,74.00,370.00,222.00,,N
7726,2025-12-07,Tacoma,Puget Sound,Chalk Bag,Climbing,Kitsap Forge,1,26.00,9.00,26.00,17.00,1005,Y
7727,2025-12-08,Eugene,Willamette,Ridgeline 3P Tent,Camping,Cascade Textiles,1,419.00,168.00,419.00,251.00,1040,Y
7728,2025-12-08,Bellingham,North Cascades,Quickdraw Set of 6,Climbing,Nordvik Outdoor,2,155.00,62.00,310.00,186.00,1004,Y
7729,2025-12-08,Portland Pearl,Willamette,Ski Skins,Snow,Nordvik Outdoor,1,199.00,84.00,199.00,115.00,1002,Y
7730,2025-12-08,Seattle Flagship,Puget Sound,Ski Skins,Snow,Nordvik Outdoor,1,199.00,84.00,199.00,115.00,1007,Y
7731,2025-12-08,Seattle Flagship,Puget Sound,Summit Shell Jacket,Apparel,Cascade Textiles,1,299.00,121.00,299.00,178.00,1060,Y
7732,2025-12-08,Tacoma,Puget Sound,Backcountry Boot,Footwear,Fraser Valley Rubber,1,219.00,88.00,219.00,131.00,1049,Y
7733,2025-12-08,Tacoma,Puget Sound,Paddle Carbon,Water,Sanko Technical,1,279.00,112.00,279.00,167.00,1011,Y
7734,2025-12-09,Seattle Flagship,Puget Sound,Nimbus 0F Sleeping Bag,Camping,Olympic Down Works,1,339.00,138.00,339.00,201.00,1021,Y
7735,2025-12-09,Portland Pearl,Willamette,Vertex Climbing Harness,Climbing,Kitsap Forge,3,89.25,43.00,267.75,138.75,1005,Y
7736,2025-12-09,Tacoma,Puget Sound,Touring Ski Package,Snow,Nordvik Outdoor,1,949.00,412.00,949.00,537.00,1021,Y
7737,2025-12-10,Bellevue,Puget Sound,Insulated Camp Bootie,Footwear,Andes Alpaca Co-op,3,59.00,22.00,177.00,111.00,1001,Y
7738,2025-12-10,Spokane,Inland,Down Sweater,Apparel,Olympic Down Works,1,185.00,74.00,185.00,111.00,1043,Y
7739,2025-12-10,Spokane,Inland,Ski Skins,Snow,Nordvik Outdoor,2,199.00,84.00,398.00,230.00,,N
7740,2025-12-10,Seattle Flagship,Puget Sound,Snowshoe Kit,Snow,Kitsap Forge,1,179.00,76.00,179.00,103.00,,N
7741,2025-12-10,Seattle Flagship,Puget Sound,Summit Shell Jacket,Apparel,Cascade Textiles,1,299.00,121.00,299.00,178.00,1019,Y
7742,2025-12-10,Bellingham,North Cascades,Basecamp 65L Pack,Camping,Olympic Down Works,1,229.00,96.00,229.00,133.00,1058,Y
7743,2025-12-10,Portland Pearl,Willamette,Nimbus 0F Sleeping Bag,Camping,Olympic Down Works,1,339.00,138.00,339.00,201.00,1048,Y
7744,2025-12-10,Spokane,Inland,Trailhead Sleeping Pad,Camping,Sanko Technical,2,99.00,41.00,198.00,116.00,,N
7745,2025-12-10,Boise,Inland,Avalanche Beacon,Snow,Nordvik Outdoor,1,399.00,178.00,399.00,221.00,1009,Y
7746,2025-12-11,Seattle Flagship,Puget Sound,Vertex Climbing Harness,Climbing,Kitsap Forge,3,89.25,43.00,267.75,138.75,1038,Y
7747,2025-12-11,Bellingham,North Cascades,Summit Shell Jacket,Apparel,Cascade Textiles,1,299.00,121.00,299.00,178.00,1013,Y
7748,2025-12-11,Tacoma,Puget Sound,Fleece Quarter-Zip,Apparel,Cascade Textiles,2,79.00,31.00,158.00,96.00,1004,Y
7749,2025-12-11,Bellevue,Puget Sound,Trail Runner GTX,Footwear,Fraser Valley Rubber,1,149.00,61.00,149.00,88.00,,N
7750,2025-12-11,Portland Pearl,Willamette,Alpaca Base Layer,Apparel,Andes Alpaca Co-op,2,78.00,29.00,156.00,98.00,1044,Y
7751,2025-12-11,Portland Pearl,Willamette,Snowshoe Kit,Snow,Kitsap Forge,3,179.00,76.00,537.00,309.00,1025,Y
7752,2025-12-11,Seattle Flagship,Puget Sound,Snowshoe Kit,Snow,Kitsap Forge,1,179.00,76.00,179.00,103.00,1025,Y
7753,2025-12-11,Seattle Flagship,Puget Sound,Quickdraw Set of 6,Climbing,Nordvik Outdoor,1,155.00,62.00,155.00,93.00,1054,Y
7754,2025-12-12,Spokane,Inland,Ridgeline 3P Tent,Camping,Cascade Textiles,1,419.00,168.00,419.00,251.00,1058,Y
7755,2025-12-12,Tacoma,Puget Sound,Avalanche Beacon,Snow,Nordvik Outdoor,1,399.00,178.00,399.00,221.00,1046,Y
7756,2025-12-12,Bellevue,Puget Sound,Snowshoe Kit,Snow,Kitsap Forge,2,179.00,76.00,358.00,206.00,1001,Y
7757,2025-12-12,Tacoma,Puget Sound,Avalanche Beacon,Snow,Nordvik Outdoor,1,399.00,178.00,399.00,221.00,1009,Y
7758,2025-12-12,Bellingham,North Cascades,Snowshoe Kit,Snow,Kitsap Forge,1,179.00,76.00,179.00,103.00,1028,Y
7759,2025-12-12,Portland Pearl,Willamette,Insulated Camp Bootie,Footwear,Andes Alpaca Co-op,1,59.00,22.00,59.00,37.00,1033,Y
7760,2025-12-12,Tacoma,Puget Sound,Ski Skins,Snow,Nordvik Outdoor,1,199.00,84.00,199.00,115.00,1035,Y
7761,2025-12-12,Portland Pearl,Willamette,Paddle Carbon,Water,Sanko Technical,1,279.00,112.00,279.00,167.00,1057,Y
7762,2025-12-12,Bellevue,Puget Sound,Alpaca Base Layer,Apparel,Andes Alpaca Co-op,2,78.00,29.00,156.00,98.00,1027,Y
7763,2025-12-12,Bellingham,North Cascades,PFD Vest,Water,Kitsap Forge,1,95.00,38.00,95.00,57.00,,N
7764,2025-12-12,Tacoma,Puget Sound,Fleece Quarter-Zip,Apparel,Cascade Textiles,1,79.00,31.00,79.00,48.00,1039,Y
7765,2025-12-13,Seattle Flagship,Puget Sound,Vertex Climbing Harness,Climbing,Kitsap Forge,2,89.25,43.00,178.50,92.50,1059,Y
7766,2025-12-13,Spokane,Inland,Belay Device,Climbing,Kitsap Forge,2,49.00,19.00,98.00,60.00,,N
7767,2025-12-13,Portland Pearl,Willamette,Backcountry Boot,Footwear,Fraser Valley Rubber,1,219.00,88.00,219.00,131.00,1004,Y
7768,2025-12-13,Bellingham,North Cascades,Avalanche Beacon,Snow,Nordvik Outdoor,1,399.00,178.00,399.00,221.00,1048,Y
7769,2025-12-13,Eugene,Willamette,Summit Shell Jacket,Apparel,Cascade Textiles,1,299.00,121.00,299.00,178.00,1048,Y
7770,2025-12-13,Bellingham,North Cascades,Nimbus 0F Sleeping Bag,Camping,Olympic Down Works,1,339.00,138.00,339.00,201.00,1019,Y
7771,2025-12-13,Bellevue,Puget Sound,Alpaca Base Layer,Apparel,Andes Alpaca Co-op,1,78.00,29.00,78.00,49.00,1041,Y
7772,2025-12-14,Bellingham,North Cascades,Summit Shell Jacket,Apparel,Cascade Textiles,1,299.00,121.00,299.00,178.00,1034,Y
7773,2025-12-14,Bellevue,Puget Sound,Quickdraw Set of 6,Climbing,Nordvik Outdoor,3,155.00,62.00,465.00,279.00,1030,Y
7774,2025-12-14,Seattle Flagship,Puget Sound,Avalanche Beacon,Snow,Nordvik Outdoor,1,399.00,178.00,399.00,221.00,1052,Y
7775,2025-12-14,Bellingham,North Cascades,Alpaca Base Layer,Apparel,Andes Alpaca Co-op,2,78.00,29.00,156.00,98.00,,N
7776,2025-12-14,Bellevue,Puget Sound,Trail Runner GTX,Footwear,Fraser Valley Rubber,1,149.00,61.00,149.00,88.00,1053,Y
7777,2025-12-14,Bellevue,Puget Sound,Alpaca Base Layer,Apparel,Andes Alpaca Co-op,2,78.00,29.00,156.00,98.00,1010,Y
7778,2025-12-15,Spokane,Inland,Down Sweater,Apparel,Olympic Down Works,2,185.00,74.00,370.00,222.00,1039,Y
7779,2025-12-15,Tacoma,Puget Sound,Summit Shell Jacket,Apparel,Cascade Textiles,1,299.00,121.00,299.00,178.00,1005,Y
7780,2025-12-15,Eugene,Willamette,PFD Vest,Water,Kitsap Forge,1,95.00,38.00,95.00,57.00,1002,Y
7781,2025-12-15,Spokane,Inland,Dynamic Rope 60m,Climbing,Nordvik Outdoor,1,239.00,98.00,239.00,141.00,1028,Y
7782,2025-12-15,Bellevue,Puget Sound,Ski Skins,Snow,Nordvik Outdoor,1,199.00,84.00,199.00,115.00,1021,Y
7783,2025-12-15,Spokane,Inland,Avalanche Beacon,Snow,Nordvik Outdoor,1,399.00,178.00,399.00,221.00,1059,Y
7784,2025-12-15,Bellingham,North Cascades,Down Sweater,Apparel,Olympic Down Works,1,185.00,74.00,185.00,111.00,,N
7785,2025-12-15,Portland Pearl,Willamette,Snowshoe Kit,Snow,Kitsap Forge,1,179.00,76.00,179.00,103.00,1041,Y
7786,2025-12-15,Portland Pearl,Willamette,Inflatable Kayak,Water,Fraser Valley Rubber,1,699.00,289.00,699.00,410.00,1017,Y
7787,2025-12-15,Eugene,Willamette,Touring Ski Package,Snow,Nordvik Outdoor,1,949.00,412.00,949.00,537.00,,N
7788,2025-12-15,Portland Pearl,Willamette,Alpaca Base Layer,Apparel,Andes Alpaca Co-op,2,78.00,29.00,156.00,98.00,1021,Y
7789,2025-12-15,Spokane,Inland,Ski Skins,Snow,Nordvik Outdoor,2,199.00,84.00,398.00,230.00,1020,Y
7790,2025-12-16,Tacoma,Puget Sound,Touring Ski Package,Snow,Nordvik Outdoor,1,949.00,412.00,949.00,537.00,1006,Y
7791,2025-12-16,Seattle Flagship,Puget Sound,Quickdraw Set of 6,Climbing,Nordvik Outdoor,2,155.00,62.00,310.00,186.00,1034,Y
7792,2025-12-16,Spokane,Inland,Quickdraw Set of 6,Climbing,Nordvik Outdoor,2,155.00,62.00,310.00,186.00,1031,Y
7793,2025-12-16,Tacoma,Puget Sound,Summit Shell Jacket,Apparel,Cascade Textiles,1,299.00,121.00,299.00,178.00,,N
7794,2025-12-16,Bellingham,North Cascades,Avalanche Beacon,Snow,Nordvik Outdoor,1,399.00,178.00,399.00,221.00,1049,Y
7795,2025-12-16,Portland Pearl,Willamette,Trailhead Sleeping Pad,Camping,Sanko Technical,2,99.00,41.00,198.00,116.00,1048,Y
7796,2025-12-16,Tacoma,Puget Sound,Ski Skins,Snow,Nordvik Outdoor,3,169.15,84.00,507.45,255.45,1029,Y
7797,2025-12-16,Bellevue,Puget Sound,Stormbreak Rain Jacket,Apparel,Cascade Textiles,2,169.00,68.00,338.00,202.00,1006,Y
7798,2025-12-16,Bellingham,North Cascades,Titanium Cook Set,Camping,Sanko Technical,1,115.00,47.00,115.00,68.00,1059,Y
7799,2025-12-16,Portland Pearl,Willamette,Touring Ski Package,Snow,Nordvik Outdoor,1,949.00,412.00,949.00,537.00,1053,Y
7800,2025-12-16,Seattle Flagship,Puget Sound,Headlamp 400,Camping,Sanko Technical,3,37.40,16.00,112.20,64.20,1056,Y
7801,2025-12-17,Portland Pearl,Willamette,Nimbus 0F Sleeping Bag,Camping,Olympic Down Works,1,339.00,138.00,339.00,201.00,1031,Y
7802,2025-12-17,Spokane,Inland,Belay Device,Climbing,Kitsap Forge,3,49.00,19.00,147.00,90.00,1053,Y
7803,2025-12-17,Seattle Flagship,Puget Sound,Summit Shell Jacket,Apparel,Cascade Textiles,1,299.00,121.00,299.00,178.00,1026,Y
7804,2025-12-18,Bellingham,North Cascades,Insulated Camp Bootie,Footwear,Andes Alpaca Co-op,1,59.00,22.00,59.00,37.00,,N
7805,2025-12-18,Spokane,Inland,Vertex Climbing Harness,Climbing,Kitsap Forge,2,89.25,43.00,178.50,92.50,1019,Y
7806,2025-12-18,Eugene,Willamette,Dry Bag 30L,Water,Fraser Valley Rubber,2,42.00,17.00,84.00,50.00,1020,Y
7807,2025-12-18,Bellevue,Puget Sound,Fleece Quarter-Zip,Apparel,Cascade Textiles,3,79.00,31.00,237.00,144.00,,N
7808,2025-12-19,Portland Pearl,Willamette,Snowshoe Kit,Snow,Kitsap Forge,1,152.15,76.00,152.15,76.15,1043,Y
7809,2025-12-19,Eugene,Willamette,Titanium Cook Set,Camping,Sanko Technical,1,115.00,47.00,115.00,68.00,1028,Y
7810,2025-12-19,Seattle Flagship,Puget Sound,Nimbus 0F Sleeping Bag,Camping,Olympic Down Works,1,339.00,138.00,339.00,201.00,1036,Y
7811,2025-12-19,Bellingham,North Cascades,Titanium Cook Set,Camping,Sanko Technical,1,115.00,47.00,115.00,68.00,,N
7812,2025-12-19,Spokane,Inland,Fleece Quarter-Zip,Apparel,Cascade Textiles,3,79.00,31.00,237.00,144.00,1032,Y
7813,2025-12-19,Spokane,Inland,Quickdraw Set of 6,Climbing,Nordvik Outdoor,2,131.75,62.00,263.50,139.50,1017,Y
7814,2025-12-19,Tacoma,Puget Sound,Nimbus 20F Sleeping Bag,Camping,Olympic Down Works,1,259.00,104.00,259.00,155.00,1031,Y
7815,2025-12-19,Spokane,Inland,Backcountry Boot,Footwear,Fraser Valley Rubber,1,219.00,88.00,219.00,131.00,1008,Y
7816,2025-12-19,Seattle Flagship,Puget Sound,Alpine 45L Pack,Camping,Olympic Down Works,1,189.00,78.00,189.00,111.00,1030,Y
7817,2025-12-19,Seattle Flagship,Puget Sound,Summit Shell Jacket,Apparel,Cascade Textiles,1,299.00,121.00,299.00,178.00,1042,Y
7818,2025-12-19,Boise,Inland,Avalanche Beacon,Snow,Nordvik Outdoor,1,399.00,178.00,399.00,221.00,1030,Y
7819,2025-12-19,Spokane,Inland,Backcountry Boot,Footwear,Fraser Valley Rubber,1,219.00,88.00,219.00,131.00,1053,Y
7820,2025-12-19,Bellingham,North Cascades,Backcountry Boot,Footwear,Fraser Valley Rubber,1,219.00,88.00,219.00,131.00,1026,Y
7821,2025-12-19,Portland Pearl,Willamette,Down Sweater,Apparel,Olympic Down Works,1,185.00,74.00,185.00,111.00,1005,Y
7822,2025-12-19,Bellingham,North Cascades,Trailhead Sleeping Pad,Camping,Sanko Technical,1,99.00,41.00,99.00,58.00,,N
7823,2025-12-19,Eugene,Willamette,Insulated Camp Bootie,Footwear,Andes Alpaca Co-op,3,59.00,22.00,177.00,111.00,1022,Y
7824,2025-12-19,Bellevue,Puget Sound,Backcountry Boot,Footwear,Fraser Valley Rubber,1,219.00,88.00,219.00,131.00,1041,Y
7825,2025-12-20,Bellevue,Puget Sound,Fleece Quarter-Zip,Apparel,Cascade Textiles,3,67.15,31.00,201.45,108.45,1028,Y
7826,2025-12-20,Bellevue,Puget Sound,Inflatable Kayak,Water,Fraser Valley Rubber,1,699.00,289.00,699.00,410.00,1005,Y
7827,2025-12-20,Boise,Inland,Insulated Camp Bootie,Footwear,Andes Alpaca Co-op,1,50.15,22.00,50.15,28.15,1041,Y
7828,2025-12-20,Boise,Inland,Fleece Quarter-Zip,Apparel,Cascade Textiles,1,67.15,31.00,67.15,36.15,,N
7829,2025-12-20,Spokane,Inland,Fleece Quarter-Zip,Apparel,Cascade Textiles,2,79.00,31.00,158.00,96.00,1021,Y
7830,2025-12-20,Eugene,Willamette,Down Sweater,Apparel,Olympic Down Works,1,185.00,74.00,185.00,111.00,1011,Y
7831,2025-12-20,Seattle Flagship,Puget Sound,Dynamic Rope 60m,Climbing,Nordvik Outdoor,1,239.00,98.00,239.00,141.00,1030,Y
7832,2025-12-21,Bellevue,Puget Sound,Basecamp 65L Pack,Camping,Olympic Down Works,1,229.00,96.00,229.00,133.00,1019,Y
7833,2025-12-21,Tacoma,Puget Sound,Alpaca Base Layer,Apparel,Andes Alpaca Co-op,2,78.00,29.00,156.00,98.00,1010,Y
7834,2025-12-21,Bellevue,Puget Sound,Headlamp 400,Camping,Sanko Technical,2,44.00,16.00,88.00,56.00,1018,Y
7835,2025-12-21,Portland Pearl,Willamette,Alpaca Base Layer,Apparel,Andes Alpaca Co-op,1,78.00,29.00,78.00,49.00,1024,Y
7836,2025-12-21,Seattle Flagship,Puget Sound,Touring Ski Package,Snow,Nordvik Outdoor,1,949.00,412.00,949.00,537.00,1043,Y
7837,2025-12-22,Bellevue,Puget Sound,Backcountry Boot,Footwear,Fraser Valley Rubber,1,219.00,88.00,219.00,131.00,1035,Y
7838,2025-12-22,Seattle Flagship,Puget Sound,Summit Shell Jacket,Apparel,Cascade Textiles,1,299.00,121.00,299.00,178.00,1007,Y
7839,2025-12-22,Bellingham,North Cascades,Summit Shell Jacket,Apparel,Cascade Textiles,1,299.00,121.00,299.00,178.00,1046,Y
7840,2025-12-22,Seattle Flagship,Puget Sound,Sun Hoody,Apparel,Cascade Textiles,3,62.00,24.00,186.00,114.00,1024,Y
7841,2025-12-22,Bellevue,Puget Sound,Paddle Carbon,Water,Sanko Technical,1,279.00,112.00,279.00,167.00,,N
7842,2025-12-22,Boise,Inland,PFD Vest,Water,Kitsap Forge,2,80.75,38.00,161.50,85.50,1043,Y
7843,2025-12-23,Tacoma,Puget Sound,Alpaca Base Layer,Apparel,Andes Alpaca Co-op,1,78.00,29.00,78.00,49.00,,N
7844,2025-12-23,Tacoma,Puget Sound,Backcountry Boot,Footwear,Fraser Valley Rubber,1,219.00,88.00,219.00,131.00,1040,Y
7845,2025-12-23,Bellingham,North Cascades,Snowshoe Kit,Snow,Kitsap Forge,1,179.00,76.00,179.00,103.00,,N
7846,2025-12-23,Boise,Inland,Insulated Camp Bootie,Footwear,Andes Alpaca Co-op,2,59.00,22.00,118.00,74.00,1018,Y
7847,2025-12-23,Portland Pearl,Willamette,Touring Ski Package,Snow,Nordvik Outdoor,1,949.00,412.00,949.00,537.00,1022,Y
7848,2025-12-23,Spokane,Inland,Trail Convertible Pant,Apparel,Cascade Textiles,2,89.00,36.00,178.00,106.00,1001,Y
7849,2025-12-24,Boise,Inland,Summit Shell Jacket,Apparel,Cascade Textiles,1,299.00,121.00,299.00,178.00,,N
7850,2025-12-24,Bellingham,North Cascades,Snowshoe Kit,Snow,Kitsap Forge,1,179.00,76.00,179.00,103.00,,N
7851,2025-12-24,Spokane,Inland,Avalanche Beacon,Snow,Nordvik Outdoor,1,399.00,178.00,399.00,221.00,1002,Y
7852,2025-12-24,Portland Pearl,Willamette,Touring Ski Package,Snow,Nordvik Outdoor,1,949.00,412.00,949.00,537.00,1030,Y
7853,2025-12-24,Portland Pearl,Willamette,Nimbus 0F Sleeping Bag,Camping,Olympic Down Works,1,339.00,138.00,339.00,201.00,1059,Y
7854,2025-12-24,Boise,Inland,Ski Skins,Snow,Nordvik Outdoor,2,199.00,84.00,398.00,230.00,1030,Y
7855,2025-12-25,Bellevue,Puget Sound,Trail Runner GTX,Footwear,Fraser Valley Rubber,1,149.00,61.00,149.00,88.00,,N
7856,2025-12-25,Portland Pearl,Willamette,Ski Skins,Snow,Nordvik Outdoor,2,199.00,84.00,398.00,230.00,1006,Y
7857,2025-12-25,Eugene,Willamette,Fleece Quarter-Zip,Apparel,Cascade Textiles,3,79.00,31.00,237.00,144.00,1010,Y
7858,2025-12-25,Seattle Flagship,Puget Sound,Avalanche Beacon,Snow,Nordvik Outdoor,1,399.00,178.00,399.00,221.00,,N
7859,2025-12-25,Boise,Inland,Backcountry Boot,Footwear,Fraser Valley Rubber,1,219.00,88.00,219.00,131.00,1058,Y
7860,2025-12-25,Spokane,Inland,Avalanche Beacon,Snow,Nordvik Outdoor,1,399.00,178.00,399.00,221.00,1043,Y
7861,2025-12-26,Portland Pearl,Willamette,Trail Runner GTX,Footwear,Fraser Valley Rubber,2,149.00,61.00,298.00,176.00,1024,Y
7862,2025-12-26,Portland Pearl,Willamette,Fleece Quarter-Zip,Apparel,Cascade Textiles,2,79.00,31.00,158.00,96.00,1046,Y
7863,2025-12-26,Boise,Inland,Alpaca Base Layer,Apparel,Andes Alpaca Co-op,2,66.30,29.00,132.60,74.60,1026,Y
7864,2025-12-26,Seattle Flagship,Puget Sound,Merino Hiking Socks,Apparel,Andes Alpaca Co-op,2,24.00,8.50,48.00,31.00,1041,Y
7865,2025-12-26,Bellevue,Puget Sound,Ski Skins,Snow,Nordvik Outdoor,2,199.00,84.00,398.00,230.00,1024,Y
7866,2025-12-26,Seattle Flagship,Puget Sound,Belay Device,Climbing,Kitsap Forge,1,49.00,19.00,49.00,30.00,1058,Y
7867,2025-12-27,Bellingham,North Cascades,Cascade Camp Stove,Camping,Kitsap Forge,1,84.00,34.00,84.00,50.00,,N
7868,2025-12-27,Seattle Flagship,Puget Sound,Avalanche Beacon,Snow,Nordvik Outdoor,1,399.00,178.00,399.00,221.00,1013,Y
7869,2025-12-27,Spokane,Inland,Touring Ski Package,Snow,Nordvik Outdoor,1,949.00,412.00,949.00,537.00,,N
7870,2025-12-27,Tacoma,Puget Sound,Down Sweater,Apparel,Olympic Down Works,2,157.25,74.00,314.50,166.50,1018,Y
7871,2025-12-28,Boise,Inland,Basecamp 65L Pack,Camping,Olympic Down Works,1,194.65,96.00,194.65,98.65,1038,Y
7872,2025-12-28,Spokane,Inland,Chalk Bag,Climbing,Kitsap Forge,1,26.00,9.00,26.00,17.00,1050,Y
7873,2025-12-28,Portland Pearl,Willamette,Chalk Bag,Climbing,Kitsap Forge,1,26.00,9.00,26.00,17.00,1019,Y
7874,2025-12-28,Seattle Flagship,Puget Sound,Headlamp 400,Camping,Sanko Technical,1,44.00,16.00,44.00,28.00,1044,Y
7875,2025-12-28,Seattle Flagship,Puget Sound,Vertex Climbing Harness,Climbing,Kitsap Forge,1,105.00,43.00,105.00,62.00,1024,Y
7876,2025-12-28,Eugene,Willamette,Alpaca Base Layer,Apparel,Andes Alpaca Co-op,2,78.00,29.00,156.00,98.00,,N
7877,2025-12-28,Spokane,Inland,Trail Runner GTX,Footwear,Fraser Valley Rubber,1,149.00,61.00,149.00,88.00,1053,Y
7878,2025-12-28,Spokane,Inland,Down Sweater,Apparel,Olympic Down Works,3,185.00,74.00,555.00,333.00,,N
7879,2025-12-28,Spokane,Inland,Avalanche Beacon,Snow,Nordvik Outdoor,1,399.00,178.00,399.00,221.00,1046,Y
7880,2025-12-29,Bellingham,North Cascades,Down Sweater,Apparel,Olympic Down Works,1,185.00,74.00,185.00,111.00,,N
7881,2025-12-29,Bellevue,Puget Sound,Insulated Camp Bootie,Footwear,Andes Alpaca Co-op,1,59.00,22.00,59.00,37.00,1052,Y
7882,2025-12-29,Boise,Inland,Touring Ski Package,Snow,Nordvik Outdoor,1,949.00,412.00,949.00,537.00,1003,Y
7883,2025-12-29,Spokane,Inland,Merino Hiking Socks,Apparel,Andes Alpaca Co-op,1,24.00,8.50,24.00,15.50,1020,Y
7884,2025-12-29,Bellevue,Puget Sound,Snowshoe Kit,Snow,Kitsap Forge,1,179.00,76.00,179.00,103.00,1022,Y
7885,2025-12-29,Boise,Inland,Merino Hiking Socks,Apparel,Andes Alpaca Co-op,2,24.00,8.50,48.00,31.00,1018,Y
7886,2025-12-29,Eugene,Willamette,Sun Hoody,Apparel,Cascade Textiles,1,62.00,24.00,62.00,38.00,1045,Y
7887,2025-12-29,Boise,Inland,Ski Skins,Snow,Nordvik Outdoor,1,199.00,84.00,199.00,115.00,1016,Y
7888,2025-12-30,Seattle Flagship,Puget Sound,Paddle Carbon,Water,Sanko Technical,1,237.15,112.00,237.15,125.15,1032,Y
7889,2025-12-30,Spokane,Inland,Nimbus 0F Sleeping Bag,Camping,Olympic Down Works,1,339.00,138.00,339.00,201.00,1052,Y
7890,2025-12-30,Portland Pearl,Willamette,Down Sweater,Apparel,Olympic Down Works,1,185.00,74.00,185.00,111.00,,N
7891,2025-12-30,Eugene,Willamette,Snowshoe Kit,Snow,Kitsap Forge,2,179.00,76.00,358.00,206.00,,N
7892,2025-12-30,Seattle Flagship,Puget Sound,Touring Ski Package,Snow,Nordvik Outdoor,1,949.00,412.00,949.00,537.00,1002,Y
7893,2025-12-30,Bellingham,North Cascades,Alpaca Base Layer,Apparel,Andes Alpaca Co-op,2,78.00,29.00,156.00,98.00,1058,Y
7894,2025-12-31,Tacoma,Puget Sound,Down Sweater,Apparel,Olympic Down Works,3,185.00,74.00,555.00,333.00,,N
7895,2025-12-31,Eugene,Willamette,Dynamic Rope 60m,Climbing,Nordvik Outdoor,1,239.00,98.00,239.00,141.00,1036,Y
7896,2025-12-31,Bellevue,Puget Sound,Trail Convertible Pant,Apparel,Cascade Textiles,1,89.00,36.00,89.00,53.00,1049,Y
7897,2025-12-31,Spokane,Inland,Alpaca Base Layer,Apparel,Andes Alpaca Co-op,3,66.30,29.00,198.90,111.90,1003,Y
7898,2025-12-31,Tacoma,Puget Sound,Chalk Bag,Climbing,Kitsap Forge,1,26.00,9.00,26.00,17.00,1057,Y
7899,2025-12-31,Eugene,Willamette,Chalk Bag,Climbing,Kitsap Forge,2,26.00,9.00,52.00,34.00,1059,Y
